{
  "resource_pack_name": "SMW",
  "texture_name": "atlas.items",
  "texture_data": {
    "mk18": {
      "textures": "textures/items/m4a1/m4a1"
    },
    "mk18_mag": {
      "textures": "textures/items/m4a1/m4a1_mag"
    },
    "m249": {
      "textures": "textures/items/mk4/mk4"
    },
    "m249_mag": {
      "textures": "textures/items/mk4/mk4_mag"
    },
    "taurus": {
      "textures": "textures/items/x16/x16"
    },
    "taurus_mag": {
      "textures": "textures/items/x16/x16_mag"
    },
    "mp5": {
      "textures": "textures/items/mp5/mp5"
    },
    "mp5_mag": {
      "textures": "textures/items/mp5/mp5_mag"
    },
    "p90": {
      "textures": "textures/items/asval/asval"
    },
    "p90_mag": {
      "textures": "textures/items/asval/asval_mag"
    },
    "ak47": {
      "textures": "textures/items/ak47/ak47"
    },
    "ak47_mag": {
      "textures": "textures/items/ak47/ak47_mag"
    }
  }
}
