{
	"format_version": "1.8.0",
	"animations": {
		"animation.m4a1_draw": {
			"loop": "hold_on_last_frame",
			"animation_length": 0.83333,
			"anim_time_update": "query.anim_time + query.delta_time * 1.5",
			"bones": {
				"rightArm": {
					"rotation": {
						"0.0": [102.5, 15, 175],
						"0.0833": [100, 12.42, 175],
						"0.125": [96.44, 8.76, 175],
						"0.2083": [93.24, 5.64, 175],
						"0.25": [91.02, 4.26, 175],
						"0.3333": [90.19, 4.88, 175],
						"0.375": [89.81, 5, 175],
						"0.4583": [89.97, 5, 175],
						"0.5": [90, 5, 175],
						"0.5417": [90, 5, 175],
						"0.5833": [90, 5, 175],
						"0.625": [90, 5, 175]
					},
					"position": {
						"0.0": [10.84, -8.34, 4],
						"0.0833": [10.97, -7.07, 5.01],
						"0.125": [11.15, -5.26, 6.44],
						"0.2083": [11.31, -3.68, 7.42],
						"0.25": [11.38, -2.82, 6.72],
						"0.3333": [11.35, -2.84, 4.46],
						"0.375": [11.34, -2.8, 3.74],
						"0.4583": [11.34, -2.83, 3.96],
						"0.5": [11.34, -2.84, 4],
						"0.5417": [11.34, -2.84, 4],
						"0.5833": [11.34, -2.84, 4],
						"0.625": [11.34, -2.84, 4]
					}
				},
				"leftArm": {
					"rotation": {
						"0.0": [57.5, 20, 220],
						"0.0833": [56.84, 20, 220],
						"0.125": [55.94, 20, 220],
						"0.2083": [54.57, 20, 220],
						"0.25": [52.5, 20, 220],
						"0.3333": [44.69, 20, 220],
						"0.375": [37.5, 20, 220],
						"0.4583": [37.15, 20, 220],
						"0.5": [37.5, 20, 220],
						"0.5417": [37.5, 20, 220],
						"0.5833": [37.5, 20, 220],
						"0.625": [37.5, 20, 220]
					},
					"position": {
						"0.0": [-11, -17.12, 6.25],
						"0.0833": [-9.91, -15.3, 8.28],
						"0.125": [-8.31, -12.62, 11.25],
						"0.2083": [-6.69, -9.95, 14.22],
						"0.25": [-5.5, -8.12, 16.25],
						"0.3333": [-4.66, -7.56, 16.88],
						"0.375": [-4.5, -8.12, 16.25],
						"0.4583": [-4.48, -8.12, 16.25],
						"0.5": [-4.5, -8.12, 16.25],
						"0.5417": [-4.5, -8.12, 16.25],
						"0.5833": [-4.5, -8.12, 16.25],
						"0.625": [-4.5, -8.12, 16.25]
					}
				},
				"root": {
					"position": [-2, 1, -2]
				},
				"waist": {
					"position": [0, -4.44, -3.25],
					"scale": 1.5
				},
				"M4a1": {
					"position": [2, 0, 0]
				},
				"body": {
					"position": [0, -1.25, -1.25]
				},
				"Stock": {
					"position": [1, 0, 0]
				},
				"A": {
					"position": [0, 0, 0]
				}
			},
			"sound_effects": {
				"0.0": {
					"effect": "m4a1_draw"
				}
			}
		},
		"animation.m4a1_draw2": {
			"loop": "hold_on_last_frame",
			"animation_length": 0.66667,
			"bones": {
				"rightArm": {
					"rotation": ["90+ variable.is_using_vr * 7.5", "5+ variable.is_using_vr * 7.5", "175 + variable.is_using_vr * -2.5"],
					"position": [11.34375, -2.84375, 4]
				},
				"leftArm": {
					"rotation": ["37.5+ variable.is_using_vr * 7.5", "20+ variable.is_using_vr * 7.5", "220+ variable.is_using_vr * -2.5"],
					"position": [-4.5, -8.125, 16.25]
				},
				"root": {
					"rotation": {
						"0.0": [-2.5, 0, -37.5],
						"0.1667": [25, 0, -37.5],
						"0.25": [25, -5, -37.5],
						"0.3333": [25, 0, -37.5],
						"0.4167": [25, 0, -37.5],
						"0.6667": [0, 0, 0]
					},
					"position": {
						"0.0": [8.5, -10.5, -24],
						"0.1667": [12, -7.5, 6],
						"0.25": [12, -7.5, 7],
						"0.3333": [12, -7.5, 7],
						"0.4167": [12, -7.5, 7],
						"0.6667": [-2, 1, -2]
					}
				},
				"waist": {
					"position": [0, -4.44, -3.25],
					"scale": 1.5
				},
				"M4a1": {
					"position": [2, 0, 0]
				},
				"body": {
					"position": [0, -1.25, -1.25]
				},
				"Stock": {
					"position": [1, 0, 0]
				},
				"A": {
					"position": [0, 0, 0]
				},
				"Chamber": {
					"rotation": {
						"0.2083": [0, 0, 0],
						"0.2917": [0, 0, 0]
					},
					"position": {
						"0.2083": [-2.5, 0, 0],
						"0.2917": [0, 0, 0]
					}
				}
			},
			"sound_effects": {
				"0.0": {
					"effect": "m4a1_raise"
				},
				"0.15": {
					"effect": "m4a1_release"
				},
				"0.4": {
					"effect": "m4a1_raise"
				},
				"0.5": {
					"effect": "m4a1_regrip"
				}
			}
		},
		"animation.m4a1_draw3": {
			"loop": "hold_on_last_frame",
			"animation_length": 0.79167,
			"anim_time_update": "query.anim_time + query.delta_time * 0.8",
			"bones": {
				"rightArm": {
					"rotation": {
						"0.0": ["90+ variable.is_using_vr * 7.5", "5+ variable.is_using_vr * 7.5", "175 + variable.is_using_vr * -2.5"],
						"0.1667": ["75+ variable.is_using_vr * 7.5", "5+ variable.is_using_vr * 7.5", "175 + variable.is_using_vr * -2.5"],
						"0.5": ["75+ variable.is_using_vr * 7.5", "5+ variable.is_using_vr * 7.5", "175 + variable.is_using_vr * -2.5"],
						"0.6667": ["90+ variable.is_using_vr * 7.5", "5+ variable.is_using_vr * 7.5", "175 + variable.is_using_vr * -2.5"]
					},
					"position": {
						"0.0": [11.34375, -2.84375, 4],
						"0.1667": [11.34, -2.34, -0.5],
						"0.25": [11.34, -2.34, -2.5],
						"0.2917": [11.51, -2.67, -2.67],
						"0.3333": [11.68, -3, -2.59],
						"0.375": [11.84, -3.34, -1.5],
						"0.5": [11.84, -3.34, -1.5],
						"0.6667": [11.34375, -2.84375, 4]
					}
				},
				"leftArm": {
					"rotation": {
						"0.0": ["37.5+ variable.is_using_vr * 7.5", "20+ variable.is_using_vr * 7.5", "220+ variable.is_using_vr * -2.5"],
						"0.2083": ["37.5+ variable.is_using_vr * 7.5", "20+ variable.is_using_vr * 7.5", "220+ variable.is_using_vr * -2.5"],
						"0.2917": ["37.5+ variable.is_using_vr * 7.5", "20+ variable.is_using_vr * 7.5", "217.5+ variable.is_using_vr * -2.5"],
						"0.375": ["37.5+ variable.is_using_vr * 7.5", "20+ variable.is_using_vr * 7.5", "217.5+ variable.is_using_vr * -2.5"],
						"0.5833": ["37.5+ variable.is_using_vr * 7.5", "20+ variable.is_using_vr * 7.5", "217.5+ variable.is_using_vr * -2.5"],
						"0.75": ["37.5+ variable.is_using_vr * 7.5", "20+ variable.is_using_vr * 7.5", "220+ variable.is_using_vr * -2.5"]
					},
					"position": {
						"0.0": [-4.5, -8.125, 16.25],
						"0.2083": [-4.5, -8.12, 16.25],
						"0.2917": [-4.5, -7.90125, 15.75],
						"0.3333": [-4.5, -8.12, 14.75],
						"0.375": [-4.5, -8.4325, 15.15625],
						"0.4167": [-4.5, -8.4325, 15.15625],
						"0.4583": [-4.5, -8.4325, 15.15625],
						"0.5": [-4.5, -7.87, 15.15625],
						"0.5417": [-4.5, -8.4325, 15.15625],
						"0.5833": [-4.5, -8.4325, 15.15625],
						"0.75": [-4.5, -8.125, 16.25]
					}
				},
				"root": {
					"position": [-2, 1, -2]
				},
				"waist": {
					"rotation": {
						"0.0": [0, 0, 0],
						"0.125": [0, 0, 0],
						"0.2083": [1.5, 0, 0],
						"0.2917": [0, 0, 0],
						"0.375": [0, 0, 0],
						"0.4167": [-2.5, 0, 0],
						"0.4583": [0, 0, 0]
					},
					"position": {
						"0.0": [0, -4.44, -3.25],
						"0.125": [0, -4.44, -1.72],
						"0.2083": [0, -4.44, -0.75],
						"0.2917": [0, -4.44, -0.75],
						"0.375": [0, -4.44, -0.75],
						"0.4167": [0, -3.94, -0.75],
						"0.4583": [0, -4.44, -0.75],
						"0.5417": [0, -4.44, -0.75],
						"0.75": [0, -4.44, -3.25]
					},
					"scale": 1.5
				},
				"M4a1": {
					"rotation": {
						"0.0": [0, 0, 0],
						"0.1667": [0, -15, 0],
						"0.4583": [0, -15, 0],
						"0.5417": [0, -12.5, 0],
						"0.75": [0, 0, 0]
					},
					"position": {
						"0.0": [2, 0, 0],
						"0.1667": [2, 1.6875, 0.4375],
						"0.25": [2, -0.5, 0.875],
						"0.2917": [2, -0.5, 0.3125],
						"0.375": [2.5, 1, -0.0625],
						"0.4167": [2.5, 1, -0.1875],
						"0.4583": [2.5, 1, -0.1875],
						"0.5": [2.5, 0.78125, -0.1875],
						"0.5417": [2.5, 1, -0.67],
						"0.75": [2, 0, 0]
					}
				},
				"body": {
					"rotation": {
						"0.0": [-55, 0, 0],
						"0.1667": [20, 17.5, -42.5],
						"0.375": [20, 17.5, -42.5],
						"0.5833": [20, 17.5, -42.5],
						"0.75": [0, 0, 0]
					},
					"position": {
						"0.0": [0, -0.25, -1.25],
						"0.1667": [-1.15625, -8.25, 0.625],
						"0.375": [-1.15625, -8.25, 0.625],
						"0.5833": [-1.15625, -8.25, 0.625],
						"0.625": [-1, -6.5, -1.25],
						"0.6667": [-1.17, -4.75, -1.25],
						"0.75": [0, -1.25, -1.25]
					}
				},
				"Stock": {
					"position": [1, 0, 0]
				},
				"A": {
					"position": [0, 0, 0]
				},
				"Charginghandle": {
					"position": {
						"0.1667": [0, 0, 0],
						"0.25": [-3, 0, 0],
						"0.2917": [0, 0, 0]
					}
				}
			},
			"sound_effects": {
				"0.0": {
					"effect": "m4a1_raise2"
				},
				"0.25": {
					"effect": "m4a1_pullback"
				},
				"0.36": {
					"effect": "m4a1_release"
				},
				"0.625": {
					"effect": "m4a1_regrip"
				}
			}
		},
		"animation.m4a1_cooldown": {
			"loop": "hold_on_last_frame",
			"animation_length": 0.2,
			"bones": {
				"rightArm": {
					"rotation": ["90+ variable.is_using_vr * 7.5", "5+ variable.is_using_vr * 7.5", "175 + variable.is_using_vr * -2.5"],
					"position": [11.34375, -2.84375, 4]
				},
				"leftArm": {
					"rotation": ["37.5+ variable.is_using_vr * 7.5", "20+ variable.is_using_vr * 7.5", "220+ variable.is_using_vr * -2.5"],
					"position": [-4.5, -8.125, 16.25]
				},
				"root": {
					"position": [-2, 1, -2]
				},
				"waist": {
					"position": [0, -4.44, -3.25],
					"scale": 1.5
				},
				"M4a1": {
					"position": [2, 0, 0]
				},
				"body": {
					"position": [0, -1.25, -1.25]
				},
				"Stock": {
					"position": [1, 0, 0]
				},
				"A": {
					"position": [0, 0, 0]
				}
			}
		},
		"animation.m4a1_hold": {
			"loop": true,
			"bones": {
				"rightArm": {
					"rotation": ["90+ variable.is_using_vr * 7.5", "5+ variable.is_using_vr * 7.5", "175 + variable.is_using_vr * -2.5"],
					"position": [11.34375, -2.84375, 4]
				},
				"leftArm": {
					"rotation": ["37.5+ variable.is_using_vr * 7.5", "20+ variable.is_using_vr * 7.5", "220+ variable.is_using_vr * -2.5"],
					"position": [-4.5, -8.125, 16.25]
				},
				"root": {
					"position": [-2, 1, -2]
				},
				"waist": {
					"position": [0, -4.44, -3.25],
					"scale": 1.5
				},
				"M4a1": {
					"position": [2, 0, 0]
				},
				"body": {
					"position": [0, -1.25, -1.25]
				},
				"Stock": {
					"position": [1, 0, 0]
				},
				"A": {
					"position": [0, 0, 0]
				}
			}
		},
		"animation.m4a1_shoot1": {
			"loop": "hold_on_last_frame",
			"animation_length": 0.125,
       "anim_time_update": "query.anim_time + query.delta_time * 0.9",
			"bones": {
				"rightArm": {
					"rotation": ["90+ variable.is_using_vr * 7.5", "5+ variable.is_using_vr * 7.5", "175 + variable.is_using_vr * -2.5"],
					"position": [11.34375, -2.84375, 4]
				},
				"leftArm": {
					"rotation": ["37.5+ variable.is_using_vr * 7.5", "20+ variable.is_using_vr * 7.5", "220+ variable.is_using_vr * -2.5"],
					"position": [-4.5, -8.125, 16.25]
				},
				"root": {
					"rotation": {
						"0.0": [0, 0, 0],
						"0.125": [2.5, 0, 0]
					},
					"position": {
						"0.0": [-2, 1, -2],
						"0.125": [-2, 0.5, -5]
					}
				},
				"waist": {
					"position": [0, -4.44, -3.25],
					"scale": 1.5
				},
				"M4a1": {
					"position": [2, 0, 0]
				},
				"body": {
					"position": [0, -1.25, -1.25]
				},
				"Stock": {
					"position": [1, 0, 0]
				},
				"A": {
					"position": [0, 0, 0]
				}
			}
		},
		"animation.m4a1_shoot2": {
			"loop": true,
			"animation_length": 0.5,
			"anim_time_update": "query.anim_time + query.delta_time * 5.0",
			"bones": {
				"rightArm": {
					"rotation": ["90+ variable.is_using_vr * 7.5", "5+ variable.is_using_vr * 7.5", "175 + variable.is_using_vr * -2.5"],
					"position": [11.34375, -2.84375, 4]
				},
				"leftArm": {
					"rotation": ["37.5+ variable.is_using_vr * 7.5", "20+ variable.is_using_vr * 7.5", "220+ variable.is_using_vr * -2.5"],
					"position": [-4.5, -8.125, 16.25]
				},
				"root": {
					"rotation": {
						"0.0": [2.5, 0, 0],
						"0.125": [2.5, 0, 0],
						"0.25": [2.5, 0, 0],
						"0.375": [2.5, 0, 0],
						"0.5": [2.5, 0, 0]
					},
					"position": {
						"0.0": [-2, 0.5, -5],
						"0.125": [-2, 0.5, -4.45],
						"0.25": [-2, 0.5, -5.625],
						"0.375": [-2, 0.5, -4.95],
						"0.5": [-2, 0.5, -5]
					}
				},
				"waist": {
					"position": [0, -4.44, -3.25],
					"scale": 1.5
				},
				"M4a1": {
					"position": [2, 0, 0]
				},
				"body": {
					"position": [0, -1.25, -1.25]
				},
				"Stock": {
					"position": [1, 0, 0]
				},
				"A": {
					"position": [0, 0, 0]
				},
				"Flash1": {
					"position": {
						"0.0": [3.75, -12.5, 0],
						"0.0625": [3.75, -12.5, 0],
						"0.125": [-1, 13.5, 0.5],
						"0.1875": [-1, 13.5, 0.5],
						"0.25": [-1, 13.5, 0.5]
					},
					"scale": {
						"0.0": [1, 1.6, 1.45],
						"0.0625": [1, 1.6, 1.45],
						"0.125": [1, 0.375, 0.375],
						"0.1875": [1, 0.375, 0.375],
						"0.25": [1, 0.375, 0.375]
					}
				},
				"Flash2": {
					"position": {
						"0.0": [-1, 5.75, 0.5],
						"0.0625": [-1, 5.75, 0.5],
						"0.125": [3.75, -30.5, -0.5],
						"0.1875": [3.75, -30.5, -0.5],
						"0.25": [3.75, -30.5, -0.5],
						"0.3125": [3.75, -30.5, -0.5],
						"0.375": [-1, 5.75, 0.5],
						"0.4375": [-1, 5.75, 0.5]
					},
					"scale": {
						"0.0": [1, 0.725, 0.125],
						"0.0625": [1, 0.725, 0.125],
						"0.125": [1, 2.425, 2.325],
						"0.1875": [1, 2.425, 2.325],
						"0.25": [1, 2.425, 2.325],
						"0.3125": [1, 2.425, 2.325],
						"0.375": [1, 0.725, 0.125],
						"0.4375": [1, 0.725, 0.125]
					}
				},
				"Flash3": {
					"position": {
						"0.375": [-4.25, 8.75, 0],
						"0.4375": [3.75, -12.5, 0]
					},
					"scale": {
						"0.375": [1, 0.575, 0.325],
						"0.4375": [1, 1.6, 1.45]
					}
				},
				"Chamber": {
					"position": {
						"0.0": [-2.1, 0, 0],
						"0.1875": [0, 0, 0],
						"0.25": [-2.25, 0, 0],
						"0.375": [-2.23, 0, 0],
						"0.4375": [0, 0, 0]
					}
				},
				"Bullet": {
					"rotation": {
						"0.0": [0, 0, 0],
						"0.0625": [30.5, 0, -33.25],
						"0.125": [249.75, 0, -33.25],
						"0.1875": [30.5, 0, -33.25],
						"0.25": [100.5, 0, -33.25],
						"0.3125": [233, 0, -33.25],
						"0.375": [0, 0, 0]
					},
					"position": {
						"0.0": [0, 0, 0],
						"0.0625": [0, 0, -0.55],
						"0.125": [-0.83, 1, -2.9],
						"0.1875": [0, 0, -0.55],
						"0.25": [0, 1, -2.05],
						"0.3125": [1.5, 1.5, -4.05],
						"0.375": [0, 0, 0]
					}
				}
			},
			"sound_effects": {
				"0.0": {
					"effect": "m4a1_shoot"
				}
			}
		},
		"animation.m4a1_shoot3": {
			"loop": "hold_on_last_frame",
			"animation_length": 0.125,
			"anim_time_update": "query.anim_time + query.delta_time * 0.7",
			"bones": {
				"rightArm": {
					"rotation": ["90+ variable.is_using_vr * 7.5", "5+ variable.is_using_vr * 7.5", "175 + variable.is_using_vr * -2.5"],
					"position": [11.34375, -2.84375, 4]
				},
				"leftArm": {
					"rotation": ["37.5+ variable.is_using_vr * 7.5", "20+ variable.is_using_vr * 7.5", "220+ variable.is_using_vr * -2.5"],
					"position": [-4.5, -8.125, 16.25]
				},
				"root": {
					"rotation": {
						"0.0": [2.5, 0, 0],
						"0.125": [0, 0, 0]
					},
					"position": {
						"0.0": [-2, 0.5, -5],
						"0.125": [-2, 1, -2]
					}
				},
				"waist": {
					"position": [0, -4.44, -3.25],
					"scale": 1.5
				},
				"M4a1": {
					"position": [2, 0, 0]
				},
				"body": {
					"position": [0, -1.25, -1.25]
				},
				"Stock": {
					"position": [1, 0, 0]
				},
				"A": {
					"position": [0, 0, 0]
				}
			},
			"sound_effects": {
				"0.0": {
					"effect": "m4a1_shoot"
				}
			}
		},
		"animation.m4a1_sprint01": {
			"loop": "hold_on_last_frame",
			"animation_length": 0.25,
			"bones": {
				"rightArm": {
					"rotation": {
						"0.0": ["90+ variable.is_using_vr * 7.5", "5+ variable.is_using_vr * 7.5", "175 + variable.is_using_vr * -2.5"],
						"0.25": ["90+ variable.is_using_vr * 7.5", "35+ variable.is_using_vr * 7.5", "135 + variable.is_using_vr * -2.5"]
					},
					"position": {
						"0.0": [11.34375, -2.84375, 4],
						"0.25": [11.34375, -2.84375, 8]
					}
				},
				"leftArm": {
					"rotation": {
						"0.0": ["37.5+ variable.is_using_vr * 7.5", "20+ variable.is_using_vr * 7.5", "220+ variable.is_using_vr * -2.5"],
						"0.25": ["37.5+ variable.is_using_vr * 7.5", "20+ variable.is_using_vr * 7.5", "200+ variable.is_using_vr * -2.5"]
					},
					"position": {
						"0.0": [-4.5, -8.125, 16.25],
						"0.25": [-9, -16.125, 15.75]
					}
				},
				"root": {
					"position": [-2, 1, -2]
				},
				"waist": {
					"position": [0, -4.44, -3.25],
					"scale": 1.5
				},
				"M4a1": {
					"position": [2, 0, 0]
				},
				"body": {
					"position": [0, -1.25, -1.25]
				},
				"Stock": {
					"position": [1, 0, 0]
				},
				"A": {
					"position": [0, 0, 0]
				}
			},
			"sound_effects": {
				"0.0": {
					"effect": "m4a1_raise"
				}
			}
		},
		"animation.m4a1_sprint02": {
			"loop": "hold_on_last_frame",
			"animation_length": 5,
			"bones": {
				"rightArm": {
					"rotation": ["90+ variable.is_using_vr * 7.5", "35+ variable.is_using_vr * 7.5", "135 + variable.is_using_vr * -2.5"],
					"position": [11.34375, -2.84375, 8]
				},
				"leftArm": {
					"rotation": ["37.5+ variable.is_using_vr * 7.5", "20+ variable.is_using_vr * 7.5", "200+ variable.is_using_vr * -2.5"],
					"position": [-9, -16.125, 15.75]
				},
				"root": {
					"position": [-2, 1, -2]
				},
				"waist": {
					"position": [0, -4.44, -3.25],
					"scale": 1.5
				},
				"M4a1": {
					"position": [2, 0, 0]
				},
				"body": {
					"position": [0, -1.25, -1.25]
				},
				"Stock": {
					"position": [1, 0, 0]
				},
				"A": {
					"position": [0, 0, 0]
				},
				"Flash1": {
					"position": [0, -99999, 0]
				},
				"Flash2": {
					"position": [0, -99999, 0]
				},
				"Flash3": {
					"position": [0, -99999, 0]
				}
			}
		},
		"animation.m4a1_sprint03": {
			"loop": "hold_on_last_frame",
			"animation_length": 0.25,
			"bones": {
				"rightArm": {
					"rotation": {
						"0.0": ["90+ variable.is_using_vr * 7.5", "35+ variable.is_using_vr * 7.5", "135 + variable.is_using_vr * -2.5"],
						"0.25": ["90+ variable.is_using_vr * 7.5", "5+ variable.is_using_vr * 7.5", "175 + variable.is_using_vr * -2.5"]
					},
					"position": {
						"0.0": [11.34375, -2.84375, 8],
						"0.25": [11.34375, -2.84375, 4]
					}
				},
				"leftArm": {
					"rotation": {
						"0.0": ["37.5+ variable.is_using_vr * 7.5", "20+ variable.is_using_vr * 7.5", "200+ variable.is_using_vr * -2.5"], 
						"0.25": ["37.5+ variable.is_using_vr * 7.5", "20+ variable.is_using_vr * 7.5", "220+ variable.is_using_vr * -2.5"]
					},
					"position": {
						"0.0": [-9, -16.125, 15.75],
						"0.25": [-4.5, -8.125, 16.25]
					}
				},
				"root": {
					"position": [-2, 1, -2]
				},
				"waist": {
					"position": [0, -4.44, -3.25],
					"scale": 1.5
				},
				"M4a1": {
					"position": [2, 0, 0]
				},
				"body": {
					"position": [0, -1.25, -1.25]
				},
				"Stock": {
					"position": [1, 0, 0]
				},
				"A": {
					"position": [0, 0, 0]
				}
			},
			"sound_effects": {
				"0.0": {
					"effect": "m4a1_regrip"
				}
			}
		},
		"animation.m4a1_sprint1": {
			"loop": "hold_on_last_frame",
			"animation_length": 0.1667,
			"anim_time_update": "query.anim_time + query.delta_time * 0.5",
			"bones": {
				"rightArm": {
					"rotation": {
						"0.0": ["90+ variable.is_using_vr * 7.5", "35+ variable.is_using_vr * 7.5", "135 + variable.is_using_vr * -2.5"],
						"0.1667": ["37.5+ variable.is_using_vr * 7.5", "7.5+ variable.is_using_vr * 7.5", "175 + variable.is_using_vr * -2.5"]
					},
					"position": {
						"0.0": [11.34375, -2.84375, 8],
						"0.1667": [14.59, -7.34, 9]
					}
				},
				"leftArm": {
					"rotation": {
						"0.0": ["37.5+ variable.is_using_vr * 7.5", "20+ variable.is_using_vr * 7.5", "200+ variable.is_using_vr * -2.5"],
						"0.1667": ["37.5+ variable.is_using_vr * 7.5", "-12.5+ variable.is_using_vr * 7.5", "192.5+ variable.is_using_vr * -2.5"]
					},
					"position": {
						"0.0": [-9, -16.125, 15.75],
						"0.1667": [-4.5, -21.62, 8.5]
					}
				},
				"root": {
					"position": [-2, 1, -2]
				},
				"waist": {
					"position": [0, -4.44, -3.25],
					"scale": 1.5
				},
				"M4a1": {
					"position": [2, 0, 0]
				},
				"body": {
					"position": [0, -1.25, -1.25]
				},
				"Stock": {
					"position": [1, 0, 0]
				},
				"A": {
					"position": [0, 0, 0]
				}
			},
			"sound_effects": {
				"0.0": {
					"effect": "m4a1_raise"
				}
       }
		},
		"animation.m4a1_sprint2": {
			"loop": true,
			"animation_length": 0.33333,
			"anim_time_update": "query.anim_time + query.delta_time * 0.7",
			"start_delay": "0",
			"loop_delay": "0",
			"bones": {
				"rightArm": {
					"rotation": {
						"0.0": ["37.5+ variable.is_using_vr * 7.5", "7.5+ variable.is_using_vr * 7.5", "175 + variable.is_using_vr * -2.5"],
						"0.1667": ["37.5+ variable.is_using_vr * 7.5", " variable.is_using_vr * 7.5", "175 + variable.is_using_vr * -2.5"],
						"0.3333": ["37.5+ variable.is_using_vr * 7.5", "7.5+ variable.is_using_vr * 7.5", "175 + variable.is_using_vr * -2.5"]
					},
					"position": {
						"0.0": [14.59, -7.34, 9],
						"0.1667": [14.84, -8.34, 10],
						"0.3333": [14.59, -7.34, 9]
					}
				},
				"leftArm": {
					"rotation": {
						"0.0": ["50+ variable.is_using_vr * 7.5", "-12.5+ variable.is_using_vr * 7.5", "192.5+ variable.is_using_vr * -2.5"],
						"0.1667": ["37.5+ variable.is_using_vr * 7.5", "-12.5+ variable.is_using_vr * 7.5", "192.5+ variable.is_using_vr * -2.5"],
						"0.3333": ["50+ variable.is_using_vr * 7.5", "-12.5+ variable.is_using_vr * 7.5", "192.5+ variable.is_using_vr * -2.5"]
					},
					"position": {
						"0.0": [-16, -15.12, 8.5],
						"0.1667": [-14.5, -9.79, 10.68],
						"0.3333": [-16, -15.12, 8.5]
					}
				},
				"root": {
					"position": [-2, 1, -2]
				},
				"waist": {
					"position": [0, -4.44, -3.25],
					"scale": 1.5
				},
				"M4a1": {
					"position": [2, 0, 0]
				},
				"body": {
					"position": [0, -1.25, -1.25]
				},
				"Stock": {
					"position": [1, 0, 0]
				},
				"A": {
					"position": [0, 0, 0]
				}
			}
		},
		"animation.m4a1_sprint3": {
			"loop": "hold_on_last_frame",
			"animation_length": 0.1667,
			"anim_time_update": "query.anim_time + query.delta_time * 0.5",
			"bones": {
				"rightArm": {
					"rotation": {
						"0.0": ["37.5+ variable.is_using_vr * 7.5", "7.5+ variable.is_using_vr * 7.5", "175 + variable.is_using_vr * -2.5"],
						"0.1667": ["90+ variable.is_using_vr * 7.5", "5+ variable.is_using_vr * 7.5", "175 + variable.is_using_vr * -2.5"]
					},
					"position": {
						"0.0": [14.59, -7.34, 9],
						"0.1667": [11.34, -2.84, 4]
					}
				},
				"leftArm": {
					"rotation": {
						"0.0": ["37.5+ variable.is_using_vr * 7.5", "-12.5+ variable.is_using_vr * 7.5", "192.5+ variable.is_using_vr * -2.5"],
						"0.1667": ["37.5+ variable.is_using_vr * 7.5", "20+ variable.is_using_vr * 7.5", "220+ variable.is_using_vr * -2.5"]
					},
					"position": {
						"0.0": [-4.5, -21.62, 8.5],
						"0.06": [-4.5, -16.12, 16.25],
						"0.1667": [-4.5, -8.125, 16.25]
					}
				},
				"root": {
					"position": [-2, 1, -2]
				},
				"waist": {
					"position": [0, -4.44, -3.25],
					"scale": 1.5
				},
				"M4a1": {
					"position": [2, 0, 0]
				},
				"body": {
					"position": [0, -1.25, -1.25]
				},
				"Stock": {
					"position": [1, 0, 0]
				},
				"A": {
					"position": [0, 0, 0]
				}
			},
			"sound_effects": {
				"0.0": {
					"effect": "m4a1_regrip"
				}
       }
		},
		"animation.m4a1_sprint3_cancel": {
			"loop": "hold_on_last_frame",
			"animation_length": 0.1667,
			"anim_time_update": "query.anim_time + query.delta_time * 0.5",
			"bones": {
				"rightArm": {
					"rotation": {
						"0.0": ["90+ variable.is_using_vr * 7.5", "5+ variable.is_using_vr * 7.5", "175 + variable.is_using_vr * -2.5"],
						"0.1667": ["37.5+ variable.is_using_vr * 7.5", "7.5+ variable.is_using_vr * 7.5", "175 + variable.is_using_vr * -2.5"]
					},
					"position": {
						"0.0": [11.34375, -2.84375, 4],
						"0.1667": [14.59, -7.34, 9]
					}
				},
				"leftArm": {
					"rotation": {
						"0.0": ["37.5+ variable.is_using_vr * 7.5", "20+ variable.is_using_vr * 7.5", "220+ variable.is_using_vr * -2.5"],
						"0.1667": ["37.5+ variable.is_using_vr * 7.5", "-12.5+ variable.is_using_vr * 7.5", "192.5+ variable.is_using_vr * -2.5"]
					},
					"position": {
						"0.0": [-4.5, -8.125, 16.25],
						"0.1667": [-4.5, -21.62, 8.5]
					}
				},
				"root": {
					"position": [-2, 1, -2]
				},
				"waist": {
					"position": [0, -4.44, -3.25],
					"scale": 1.5
				},
				"M4a1": {
					"position": [2, 0, 0]
				},
				"body": {
					"position": [0, -1.25, -1.25]
				},
				"Stock": {
					"position": [1, 0, 0]
				},
				"A": {
					"position": [0, 0, 0]
				}
			},
			"sound_effects": {
				"0.0": {
					"effect": "m4a1_raise"
				}
			}
		},
		"animation.m4a1_reload": {
			"loop": "hold_on_last_frame",
			"animation_length": 2,
			"bones": {
				"rightArm": {
					"rotation": {
						"0.0": [90, 5, 175],
						"0.0833": [90, 1.54, 156.52],
						"0.125": [90, -2.97, 132.64],
						"0.1667": [90, -5, 122.5],
						"0.2083": [90, -5.4, 120.89],
						"0.25": [90, -5.72, 121.9],
						"0.3333": [90, -5.31, 126.96],
						"0.375": [90, -5, 130],
						"0.4583": [90.14, -5.18, 128.42],
						"0.5": [90.44, -5.55, 124.88],
						"0.5833": [90.69, -5.87, 121.22],
						"0.625": [90.7, -5.88, 119.28],
						"0.7083": [90.27, -5.34, 120.87],
						"0.75": [88.8, -3.5, 130.49],
						"0.8333": [86.04, -0.04, 149.72],
						"0.875": [82.96, 3.8, 171.48],
						"0.9583": [80.52, 6.86, 188.87],
						"1.0": [79.51, 8.06, 195.67],
						"1.0833": [79, 8.48, 198.06],
						"1.125": [78.77, 8.49, 198.26],
						"1.2083": [78.81, 8.26, 197.01],
						"1.25": [79.14, 7.91, 195.02],
						"1.3333": [79.74, 7.58, 193.04],
						"1.375": [80.57, 7.36, 191.5],
						"1.4583": [81.79, 7.05, 189.36],
						"1.5": [83.32, 6.67, 186.69],
						"1.5833": [85, 6.25, 183.75],
						"1.625": [86.68, 5.83, 180.81],
						"1.7083": [88.21, 5.45, 178.14],
						"1.75": [89.43, 5.14, 176],
						"1.7917": [90, 5, 175]
					},
					"position": {
						"0.0": [11.34, -2.84, 4],
						"0.0833": [11.32, -2.4, 4],
						"0.125": [11.31, -1.83, 4],
						"0.1667": [11.34, -1.59, 4],
						"0.2083": [11.41, -1.55, 4],
						"0.25": [11.73, -1.74, 4],
						"0.2917": [11.84, -1.84, 4],
						"0.3333": [11.81, -1.82, 4],
						"0.375": [11.51, -1.67, 4],
						"0.4167": [11.34, -1.59, 4],
						"0.4583": [11.32, -1.56, 4],
						"0.5": [11.34, -1.37, 4],
						"0.5833": [11.36, -1.43, 4],
						"0.625": [11.3, -1.83, 4],
						"0.7083": [11.22, -2.35, 4],
						"0.75": [11.12, -2.99, 4],
						"0.8333": [11.02, -3.66, 4],
						"0.875": [10.93, -4.27, 4],
						"0.9583": [10.86, -4.74, 4],
						"1.0": [10.82, -4.99, 4],
						"1.0833": [10.79, -5.13, 4],
						"1.125": [10.78, -5.17, 4],
						"1.2083": [10.78, -5.14, 4],
						"1.25": [10.8, -5.04, 4],
						"1.3333": [10.83, -4.89, 4],
						"1.375": [10.87, -4.73, 4],
						"1.4583": [10.93, -4.48, 4],
						"1.5": [11.01, -4.18, 4],
						"1.5833": [11.09, -3.84, 4],
						"1.625": [11.18, -3.51, 4],
						"1.7083": [11.25, -3.2, 4],
						"1.75": [11.31, -2.96, 4],
						"1.7917": [11.34, -2.84, 4]
					}
				},
				"leftArm": {
					"rotation": {
						"0.0": [37.5, 20, 220],
						"0.0833": [28.65, 20, 220],
						"0.125": [13.93, 20, 220],
						"0.2083": [5.08, 20, 220],
						"0.25": [-9.64, 20, 220],
						"0.2917": [-17.5, 20, 220],
						"0.3333": [-18.24, 20, 220],
						"0.375": [-22.3, 20, 220],
						"0.4583": [-23.58, 20, 220],
						"0.5": [-24.33, 20, 220],
						"0.5833": [-23.68, 20, 220],
						"0.625": [-21.64, 20, 220],
						"0.6667": [-19.98, 20, 220],
						"0.7083": [-12.01, 20, 220],
						"0.75": [18.17, 20, 220],
						"0.8333": [21.63, 20, 220],
						"0.875": [27.09, 20, 220],
						"0.9583": [29.99, 20, 220],
						"1.0": [34.25, 20, 220],
						"1.0833": [36.19, 20, 220],
						"1.125": [38.8, 20, 220],
						"1.2083": [39.03, 20, 220],
						"1.25": [38.33, 20, 220],
						"1.3333": [37.71, 19.12, 218.42],
						"1.375": [37.52, 22.25, 224.57],
						"1.4583": [37.54, 27.26, 234.72],
						"1.5": [37.57, 32.5, 242.5],
						"1.5833": [37.57, 38.84, 245.14],
						"1.625": [37.57, 44.51, 244.61],
						"1.6667": [37.57, 45, 242.5],
						"1.7083": [37.57, 44.15, 241.34],
						"1.75": [37.55, 38.52, 235.83],
						"1.8333": [37.53, 30.54, 228.92],
						"1.875": [37.51, 23.15, 222.71],
						"1.9167": [37.5, 20, 220]
					},
					"position": {
						"0.0": [-4.5, -8.12, 16.25],
						"0.0833": [-6.35, -9.65, 15.53],
						"0.125": [-9.43, -12.19, 14.32],
						"0.2083": [-11.28, -13.72, 13.6],
						"0.25": [-14.36, -16.26, 12.39],
						"0.2917": [-16, -17.62, 11.75],
						"0.3333": [-16.15, -17.74, 11.7],
						"0.375": [-16.86, -18.32, 11.44],
						"0.4583": [-16.99, -18.42, 11.42],
						"0.5": [-16.93, -18.36, 11.49],
						"0.5833": [-16.76, -18.22, 11.58],
						"0.625": [-16.52, -18, 11.71],
						"0.6667": [-16.47, -17.96, 11.73],
						"0.7083": [-16.55, -18.01, 11.74],
						"0.75": [-15.16, -16.97, 11.74],
						"0.8333": [-13.79, -15.88, 11.72],
						"0.875": [-11.37, -14.09, 11.71],
						"0.9167": [-10.29, -13.47, 11.75],
						"0.9583": [-9.77, -13.36, 11.81],
						"1.0": [-6.91, -13.54, 12.38],
						"1.0833": [-5.26, -12.09, 12.76],
						"1.125": [-4.09, -11.01, 13],
						"1.2083": [-4.06, -11.08, 12.91],
						"1.25": [-4.13, -11.25, 12.78],
						"1.3333": [-3.79, -11.48, 12.9],
						"1.375": [-5.53, -10.51, 12.79],
						"1.4583": [-8.38, -8.93, 12.55],
						"1.5": [-10.23, -7.72, 12.39],
						"1.5833": [-9.75, -7.45, 12.28],
						"1.625": [-8.17, -7.61, 12.32],
						"1.6667": [-7.23, -7.72, 12.64],
						"1.7083": [-6.98, -7.74, 12.83],
						"1.75": [-6.2, -7.84, 13.73],
						"1.8333": [-5.43, -7.96, 14.83],
						"1.875": [-4.79, -8.07, 15.82],
						"1.9167": [-4.5, -8.12, 16.25]
					}
				},
				"root": {
					"position": [-2, 1, -2]
				},
				"waist": {
					"rotation": {
						"0.0": [0, 0, 2.5],
						"1.5417": [0, 0, 2.5],
						"1.7083": [0, 0, 0],
						"1.9167": [0, 0, 0]
					},
					"position": {
						"0.0": [0, -4.44, -3.25],
						"1.5417": [0, -4.44, -3.25],
						"1.75": [0, -5.94, -3.25],
						"1.9167": [0, -4.44, -3.25]
					},
					"scale": 1.5
				},
				"M4a1": {
					"position": [2, 0, 0]
				},
				"body": {
					"rotation": {
						"0.9167": [0, 0, 0],
						"1.0": [0, 0, -1.07],
						"1.0417": [0, 0, -2.14],
						"1.0833": [0, 0, -3.21],
						"1.1667": [0, 0, -4.29],
						"1.2083": [0, 0, -4.75],
						"1.2917": [0, 0, -4],
						"1.375": [0, 0, -3.25],
						"1.4167": [0, 0, -2.5],
						"1.5": [0, 0, -1.75],
						"1.5417": [0, 0, -1],
						"1.625": [0, 0, 0]
					},
					"position": {
						"0.0": [0, -1.25, -1.25],
						"0.0833": [0, -1.25, -1.25],
						"0.125": [0, -1.25, -1.25],
						"0.2083": [0, -1.25, -1.25],
						"0.25": [0, -1.25, -1.25],
						"0.3333": [0, -1.25, -1.25],
						"0.375": [0, -1.25, -1.25],
						"0.4583": [0, -1.25, -1.25],
						"0.5": [0, -1.25, -1.25],
						"0.5833": [0, -1.25, -1.25],
						"0.625": [0, -1.25, -1.25],
						"0.7083": [0, -1.25, -1.25],
						"0.75": [0, -1.25, -1.25],
						"0.7917": [0, -1.25, -1.25],
						"0.8333": [-0.03, -1.25, -1.25],
						"0.875": [-0.15, -1.25, -1.25],
						"0.9583": [-0.32, -1.25, -1.25],
						"1.0": [-0.49, -1.25, -1.25],
						"1.0833": [-0.65, -1.25, -1.25],
						"1.125": [-0.75, -1.25, -1.25],
						"1.2083": [-0.82, -1.25, -1.25],
						"1.25": [-0.84, -1.25, -1.25],
						"1.3333": [-0.82, -1.25, -1.25],
						"1.375": [-0.75, -1.25, -1.25],
						"1.4583": [-0.59, -1.25, -1.25],
						"1.5": [-0.43, -1.25, -1.25],
						"1.5833": [-0.27, -1.25, -1.25],
						"1.625": [-0.11, -1.25, -1.25],
						"1.6667": [0, -1.25, -1.25]
					}
				},
				"Stock": {
					"position": [1, 0, 0]
				},
				"A": {
					"position": [0, 0, 0]
				},
				"Magazine": {
					"rotation": {
						"0.0": [0, 0, 0],
						"0.0833": [-15.74, 0, 0],
						"0.125": [-38.75, 0, 0],
						"0.2083": [-61.76, 0, 0],
						"0.25": [-77.5, 0, 0],
						"0.3333": [-83.01, 0, 0],
						"0.375": [-87.53, 0, 0],
						"0.4583": [-90.43, 0, 0],
						"0.5": [-91.12, 0, 0],
						"0.5833": [-88.98, 0, 0],
						"0.625": [-83.42, 0, 0],
						"0.6667": [-77.5, 0, 0],
						"0.7083": [-8.83, 0, 0],
						"0.75": [61.32, 0, 0],
						"0.8333": [39.66, 0, 0],
						"0.875": [16.43, 0, 0],
						"0.9583": [6.74, 0, 0],
						"1.0": [2.78, 0, 0],
						"1.0833": [0, 0, 0]
					},
					"position": {
						"0.0": [0, 0, 0],
						"0.0833": [0, -0.11, -1.37],
						"0.125": [0, 0.09, -3.37],
						"0.2083": [0, -2, -5.38],
						"0.25": [0, -9, -6.75],
						"0.2917": [0, -82.5, -6.75],
						"0.3333": [0.01, -84.45, -6.77],
						"0.375": [0.12, -89.15, -7.06],
						"0.4583": [0.28, -91.96, -7.5],
						"0.5": [0.41, -92.65, -7.86],
						"0.5833": [0.43, -91.01, -7.93],
						"0.625": [0.26, -86.82, -7.46],
						"0.6667": [0, -82.5, -6.75],
						"0.7083": [-3.02, -37.77, 1.34],
						"0.75": [-5.66, 5.15, 10.08],
						"0.8333": [-3.93, 1.97, 8.61],
						"0.875": [-2.25, -1.25, 6.75],
						"0.9583": [-2.28, -3.1, 4.9],
						"1.0": [-1.5, -2.76, 2.63],
						"1.0417": [-0.67, -1.79, 1.17],
						"1.0833": [0, 0, 0]
					}
				},
				"Magazine2": {
					"position": [0, -34.25, 0]
				}
			},
			"sound_effects": {
				"0.0": {
					"effect": "m4a1_raise"
				},
				"0.2083": {
					"effect": "m4a1_magout"
				},
				"0.6667": {
					"effect": "m4a1_regrip"
				},
				"1.0833": {
					"effect": "m4a1_magin"
				},
				"1.25": {
					"effect": "m4a1_regrip"
				},
				"1.5": {
					"effect":  "m4a1_raise"
				},
				"1.6": {
					"effect": "m4a1_release"
				},
				"1.6667": {
					"effect":  "m4a1_raise"
				},
				"1.8333": {
					"effect": "m4a1_regrip"
				}
			}
    },
		"animation.m4a1_aim1": {
			"loop": "hold_on_last_frame",
			"animation_length": 0.2,
			"bones": {
				"rightArm": {
					"rotation": ["90+ variable.is_using_vr * 7.5", "5+ variable.is_using_vr * 7.5", "175 + variable.is_using_vr * -2.5"],
					"position": [11.34375, -2.84375, 4]
				},
				"leftArm": {
					"rotation": ["37.5+ variable.is_using_vr * 7.5", "20+ variable.is_using_vr * 7.5", "220+ variable.is_using_vr * -2.5"],
					"position": [-4.5, -8.125, 16.25]
				},
				"root": {
					"rotation": {
           "0.0": [0, 0, 0],
           "0.2": [0, 5, 5]
           },
           "position": {
					"0.0": [-2, 1, -2],
           "0.2": [-10, 2.75, -5.25]
           }
				},
				"waist": {
					"position": [0, -4.44, -3.25],
					"scale": 1.5
				},
				"M4a1": {
					"position": [2, 0, 0]
				},
				"body": {
					"position": [0, -1.25, -1.25]
				},
				"Stock": {
					"position": [1, 0, 0]
				},
				"A": {
					"position": [0, 0, 0]
				}
			},
			"sound_effects": {
				"0.0": {
					"effect": "m4a1_raise"
				}
			}
		},
		"animation.m4a1_aim2": {
			"loop": true,
			"bones": {
				"rightArm": {
					"rotation": ["90+ variable.is_using_vr * 7.5", "5+ variable.is_using_vr * 7.5", "175 + variable.is_using_vr * -2.5"],
					"position": [11.34375, -2.84375, 4]
				},
				"leftArm": {
					"rotation": ["37.5+ variable.is_using_vr * 7.5", "20+ variable.is_using_vr * 7.5", "220+ variable.is_using_vr * -2.5"],
					"position": [-4.5, -8.125, 16.25]
				},
				"root": {
					"rotation": [0, 5, 5],
           "position": [-9.9, 2.75, -5.25]
				},
				"waist": {
					"position": [0, -4.44, -3.25],
					"scale": 1.5
				},
				"M4a1": {
					"position": [2, 0, 0]
				},
				"body": {
					"position": [0, -1.25, -1.25]
				},
				"Stock": {
					"position": [1, 0, 0]
				},
				"A": {
					"position": [0, 0, 0]
				}
			}
		},
		"animation.m4a1_aim3": {
			"loop": "hold_on_last_frame",
			"animation_length": 0.2,
			"bones": {
				"rightArm": {
					"rotation": ["90+ variable.is_using_vr * 7.5", "5+ variable.is_using_vr * 7.5", "175 + variable.is_using_vr * -2.5"],
					"position": [11.34375, -2.84375, 4]
				},
				"leftArm": {
					"rotation": ["37.5+ variable.is_using_vr * 7.5", "20+ variable.is_using_vr * 7.5", "220+ variable.is_using_vr * -2.5"],
					"position": [-4.5, -8.125, 16.25]
				},
				"root": {
					"rotation": {
           "0.0": [0, 5, 5],
           "0.2": [0, 0, 0]
           },
           "position": {
					"0.0": [-10, 2.75, -5.25],
           "0.2": [-2, 1, -2]
           }
				},
				"waist": {
					"position": [0, -4.44, -3.25],
					"scale": 1.5
				},
				"M4a1": {
					"position": [2, 0, 0]
				},
				"body": {
					"position": [0, -1.25, -1.25]
				},
				"Stock": {
					"position": [1, 0, 0]
				},
				"A": {
					"position": [0, 0, 0]
				}
			},
			"sound_effects": {
				"0.0": {
					"effect": "m4a1_regrip"
				}
			}
		},
		"animation.m4a1_s_aim1": {
			"loop": "hold_on_last_frame",
			"animation_length": 0.16667,
			"anim_time_update": "query.anim_time + query.delta_time * 1.2",
			"bones": {
				"rightArm": {
					"rotation": ["90+ variable.is_using_vr * 7.5", "5+ variable.is_using_vr * 7.5", "175 + variable.is_using_vr * -2.5"],
					"position": [11.34375, -2.84375, 4]
				},
				"leftArm": {
					"rotation": ["37.5+ variable.is_using_vr * 7.5", "20+ variable.is_using_vr * 7.5", "220+ variable.is_using_vr * -2.5"],
					"position": [-4.5, -8.125, 16.25]
				},
				"root": {
					"rotation": {
						"0.0": [0, 5, 5],
						"0.1667": [0, 5, 5]
					},
					"position": {
						"0.0": [-9.9, 2.75, -5.25],
						"0.1667": [-9.9, 2.75, -6.19]
					}
				},
				"waist": {
					"position": [0, -4.44, -3.25],
					"scale": 1.5
				},
				"M4a1": {
					"position": [2, 0, 0]
				},
				"body": {
					"position": [0, -1.25, -1.25]
				},
				"Stock": {
					"position": [1, 0, 0]
				},
				"A": {
					"position": [0, 0, 0]
				}
			},
			"sound_effects": {
				"0.0": {
					"effect": "m4a1_shoot"
				}
			}
		},
		"animation.m4a1_s_aim2": {
			"loop": true,
			"animation_length": 0.16667,
			"anim_time_update": "query.anim_time + query.delta_time * 2.0",
			"bones": {
				"rightArm": {
					"rotation": ["90+ variable.is_using_vr * 7.5", "5+ variable.is_using_vr * 7.5", "175 + variable.is_using_vr * -2.5"],
					"position": [11.34375, -2.84375, 4]
				},
				"leftArm": {
					"rotation": ["37.5+ variable.is_using_vr * 7.5", "20+ variable.is_using_vr * 7.5", "220+ variable.is_using_vr * -2.5"],
					"position": [-4.5, -8.125, 16.25]
				},
				"root": {
					"rotation": {
						"0.0": [0, 5, 5],
						"0.0833": [0, 5, 5],
						"0.1667": [0, 5, 5]
					},
					"position": {
						"0.0": [-9.9, 2.75, -6.5],
						"0.0833": [-9.9, 2.75, -6],
						"0.1667": [-9.9, 2.75, -6.22]
					}
				},
				"waist": {
					"position": [0, -4.44, -3.25],
					"scale": 1.5
				},
				"M4a1": {
					"position": [2, 0, 0]
				},
				"body": {
					"position": [0, -1.25, -1.25]
				},
				"Stock": {
					"position": [1, 0, 0]
				},
				"A": {
					"position": [0, 0, 0]
				},
				"Flash1": {
					"position": {
						"0.0": [3.75, -12.5, 0],
						"0.0625": [3.75, -12.5, 0],
						"0.125": [-1, 13.5, 0.5],
						"0.1875": [-1, 13.5, 0.5],
						"0.25": [-1, 13.5, 0.5]
					},
					"scale": {
						"0.0": [1, 1.6, 1.45],
						"0.0625": [1, 1.6, 1.45],
						"0.125": [1, 0.375, 0.375],
						"0.1875": [1, 0.375, 0.375],
						"0.25": [1, 0.375, 0.375]
					}
				},
				"Flash2": {
					"position": {
						"0.0": [-1, 5.75, 0.5],
						"0.0625": [-1, 5.75, 0.5],
						"0.125": [3.75, -30.5, -0.5],
						"0.1875": [3.75, -30.5, -0.5],
						"0.25": [3.75, -30.5, -0.5],
						"0.3125": [3.75, -30.5, -0.5],
						"0.375": [-1, 5.75, 0.5],
						"0.4375": [-1, 5.75, 0.5]
					},
					"scale": {
						"0.0": [1, 0.725, 0.125],
						"0.0625": [1, 0.725, 0.125],
						"0.125": [1, 2.425, 2.325],
						"0.1875": [1, 2.425, 2.325],
						"0.25": [1, 2.425, 2.325],
						"0.3125": [1, 2.425, 2.325],
						"0.375": [1, 0.725, 0.125],
						"0.4375": [1, 0.725, 0.125]
					}
				},
				"Flash3": {
					"position": {
						"0.375": [-4.25, 8.75, 0],
						"0.4375": [3.75, -12.5, 0]
					},
					"scale": {
						"0.375": [1, 0.575, 0.325],
						"0.4375": [1, 1.6, 1.45]
					}
				},
				"Chamber": {
					"position": {
						"0.0": [-2.1, 0, 0],
						"0.1875": [0, 0, 0],
						"0.25": [-2.25, 0, 0],
						"0.375": [-2.23, 0, 0],
						"0.4375": [0, 0, 0]
					}
				},
				"Bullet": {
					"rotation": {
						"0.0": [0, 0, 0],
						"0.0625": [30.5, 0, -33.25],
						"0.125": [249.75, 0, -33.25],
						"0.1875": [30.5, 0, -33.25],
						"0.25": [100.5, 0, -33.25],
						"0.3125": [233, 0, -33.25],
						"0.375": [0, 0, 0]
					},
					"position": {
						"0.0": [0, 0, 0],
						"0.0625": [0, 0, -0.55],
						"0.125": [-0.83, 1, -2.9],
						"0.1875": [0, 0, -0.55],
						"0.25": [0, 1, -2.05],
						"0.3125": [1.5, 1.5, -4.05],
						"0.375": [0, 0, 0]
					}
				}
			},
			"sound_effects": {
				"0.0": {
					"effect": "m4a1_shoot"
				}
			}
		},
		"animation.m4a1_s_aim3": {
			"loop": "hold_on_last_frame",
			"animation_length": 0.16667,
			"anim_time_update": "query.anim_time + query.delta_time * 1.2",
			"bones": {
				"rightArm": {
					"rotation": ["90+ variable.is_using_vr * 7.5", "5+ variable.is_using_vr * 7.5", "175 + variable.is_using_vr * -2.5"],
					"position": [11.34375, -2.84375, 4]
				},
				"leftArm": {
					"rotation": ["37.5+ variable.is_using_vr * 7.5", "20+ variable.is_using_vr * 7.5", "220+ variable.is_using_vr * -2.5"],
					"position": [-4.5, -8.125, 16.25]
				},
				"root": {
					"rotation": {
						"0.0": [0, 5, 5],
						"0.1667": [0, 5, 5]
					},
					"position": {
						"0.0": [-9.9, 2.75, -6.5],
						"0.1667": [-9.9, 2.75, -5.5]
					}
				},
				"waist": {
					"position": [0, -4.44, -3.25],
					"scale": 1.5
				},
				"M4a1": {
					"position": [2, 0, 0]
				},
				"body": {
					"position": [0, -1.25, -1.25]
				},
				"Stock": {
					"position": [1, 0, 0]
				},
				"A": {
					"position": [0, 0, 0]
				}
			}
		},
		"animation.m4a1_attack": {
			"loop": "hold_on_last_frame",
			"animation_length": 0.6667,
			"bones": {
				"rightArm": {
					"rotation": {
						"0.0": ["90+ variable.is_using_vr * 7.5", "5+ variable.is_using_vr * 7.5", "175 + variable.is_using_vr * -2.5"],
						"0.25": ["-17.5+ variable.is_using_vr * 7.5", "12.5+ variable.is_using_vr * 7.5", "97.5 + variable.is_using_vr * -2.5"],
						"0.3333": ["-17.5+ variable.is_using_vr * 7.5", "12.5+ variable.is_using_vr * 7.5", "100 + variable.is_using_vr * -2.5"],
						"0.4583": ["-17.5+ variable.is_using_vr * 7.5", "12.5+ variable.is_using_vr * 7.5", "97.5 + variable.is_using_vr * -2.5"],
						"0.625": ["90+ variable.is_using_vr * 7.5", "5+ variable.is_using_vr * 7.5", "175 + variable.is_using_vr * -2.5"]
					},
					"position": {
						"0.0": [11.34375, -2.84375, 4],
						"0.25": [16.84, -0.84, 20.5],
						"0.3333": [16.84, -1.84, 20.5],
						"0.4583": [16.84, -0.84, 20.5],
						"0.625": [11.34375, -2.84375, 4]
					}
				},
				"leftArm": {
					"rotation": {
						"0.0": ["37.5+ variable.is_using_vr * 7.5", "20+ variable.is_using_vr * 7.5", "220+ variable.is_using_vr * -2.5"],
						"0.2917": ["37.5+ variable.is_using_vr * 7.5", "35+ variable.is_using_vr * 7.5", "195+ variable.is_using_vr * -2.5"],
						"0.375": ["37.5+ variable.is_using_vr * 7.5", "35+ variable.is_using_vr * 7.5", "195+ variable.is_using_vr * -2.5"],
						"0.4583": ["37.5+ variable.is_using_vr * 7.5", "35+ variable.is_using_vr * 7.5", "195+ variable.is_using_vr * -2.5"],
						"0.5417": ["37.5+ variable.is_using_vr * 7.5", 27.5, 207.5],
						"0.625": ["37.5+ variable.is_using_vr * 7.5", "20+ variable.is_using_vr * 7.5", "220+ variable.is_using_vr * -2.5"]
					},
					"position": {
						"0.0": [-4.5, -8.125, 16.25],
						"0.0833": [-8, -2.62, 17.93],
						"0.1667": [-11.05, -4.57, 12.61],
						"0.2083": [-11.7, -6.5, 10.24],
						"0.25": [-7.73, -9.93, 8.75],
						"0.2917": [-6.25, -9.62, 8.75],
						"0.375": [-6.25, -8.62, 9],
						"0.4583": [-6.25, -8.12, 9],
						"0.5417": [-10.62, -1.37, 17.12],
						"0.5833": [-7.06, -2.75, 16.68],
						"0.625": [-4.5, -8.125, 16.25]
					},
					"scale": {
						"0.0": [1, 1, 1],
						"0.125": [1.1, 1.275, 1],
						"0.625": [1, 1, 1]
					}
				},
				"root": {
					"position": {
						"0.0": [-2, 1, -2],
						"0.3333": [-2, 1, -8.25],
						"0.6667": [-2, 1, -2]
					}
				},
				"waist": {
					"position": [0, -4.44, -3.25],
					"scale": 1.5
				},
				"M4a1": {
					"rotation": [0, 0, 0],
					"position": [2, 0, 0]
				},
				"body": {
					"position": {
						"0.0": [0, -1.25, -1.25],
						"0.2917": [0, -1.25, 0.75],
						"0.6667": [0, -1.25, -1.25]
					}
				},
				"Stock": {
					"position": [1, 0, 0]
				},
				"A": {
					"position": [0, 0, 0]
				}
			},
			"sound_effects": {
				"0.0": {
					"effect": "m4a1_attack"
				}
			}
		},
		"animation.m4a1_inspect": {
			"loop": "hold_on_last_frame",
			"animation_length": 2.5,
			"bones": {
				"rightArm": {
					"rotation": {
						"0.0": [90, 5, 175],
						"0.0417": [89.75, 5.25, 176.24],
						"0.0833": [89.4, 5.6, 178.02],
						"0.125": [88.97, 6.03, 180.14],
						"0.1667": [88.53, 6.47, 182.36],
						"0.2083": [88.1, 6.9, 184.48],
						"0.25": [87.75, 7.25, 186.26],
						"0.2917": [87.5, 7.5, 187.5],
						"0.3333": [87.44, 7.59, 187.91],
						"0.375": [87.39, 7.73, 188.43],
						"0.4167": [87.36, 7.91, 189.03],
						"0.4583": [87.33, 8.1, 189.68],
						"0.5": [87.32, 8.31, 190.36],
						"0.5417": [87.31, 8.52, 191.02],
						"0.5833": [87.32, 8.72, 191.64],
						"0.625": [87.33, 8.91, 192.2],
						"0.6667": [87.34, 9.06, 192.66],
						"0.7083": [87.36, 9.18, 192.99],
						"0.75": [87.38, 9.25, 193.16],
						"0.7917": [87.41, 9.26, 193.15],
						"0.8333": [87.43, 9.2, 192.92],
						"0.875": [87.45, 9.06, 192.45],
						"0.9167": [87.47, 8.83, 191.7],
						"0.9583": [87.49, 8.5, 190.64],
						"1.0": [87.5, 8.06, 189.25],
						"1.0417": [87.5, 7.5, 187.5],
						"1.0833": [87.5, 4.79, 179.07],
						"1.125": [87.5, 0.83, 166.76],
						"1.1667": [87.5, -3.75, 152.5],
						"1.2083": [87.5, -8.33, 138.24],
						"1.25": [87.5, -12.29, 125.93],
						"1.2917": [87.5, -15, 117.5],
						"1.3333": [87.5, -15.51, 115.93],
						"1.375": [87.49, -15.96, 114.54],
						"1.4167": [87.48, -16.36, 113.32],
						"1.4583": [87.46, -16.7, 112.29],
						"1.5": [87.45, -16.99, 111.42],
						"1.5417": [87.43, -17.22, 110.72],
						"1.5833": [87.41, -17.41, 110.19],
						"1.625": [87.39, -17.54, 109.81],
						"1.6667": [87.37, -17.62, 109.58],
						"1.7083": [87.35, -17.66, 109.51],
						"1.75": [87.34, -17.64, 109.59],
						"1.7917": [87.33, -17.58, 109.8],
						"1.8333": [87.32, -17.47, 110.16],
						"1.875": [87.31, -17.31, 110.65],
						"1.9167": [87.32, -17.11, 111.27],
						"1.9583": [87.33, -16.87, 112.01],
						"2.0": [87.34, -16.58, 112.88],
						"2.0417": [87.37, -16.25, 113.87],
						"2.0833": [87.4, -15.87, 114.97],
						"2.125": [87.45, -15.46, 116.18],
						"2.1667": [87.5, -15, 117.5],
						"2.2083": [87.71, -13.32, 122.33],
						"2.25": [88.01, -10.94, 129.18],
						"2.2917": [88.36, -8.09, 137.38],
						"2.3333": [88.75, -5, 146.25],
						"2.375": [89.14, -1.91, 155.12],
						"2.4167": [89.49, 0.94, 163.32],
						"2.4583": [89.79, 3.32, 170.17],
						"2.5": [90, 5, 175]
					},
					"position": {
						"0.0": [11.34, -2.84, 4],
						"0.0417": [11.34, -2.89, 4],
						"0.0833": [11.34, -2.96, 4],
						"0.125": [11.34, -3.05, 4],
						"0.1667": [11.34, -3.14, 4],
						"0.2083": [11.34, -3.22, 4],
						"0.25": [11.34, -3.29, 4],
						"0.2917": [11.34, -3.34, 4],
						"0.3333": [11.34, -3.35, 4],
						"0.375": [11.33, -3.36, 4],
						"0.4167": [11.32, -3.37, 4],
						"0.4583": [11.3, -3.37, 4],
						"0.5": [11.29, -3.38, 4],
						"0.5417": [11.27, -3.38, 4],
						"0.5833": [11.25, -3.38, 4],
						"0.625": [11.24, -3.38, 4],
						"0.6667": [11.22, -3.37, 4],
						"0.7083": [11.21, -3.37, 4],
						"0.75": [11.2, -3.37, 4],
						"0.7917": [11.19, -3.36, 4],
						"0.8333": [11.19, -3.36, 4],
						"0.875": [11.2, -3.35, 4],
						"0.9167": [11.21, -3.35, 4],
						"0.9583": [11.23, -3.35, 4],
						"1.0": [11.26, -3.34, 4],
						"1.0417": [11.29, -3.34, 4],
						"1.0833": [11.34, -3.34, 4],
						"1.125": [11.75, -3.34, 4],
						"1.1667": [12.34, -3.34, 4],
						"1.2083": [12.93, -3.34, 4],
						"1.25": [13.34, -3.34, 4],
						"1.2917": [13.38, -3.34, 4],
						"1.3333": [13.42, -3.34, 4],
						"1.375": [13.46, -3.34, 4],
						"1.4167": [13.49, -3.35, 4],
						"1.4583": [13.52, -3.35, 4],
						"1.5": [13.54, -3.35, 4],
						"1.5417": [13.56, -3.36, 4],
						"1.5833": [13.57, -3.36, 4],
						"1.625": [13.58, -3.36, 4],
						"1.6667": [13.59, -3.37, 4],
						"1.7083": [13.59, -3.37, 4],
						"1.75": [13.59, -3.37, 4],
						"1.7917": [13.58, -3.38, 4],
						"1.8333": [13.57, -3.38, 4],
						"1.875": [13.56, -3.38, 4],
						"1.9167": [13.54, -3.38, 4],
						"1.9583": [13.52, -3.37, 4],
						"2.0": [13.49, -3.37, 4],
						"2.0417": [13.46, -3.37, 4],
						"2.0833": [13.42, -3.36, 4],
						"2.125": [13.38, -3.35, 4],
						"2.1667": [13.34, -3.34, 4],
						"2.2083": [13.14, -3.29, 4],
						"2.25": [12.86, -3.22, 4],
						"2.2917": [12.52, -3.14, 4],
						"2.3333": [12.16, -3.05, 4],
						"2.375": [11.83, -2.96, 4],
						"2.4167": [11.54, -2.89, 4],
						"2.4583": [11.34, -2.84, 4]
					}
				},
				"leftArm": {
					"rotation": {
						"0.0": [37.5, 20, 220],
						"0.0417": [37.5, 20, 220],
						"0.0833": [37.5, 20, 220],
						"0.125": [37.5, 20, 220],
						"0.1667": [37.5, 20, 220],
						"0.2083": [37.5, 20, 220],
						"0.25": [37.5, 20, 220],
						"0.2917": [37.5, 20, 220],
						"0.3333": [37.5, 20, 220],
						"0.375": [37.5, 20, 220],
						"0.4167": [37.5, 20, 220],
						"0.4583": [37.5, 20, 220],
						"0.5": [37.5, 20, 220],
						"0.5417": [37.5, 20, 220],
						"0.5833": [37.5, 20, 220],
						"0.625": [37.5, 20, 220],
						"0.6667": [37.5, 20, 220],
						"0.7083": [37.5, 20, 220],
						"0.75": [37.5, 20, 220],
						"0.7917": [37.5, 20, 220],
						"0.8333": [37.5, 20, 220],
						"0.875": [37.5, 20, 220],
						"0.9167": [37.5, 20, 220],
						"0.9583": [37.5, 20, 220],
						"1.0": [37.5, 20, 220],
						"1.0417": [37.5, 20, 220],
						"1.0833": [37.5, 20, 220],
						"1.125": [37.5, 20, 220],
						"1.1667": [37.5, 20, 220],
						"1.2083": [37.5, 20, 220],
						"1.25": [37.5, 20, 220],
						"1.2917": [37.5, 20, 220],
						"1.3333": [37.5, 20, 220],
						"1.375": [37.5, 20, 220],
						"1.4167": [37.5, 20, 220],
						"1.4583": [37.5, 20, 220],
						"1.5": [37.5, 20, 220],
						"1.5417": [37.5, 20, 220],
						"1.5833": [37.5, 20, 220],
						"1.625": [37.5, 20, 220],
						"1.6667": [37.5, 20, 220],
						"1.7083": [37.5, 20, 220],
						"1.75": [37.5, 20, 220],
						"1.7917": [37.5, 20, 220],
						"1.8333": [37.5, 20, 220],
						"1.875": [37.5, 20, 220],
						"1.9167": [37.5, 20, 220],
						"1.9583": [37.5, 20, 220],
						"2.0": [37.5, 20, 220],
						"2.0417": [37.5, 20, 220],
						"2.0833": [37.5, 20, 220],
						"2.125": [37.5, 20, 220],
						"2.1667": [37.5, 20, 220],
						"2.2083": [37.5, 20, 220],
						"2.25": [37.5, 20, 220],
						"2.2917": [37.5, 20, 220],
						"2.3333": [37.5, 20, 220],
						"2.375": [37.5, 20, 220],
						"2.4167": [37.5, 20, 220],
						"2.4583": [37.5, 20, 220],
						"2.5": [37.5, 20, 220]
					},
					"position": {
						"0.0": [-4.5, -8.12, 16.25],
						"0.0417": [-4.73, -8.72, 15.76],
						"0.0833": [-5.04, -9.54, 15.11],
						"0.125": [-5.41, -10.51, 14.31],
						"0.1667": [-5.83, -11.61, 13.43],
						"0.2083": [-6.27, -12.78, 12.48],
						"0.25": [-6.73, -13.97, 11.52],
						"0.2917": [-7.17, -15.13, 10.57],
						"0.3333": [-7.59, -16.23, 9.69],
						"0.375": [-7.96, -17.21, 8.89],
						"0.4167": [-8.27, -18.02, 8.24],
						"0.4583": [-8.5, -18.62, 7.75],
						"0.5": [-8.65, -18.99, 7.45],
						"0.5417": [-8.79, -19.3, 7.21],
						"0.5833": [-8.91, -19.54, 7.03],
						"0.625": [-9.02, -19.71, 6.9],
						"0.6667": [-9.1, -19.83, 6.82],
						"0.7083": [-9.15, -19.88, 6.79],
						"0.75": [-9.18, -19.87, 6.81],
						"0.7917": [-9.17, -19.81, 6.87],
						"0.8333": [-9.13, -19.68, 6.97],
						"0.875": [-9.04, -19.5, 7.12],
						"0.9167": [-8.91, -19.26, 7.29],
						"0.9583": [-8.73, -18.97, 7.51],
						"1.0": [-8.5, -18.62, 7.75],
						"1.0417": [-8.11, -18.06, 8.14],
						"1.0833": [-7.59, -17.31, 8.66],
						"1.125": [-6.96, -16.4, 9.29],
						"1.1667": [-6.26, -15.38, 9.99],
						"1.2083": [-5.51, -14.3, 10.74],
						"1.25": [-4.74, -13.2, 11.51],
						"1.2917": [-3.99, -12.11, 12.26],
						"1.3333": [-3.29, -11.09, 12.96],
						"1.375": [-2.66, -10.19, 13.59],
						"1.4167": [-2.14, -9.43, 14.11],
						"1.4583": [-1.75, -8.87, 14.5],
						"1.5": [-1.59, -8.65, 14.66],
						"1.5417": [-1.45, -8.47, 14.78],
						"1.5833": [-1.34, -8.34, 14.86],
						"1.625": [-1.26, -8.25, 14.91],
						"1.6667": [-1.2, -8.2, 14.94],
						"1.7083": [-1.16, -8.18, 14.94],
						"1.75": [-1.14, -8.19, 14.92],
						"1.7917": [-1.13, -8.22, 14.89],
						"1.8333": [-1.14, -8.28, 14.84],
						"1.875": [-1.17, -8.35, 14.78],
						"1.9167": [-1.21, -8.42, 14.72],
						"1.9583": [-1.26, -8.51, 14.66],
						"2.0": [-1.32, -8.59, 14.6],
						"2.0417": [-1.38, -8.68, 14.55],
						"2.0833": [-1.45, -8.75, 14.5],
						"2.125": [-1.53, -8.81, 14.47],
						"2.1667": [-1.6, -8.85, 14.46],
						"2.2083": [-1.68, -8.87, 14.47],
						"2.25": [-1.75, -8.87, 14.5],
						"2.2917": [-2.08, -8.78, 14.71],
						"2.3333": [-2.56, -8.65, 15.02],
						"2.375": [-3.12, -8.5, 15.38],
						"2.4167": [-3.69, -8.35, 15.73],
						"2.4583": [-4.17, -8.21, 16.04],
						"2.5": [-4.5, -8.12, 16.25]
					}
				},
				"root": {
					"position": [-2, 1, -2]
				},
				"waist": {
					"position": [0, -4.44, -3.25],
					"scale": 1.5
				},
				"M4a1": {
					"position": [2, 0, 0]
				},
				"body": {
					"position": [0, -1.25, -1.25]
				},
				"Stock": {
					"position": [1, 0, 0]
				},
				"A": {
					"position": [0, 0, 0]
				}
			},
			"sound_effects": {
				"0.125": {
					"effect": "m4a1_regrip"
				},
				"1.125": {
					"effect": "m4a1_raise"
				},
				"2.1667": {
					"effect": "m4a1_regrip"
				}
			}
		},
		"animation.m4a1_aim_reload": {
			"loop": "hold_on_last_frame",
			"animation_length": 2.08,
			"bones": {
				"rightArm": {
					"rotation": {
						"0.0": [90, 5, 175],
						"0.08": [90, 5, 163.57],
						"0.12": [90, 5, 155.31],
						"0.16": [90, 5, 152.5],
						"0.2": [90, 5, 152.03],
						"0.24": [90, 5, 152.5],
						"0.28": [90, 5, 152.5],
						"0.32": [90, 5, 152.5],
						"0.36": [90, 5, 152.5],
						"0.4": [90, 5, 152.5],
						"0.44": [90, 5, 152.38],
						"0.48": [90, 5, 151.18],
						"0.56": [90, 5, 150.48],
						"0.6": [90, 5, 152.5],
						"0.68": [90, 5, 155.81],
						"0.72": [90, 5, 160.65],
						"0.8": [90, 5, 166.25],
						"0.84": [90, 5, 171.85],
						"0.92": [90, 5, 176.69],
						"0.96": [90, 5, 180],
						"1.04": [90, 5, 181.79],
						"1.08": [90, 5, 180.29],
						"1.12": [90, 5, 180],
						"1.16": [90, 5, 182.81],
						"1.2": [90, 5, 180],
						"1.28": [90, 5, 179.63],
						"1.32": [90, 5, 179.88],
						"1.36": [90, 5, 180],
						"1.4": [90, 5.02, 180.03],
						"1.44": [90, 5.13, 180.21],
						"1.48": [90, 5, 180],
						"1.52": [90, 4.6, 179.47],
						"1.56": [90, 3.25, 177.15],
						"1.64": [90, 3.73, 176.2],
						"1.68": [90, 4.6, 175.37],
						"1.72": [90, 5, 175],
						"1.76": [90, 5.12, 174.85],
						"1.8": [90, 5, 175],
						"1.88": [90, 5, 175]
					},
					"position": {
						"0.0": [11.34, -2.84, 4],
						"0.08": [11.81, -2.62, 4],
						"0.12": [12.34, -2.34, 4],
						"0.2": [12.76, -1.93, 4],
						"0.24": [12.87, -1.81, 4],
						"0.28": [12.84, -1.84, 4],
						"0.32": [12.84, -1.84, 4],
						"0.36": [12.84, -1.84, 4],
						"0.4": [12.84, -1.84, 4],
						"0.44": [12.85, -1.84, 4],
						"0.48": [12.94, -1.79, 4],
						"0.56": [12.99, -1.77, 4],
						"0.6": [12.84, -1.84, 4],
						"0.68": [12.6, -1.96, 4],
						"0.72": [12.25, -2.14, 4],
						"0.8": [11.84, -2.34, 4],
						"0.84": [11.44, -2.55, 4],
						"0.92": [11.08, -2.72, 4],
						"0.96": [10.84, -2.84, 4],
						"1.04": [10.7, -2.93, 4],
						"1.08": [10.79, -2.88, 4],
						"1.12": [10.84, -2.84, 4],
						"1.16": [10.84, -2.7, 4],
						"1.2": [10.84, -2.84, 4],
						"1.28": [10.84, -2.86, 4],
						"1.32": [10.84, -2.85, 4],
						"1.36": [10.84, -2.84, 4],
						"1.4": [10.84, -2.84, 4],
						"1.44": [10.82, -2.84, 4],
						"1.48": [10.84, -2.84, 4],
						"1.52": [10.89, -2.84, 4],
						"1.56": [11.13, -2.84, 4],
						"1.64": [11.23, -2.84, 4],
						"1.68": [11.31, -2.84, 4],
						"1.72": [11.34, -2.84, 4],
						"1.76": [11.36, -2.84, 4],
						"1.8": [11.34, -2.84, 4],
						"1.88": [11.34, -2.84, 4]
					}
				},
				"leftArm": {
					"rotation": {
						"0.0": [37.5, 20, 220],
						"0.08": [85, 20, 220],
						"0.12": [132.5, 20, 220],
						"0.2": [134.73, 20, 220],
						"0.24": [132.65, 20, 220],
						"0.32": [133.38, 20, 220],
						"0.36": [134.51, 20, 220],
						"0.44": [135.86, 20, 220],
						"0.48": [137.24, 20, 220],
						"0.56": [138.44, 20, 220],
						"0.6": [139.27, 20, 220],
						"0.68": [139.53, 20, 220],
						"0.72": [139.04, 20, 220],
						"0.8": [137.58, 20, 220],
						"0.84": [134.98, 20, 220],
						"0.88": [132.5, 20, 220],
						"0.92": [121.06, 20, 220],
						"0.96": [65.65, 20, 220],
						"1.0": [37.5, 20, 220],
						"1.04": [30.82, 20, 220],
						"1.08": [37.5, 20, 220],
						"1.16": [37.5, 20, 220],
						"1.2": [37.5, 20, 220],
						"1.24": [37.5, 20, 220],
						"1.28": [37.5, 20, 220],
						"1.32": [37.5, 19.66, 219.54],
						"1.4": [37.5, 19.46, 219.28],
						"1.44": [37.5, 24.63, 226.25],
						"1.48": [37.5, 29.25, 232.5],
						"1.52": [37.5, 30.12, 233.67],
						"1.56": [37.5, 29.25, 232.5],
						"1.64": [37.5, 26.86, 229.27],
						"1.68": [37.5, 23.48, 224.7],
						"1.76": [37.5, 20.59, 220.8],
						"1.8": [37.5, 19.42, 219.22],
						"1.84": [37.5, 20, 220],
						"1.88": [37.5, 20, 220],
						"1.92": [37.5, 20, 220]
					},
					"position": {
						"0.0": [-4.5, -8.12, 16.25],
						"0.08": [-9.66, -10.15, 13.75],
						"0.12": [-13.5, -13.62, 11.25],
						"0.2": [-5.34, -22.91, 11.13],
						"0.24": [-2.72, -25.44, 11.25],
						"0.32": [-2.43, -25.86, 11.23],
						"0.36": [-2.26, -26.19, 11.21],
						"0.44": [-2.19, -26.44, 11.18],
						"0.48": [-2.2, -26.6, 11.15],
						"0.56": [-2.28, -26.67, 11.13],
						"0.6": [-2.41, -26.64, 11.11],
						"0.68": [-2.56, -26.52, 11.1],
						"0.72": [-2.71, -26.28, 11.11],
						"0.8": [-2.85, -25.94, 11.14],
						"0.84": [-2.96, -25.49, 11.2],
						"0.88": [-3, -25.12, 11.25],
						"0.92": [-3.12, -23.52, 11.49],
						"0.96": [-3.68, -15.79, 12.63],
						"1.0": [-3.97, -11.77, 13.23],
						"1.04": [-4.06, -10.66, 13.39],
						"1.08": [-4.03, -10.94, 13.35],
						"1.16": [-3.83, -11.16, 13.25],
						"1.2": [-3.9, -11.1, 13.28],
						"1.24": [-4.03, -10.94, 13.35],
						"1.28": [-3.88, -10.88, 13.38],
						"1.32": [-6.62, -11.65, 13.01],
						"1.4": [-11.82, -9.72, 12.36],
						"1.44": [-9.56, -7.1, 12.15],
						"1.48": [-5.58, -7.94, 12.2],
						"1.52": [-5.24, -8, 12.13],
						"1.56": [-5.58, -7.94, 12.2],
						"1.64": [-7.9, -7.99, 14.73],
						"1.68": [-7.27, -8.05, 15.92],
						"1.76": [-4.97, -8.11, 16.19],
						"1.8": [-4.27, -8.13, 16.3],
						"1.84": [-4.5, -8.12, 16.25],
						"1.88": [-4.5, -8.12, 16.25],
						"1.92": [-4.5, -8.12, 16.25]
					}
				},
				"root": {
					"rotation": [0, 5, 5],
					"position": [-9.9, 2.75, -5.25]
				},
				"waist": {
					"rotation": {
						"1.76": [0, 0, 0],
						"1.84": [-0.22, 0, 0],
						"1.88": [-0.14, 0, 0],
						"1.92": [0, 0, 0]
					},
					"position": {
						"0.0": [0, -4.44, -3.25],
						"0.08": [0, -4.44, -2.9],
						"0.12": [0, -4.44, -2.45],
						"0.16": [0, -4.44, -2.25],
						"0.2": [0, -4.44, -2.24],
						"0.24": [0, -4.44, -2.22],
						"0.32": [0, -4.44, -2.21],
						"0.36": [0, -4.44, -2.19],
						"0.44": [0, -4.44, -2.18],
						"0.48": [0, -4.44, -2.17],
						"0.56": [0, -4.44, -2.15],
						"0.6": [0, -4.44, -2.15],
						"0.68": [0, -4.44, -2.14],
						"0.72": [0, -4.44, -2.13],
						"0.8": [0, -4.44, -2.13],
						"0.84": [0, -4.44, -2.13],
						"0.92": [0, -4.44, -2.12],
						"0.96": [0, -4.44, -2.13],
						"1.04": [0, -4.44, -2.13],
						"1.08": [0, -4.44, -2.13],
						"1.16": [0, -4.44, -2.14],
						"1.2": [0, -4.44, -2.15],
						"1.28": [0, -4.44, -2.15],
						"1.32": [0, -4.44, -2.17],
						"1.4": [0, -4.44, -2.18],
						"1.44": [0, -4.44, -2.19],
						"1.52": [0, -4.44, -2.21],
						"1.56": [0, -4.44, -2.22],
						"1.64": [0, -4.44, -2.24],
						"1.68": [0, -4.44, -2.55],
						"1.76": [0, -4.44, -3.14],
						"1.8": [0, -4.44, -3.2],
						"1.84": [0, -4.44, -3.05],
						"1.88": [0, -4.44, -3.08],
						"1.92": [0, -4.44, -3.25]
					},
					"scale": 1.5
				},
				"M4a1": {
					"position": [2, 0, 0]
				},
				"body": {
					"position": [0, -1.25, -1.25]
				},
				"Stock": {
					"position": [1, 0, 0]
				},
				"A": {
					"position": [0, 0, 0]
				},
				"Magazine": {
					"rotation": {
						"0.0": [0, 0, 0],
						"0.08": [-9.01, 0, 0],
						"0.12": [-20.96, 0, 0],
						"0.2": [-35.19, 0, 0],
						"0.24": [-51.06, 0, 0],
						"0.32": [-67.92, 0, 0],
						"0.36": [-85.13, 0, 0],
						"0.44": [-102.04, 0, 0],
						"0.48": [-237.5, 0, 0]
					},
					"position": {
						"0.0": [0, 0, 0],
						"0.08": [0, -0.51, 0.3],
						"0.12": [0, -1.28, 0.81],
						"0.2": [0, -1.91, 0.91],
						"0.24": [0, -2, 0],
						"0.32": [0, 0.78, -3.35],
						"0.36": [0, 4.74, -8.11],
						"0.44": [0, 4.47, -12.17],
						"0.48": [0, -53.5, -13]
					}
				}
      },
			"sound_effects": {
				"0.04": {
					"effect": "m4a1_raise"
				},
				"0.08": {
					"effect": "m4a1_magout"
				},
				"0.72": {
					"effect": "m4a1_regrip"
				},
				"0.96": {
					"effect": "m4a1_magin"
				},
				"1.32": {
					"effect": "m4a1_raise"
				},
				"1.44": {
					"effect": "m4a1_release"
				},
				"1.64": {
					"effect": "m4a1_regrip"
				}
			}
    }
  }
}
