{
	"format_version": "1.10.0",
	"geometry.crate": {
		"texturewidth": 128,
		"textureheight": 128,
		"visible_bounds_width": 3,
		"visible_bounds_height": 2.5,
		"visible_bounds_offset": [0, 0.75, 0],
		"bones": [
			{
				"name": "bone",
				"pivot": [0, 0, 0],
				"cubes": [
					{"origin": [-12.65, 1.5, -9.2], "size": [25.3, 6.5, 18.4], "uv": [0, 0]},
					{"origin": [7, 7.2, 9.2], "size": [1, 2.5, 0], "uv": [12, 2]},
					{"origin": [-8, 7.2, 9.2], "size": [1, 2.5, 0], "uv": [12, 0]},
					{"origin": [7, 7.2, -9.3], "size": [1, 2.5, 0], "uv": [10, 0]},
					{"origin": [-8, 7.2, -9.3], "size": [1, 2.5, 0], "uv": [0, 0]},
					{"origin": [7, 9.5, -9.3], "size": [1, 0, 2], "uv": [6, 0]},
					{"origin": [-8, 9.5, -9.3], "size": [1, 0, 2], "uv": [4, 0]},
					{"origin": [7, 9.5, 7.3], "size": [1, 0, 2], "uv": [2, 0]},
					{"origin": [-8, 9.5, 7.3], "size": [1, 0, 2], "uv": [0, 0]}
				]
			},
			{
				"name": "bone2",
				"pivot": [0, -1, 0],
				"cubes": [
					{"origin": [6, 9, -9.2], "size": [3, 0.5, 18.4], "uv": [48, 42]},
					{"origin": [-9, 9, -9.2], "size": [3, 0.5, 18.4], "uv": [48, 24]}
				]
			},
			{
				"name": "bone3",
				"pivot": [-1, -1, 0],
				"cubes": [
					{"origin": [-12.65, 8, 3.3], "size": [25.3, 1, 5.9], "uv": [0, 54]},
					{"origin": [-12.65, 8, -9.2], "size": [25.3, 1, 5.9], "uv": [0, 48]},
					{"origin": [-12.65, 8, -2.95], "size": [25.3, 1, 5.9], "uv": [0, 42]}
				]
			},
			{
				"name": "bone4",
				"pivot": [-2, 0, 0],
				"cubes": [
					{"origin": [-12.65, 0.5, 3.3], "size": [25.3, 1, 5.9], "uv": [0, 36]},
					{"origin": [-12.65, 0.5, -9.2], "size": [25.3, 1, 5.9], "uv": [0, 30]},
					{"origin": [-12.65, 0.5, -2.95], "size": [25.3, 1, 5.9], "uv": [0, 24]}
				]
			},
			{
				"name": "bone5",
				"pivot": [0, 0, 0],
				"cubes": [
					{"origin": [6, 0, -9.2], "size": [3, 0.5, 18.4], "uv": [42, 24]},
					{"origin": [-9, 0, -9.2], "size": [3, 1, 18.4], "uv": [42, 42]}
				]
			},
			{
				"name": "bone6",
				"pivot": [-1.5, -0.5, 0],
				"cubes": [
					{"origin": [12.65, 1.5, 4], "size": [0.5, 6.5, 3], "uv": [6, 6]},
					{"origin": [12.65, 1.5, -7], "size": [0.5, 6.5, 3], "uv": [6, 0]},
					{"origin": [13.15, 3.25, -7], "size": [0.5, 3, 14], "uv": [28, 47]}
				]
			},
			{
				"name": "bone7",
				"pivot": [1.5, -0.5, 0],
				"rotation": [-180, 0, 180],
				"cubes": [
					{"origin": [15.65, 1.5, 4], "size": [0.5, 6.5, 3], "uv": [0, 6]},
					{"origin": [15.65, 1.5, -7], "size": [0.5, 6.5, 3], "uv": [0, 0]},
					{"origin": [16.15, 3.25, -7], "size": [0.5, 3, 14], "uv": [0, 46]}
				]
			}
		]
	}
}