{
	"format_version": "1.8.0",
	"animations": {
		"animation.asval_tpp_draw": {
			"loop": "hold_on_last_frame",
			"animation_length": 0.3667,
			"anim_time_update": "query.anim_time + query.delta_time * 0.8",
			"bones": {
				"body": {
					"rotation": {
						"0.0": [3, 27.5, 0],
						"0.0167": [2.75, 27.5, 0],
						"0.0333": [2.5, 27.5, 0],
						"0.05": [2.25, 27.5, 0],
						"0.0667": [2, 27.5, 0],
						"0.0833": [1.75, 27.5, 0],
						"0.1": [1.5, 27.5, 0],
						"0.1167": [1.25, 27.5, 0],
						"0.1333": [1, 27.5, 0],
						"0.15": [0.75, 27.5, 0],
						"0.1667": [0.5, 27.5, 0],
						"0.1833": [0.25, 27.5, 0],
						"0.2": [0, 27.5, 0],
						"0.2167": [-0.25, 27.5, 0],
						"0.2333": [-0.5, 27.5, 0],
						"0.25": [-0.75, 27.5, 0],
						"0.2667": [-1, 27.5, 0],
						"0.2833": [-0.67, 27.5, 0],
						"0.3": [-0.33, 27.5, 0],
						"0.3167": [0, 27.5, 0]
					},
					"position": {
						"0.0": [0, 0, -0.5],
						"0.0167": [0, 0, -0.45],
						"0.0333": [0, 0, -0.4],
						"0.05": [0, 0, -0.35],
						"0.0667": [0, 0, -0.3],
						"0.0833": [0, 0, -0.25],
						"0.1": [0, 0, -0.2],
						"0.1167": [0, 0, -0.15],
						"0.1333": [0, 0, -0.1],
						"0.15": [0, 0, -0.05],
						"0.1667": [0, 0, 0],
						"0.1833": [0, 0, 0.05],
						"0.2": [0, 0, 0.1],
						"0.2167": [0, 0, 0.15],
						"0.2333": [0, 0, 0.2],
						"0.25": [0, 0, 0.25],
						"0.2667": [0, 0, 0.3],
						"0.2833": [0, 0, 0.2],
						"0.3": [0, 0, 0.1],
						"0.3167": [0, 0, 0]
					}
				},
				"leftArm": {
					"rotation": {
						"0.0": [3.06, 5.82, -2.82],
						"0.0167": [10.38, 4.4, 1.07],
						"0.0333": [18.53, 2.47, 5.65],
						"0.05": [10.52, 1.3, 3.34],
						"0.0667": [4.31, 1.26, 0.92],
						"0.0833": [-4.04, 1.31, -2.41],
						"0.1": [-14.14, 1.42, -6.47],
						"0.1167": [-25.62, 1.59, -11.12],
						"0.1333": [-38.08, 1.8, -16.19],
						"0.15": [-51.14, 2.05, -21.51],
						"0.1667": [-64.43, 2.31, -26.94],
						"0.1833": [-77.56, 2.59, -32.31],
						"0.2": [-90.14, 2.85, -37.45],
						"0.2167": [-101.8, 3.1, -42.2],
						"0.2333": [-112.16, 3.32, -46.42],
						"0.25": [-120.82, 3.5, -49.92],
						"0.2667": [-127.42, 3.62, -52.57],
						"0.2833": [-130.42, 3.62, -52.57],
						"0.3": [-128.82, 3.62, -52.57],
						"0.3167": [-128.47, 3.62, -52.57],
						"0.3333": [-128.23, 2.07, -54.53],
						"0.35": [-127.81, 2.75, -53.67],
						"0.3667": [-127.42, 3.62, -52.57]
					},
					"position": {
						"0.0": [0.16, 0.29, -0.19],
						"0.0167": [0.16, 0.14, -0.26],
						"0.0333": [0.16, -0.06, -0.36],
						"0.05": [0.16, -0.29, -0.47],
						"0.0667": [0.16, -0.56, -0.59],
						"0.0833": [0.16, -0.85, -0.73],
						"0.1": [0.16, -1.16, -0.88],
						"0.1167": [0.16, -1.48, -1.03],
						"0.1333": [0.16, -1.81, -1.19],
						"0.15": [0.16, -2.13, -1.34],
						"0.1667": [0.16, -2.45, -1.5],
						"0.1833": [0.16, -2.76, -1.64],
						"0.2": [0.16, -3.05, -1.78],
						"0.2167": [0.16, -3.32, -1.91],
						"0.2333": [0.16, -3.55, -2.02],
						"0.25": [0.16, -3.75, -2.11],
						"0.2667": [0.16, -3.91, -2.19],
						"0.2833": [0.16, -4.17, -2.31],
						"0.3": [0.16, -3.91, -2.19],
						"0.3167": [0.16, -3.91, -2.29],
						"0.3333": [0.16, -3.91, -2.27],
						"0.35": [0.16, -3.91, -2.22],
						"0.3667": [0.16, -3.91, -2.19]
					},
					"scale": [1, 1.1406, 1]
				},
				"rightArm": {
					"rotation": {
						"0.0": [-181.18, -22.95, 205],
						"0.0167": [-171.19, -21.26, 195.41],
						"0.0333": [-161.19, -19.56, 185.83],
						"0.05": [-151.19, -17.86, 176.25],
						"0.0667": [-141.19, -16.17, 166.66],
						"0.0833": [-131.19, -14.47, 157.08],
						"0.1": [-121.19, -12.78, 147.5],
						"0.1167": [-111.19, -11.08, 137.91],
						"0.1333": [-111.91, -9.39, 128.33],
						"0.15": [-112.63, -7.69, 118.75],
						"0.1667": [-113.34, -6, 109.17],
						"0.1833": [-114.06, -4.3, 99.58],
						"0.2": [-114.77, -2.6, 90],
						"0.2167": [-115.49, -0.91, 80.42],
						"0.2333": [-116.2, 0.79, 70.83],
						"0.25": [-116.92, 2.48, 61.25],
						"0.2667": [-116.96, 3.6, 60.68],
						"0.2833": [-116.99, 4.71, 60.12],
						"0.3": [-116.92, 2.48, 61.25],
						"0.3167": [-116.92, 2.48, 61.25],
						"0.3333": [-116.92, 2.48, 61.25]
					},
					"position": {
						"0.0": [-1.62, -1.22, 0],
						"0.0167": [-1.52, -1.45, 0],
						"0.0333": [-1.41, -1.68, 0],
						"0.05": [-1.3, -1.91, 0],
						"0.0667": [-1.19, -2.14, 0],
						"0.0833": [-1.08, -2.38, 0],
						"0.1": [-0.98, -2.61, 0],
						"0.1167": [-0.87, -2.84, 0],
						"0.1333": [-0.76, -3.07, 0],
						"0.15": [-0.65, -3.3, 0],
						"0.1667": [-0.54, -3.53, 0],
						"0.1833": [-0.43, -3.76, 0],
						"0.2": [-0.33, -4, 0],
						"0.2167": [-0.22, -4.23, 0],
						"0.2333": [-0.11, -4.46, 0],
						"0.25": [0, -4.69, 0],
						"0.2667": [0, -4.69, 0],
						"0.2833": [0, -4.69, 0],
						"0.3": [0, -4.69, 0],
						"0.3167": [0, -4.69, 0],
						"0.3333": [0, -4.69, 0]
					},
					"scale": [1, 0.8594, 1]
				},
				"ASVAL": {
					"rotation": {
						"0.0": [-239.98, 87.84, -91.25],
						"0.0167": [-234.47, 80.85, -99.25],
						"0.0333": [-228.96, 73.87, -107.26],
						"0.05": [-223.45, 66.88, -115.26],
						"0.0667": [-217.94, 59.9, -123.26],
						"0.0833": [-212.45, 52.93, -131.25],
						"0.1": [-209.58, 50.31, -135.51],
						"0.1167": [-206.49, 47.74, -140.14],
						"0.1333": [-203.24, 45.23, -145.02],
						"0.15": [-199.9, 42.81, -150.06],
						"0.1667": [-196.54, 40.49, -155.12],
						"0.1833": [-193.24, 38.3, -160.11],
						"0.2": [-190.07, 36.26, -164.92],
						"0.2167": [-187.08, 34.39, -169.42],
						"0.2333": [-184.37, 32.71, -173.5],
						"0.25": [-181.98, 31.24, -177.07],
						"0.2667": [-180, 30, -180],
						"0.2833": [-174.54, 27.69, -187.44],
						"0.3": [-173.9, 28.45, -187.81],
						"0.3167": [-174.71, 28.66, -186.77],
						"0.3333": [-176.57, 29.13, -184.4],
						"0.35": [-178.62, 29.65, -181.77],
						"0.3667": [-180, 30, -180]
					},
					"position": {
						"0.0": [-6.41, 6.61, -3.06],
						"0.0167": [-5.33, 7.92, -4.64],
						"0.0333": [-4.25, 9.23, -6.22],
						"0.05": [-3.17, 10.54, -7.8],
						"0.0667": [-2.09, 11.85, -9.38],
						"0.0833": [-1.01, 13.16, -10.96],
						"0.1": [-1.13, 14.35, -11.67],
						"0.1167": [-1.26, 15.54, -12.38],
						"0.1333": [-1.37, 16.58, -12.6],
						"0.15": [-1.48, 17.71, -12.67],
						"0.1667": [-1.59, 18.73, -12.37],
						"0.1833": [-1.64, 19.18, -11.97],
						"0.2": [-1.68, 19.61, -11.4],
						"0.2167": [-1.72, 20.02, -10.73],
						"0.2333": [-1.76, 20.38, -10.05],
						"0.25": [-1.79, 20.68, -9.47],
						"0.2667": [-1.81, 20.91, -9.06],
						"0.2833": [-1.84, 21.02, -8.77],
						"0.3": [-1.83, 20.87, -8.92],
						"0.3167": [-1.83, 20.88, -9.05],
						"0.3333": [-1.82, 20.89, -9.18],
						"0.35": [-1.82, 20.9, -9.14],
						"0.3667": [-1.81, 20.91, -9.06]
					}
				},
				"leftLeg": {
					"rotation": [0.44067, -9.99038, -2.53852],
					"position": [0, 0, -0.28125]
				},
				"rightLeg": {
					"rotation": [0.88045, 9.96156, 5.07673],
					"position": [0, 0, -0.5]
				},
				"head": {
					"rotation": {
						"0.0": [25, 0, 0],
						"0.0167": [25.74, 0, 0],
						"0.0333": [27.03, 0, 0],
						"0.05": [28.2, 0, 0],
						"0.0667": [28.55, 0, 0],
						"0.0833": [27.42, 0, 0],
						"0.1": [26.18, 0, 0],
						"0.1167": [24.47, 0, 0],
						"0.1333": [22.37, 0, 0],
						"0.15": [19.99, 0, 0],
						"0.1667": [17.43, 0, 0],
						"0.1833": [14.79, 0, 0],
						"0.2": [12.17, 0, 0],
						"0.2167": [9.69, 0, 0],
						"0.2333": [7.43, 0, 0],
						"0.25": [5.5, 0, 0],
						"0.2667": [4, 0, 0],
						"0.2833": [1.54, 0, 0],
						"0.3": [0.54, 0, 0],
						"0.3167": [0.26, 0, 0],
						"0.3333": [0, 0, 0],
						"0.35": [-0.25, 0, 0],
						"0.3667": [0, 0, 0]
					}
				}
			},
			"sound_effects": {
				"0.0": {
					"effect": "asval_raise"
				},
				"0.0333": {
					"effect": "asval_fold_stock"
				}
			}
		},
		"animation.asval_tpp_hold": {
			"loop": true,
			"bones": {
				"body": {
					"rotation": [0, 27.5, 0]
				},
				"leftArm": {
					"rotation": [-127.41704, 3.62043, -52.56681],
					"position": [0.15625, -3.90625, -2.1875],
					"scale": [1, 1.14063, 1]
				},
				"rightArm": {
					"rotation": [-116.91993, 2.48273, 61.25059],
					"position": [0, -4.69, 0],
					"scale": [1, 0.85937, 1]
				},
				"ASVAL": {
					"rotation": [-180, 30, -180],
					"position": [-1.8125, 20.90625, -9.0625]
				},
				"leftLeg": {
					"rotation": [0.44067, -9.99038, -2.53852],
					"position": [0, 0, -0.28125]
				},
				"rightLeg": {
					"rotation": [0.88045, 9.96156, 5.07673],
					"position": [0, 0, -0.5]
				}
			}
		},
		"animation.asval_tpp_reload": {
			"loop": true,
			"animation_length": 1.9,
			"anim_time_update": "query.anim_time + query.delta_time * 1",
			"bones": {
				"body": {
					"rotation": {
						"0.0": [0, 27.5, 0],
						"0.0167": [0.33, 28.17, 0],
						"0.0333": [0.67, 28.83, 0],
						"0.05": [1, 29.5, 0],
						"0.0667": [1, 29, -0.01],
						"0.0833": [0.99, 28.5, -0.02],
						"0.1": [0.99, 28, -0.03],
						"0.1167": [0.98, 27.5, -0.04],
						"0.1333": [0.6, 26.58, -0.04],
						"0.15": [0.21, 25.66, -0.04],
						"0.1667": [-0.17, 24.73, -0.04],
						"0.1833": [-0.56, 23.81, -0.04],
						"0.2": [-0.94, 22.89, -0.04],
						"0.2167": [-1.33, 21.96, -0.04],
						"0.2333": [-1.71, 21.04, -0.04],
						"0.25": [-2.09, 20.12, -0.04],
						"0.2667": [-2.48, 19.19, -0.04],
						"0.2833": [-2.86, 18.27, -0.04],
						"0.3": [-3.25, 17.35, -0.04],
						"0.3167": [-3.63, 16.42, -0.04],
						"0.3333": [-4.02, 15.5, -0.04],
						"0.35": [-4.34, 14.83, 0.01],
						"0.3667": [-4.66, 14.17, 0.06],
						"0.3833": [-4.98, 13.51, 0.11],
						"0.4": [-5, 14.1, 0.05],
						"0.4167": [-5.01, 14.7, 0],
						"0.4333": [-5.02, 15.3, -0.05],
						"0.45": [-5.04, 15.9, -0.11],
						"0.4667": [-5.05, 16.49, -0.16],
						"0.4833": [-4.55, 16.49, -0.16],
						"0.5": [-4.05, 16.49, -0.16],
						"0.5167": [-3.55, 16.49, -0.16],
						"0.5333": [-3.05, 16.49, -0.16],
						"0.55": [-2.72, 16.33, -0.16],
						"0.5667": [-2.38, 16.16, -0.16],
						"0.5833": [-2.05, 15.99, -0.15],
						"0.6": [-1.71, 15.83, -0.15],
						"0.6167": [-1.38, 15.66, -0.15],
						"0.6333": [-1.05, 15.49, -0.14],
						"0.65": [-1.19, 15.21, -0.14],
						"0.6667": [-1.33, 14.92, -0.13],
						"0.6833": [-1.47, 14.64, -0.13],
						"0.7": [-1.61, 14.35, -0.12],
						"0.7167": [-1.75, 14.07, -0.12],
						"0.7333": [-1.9, 13.78, -0.11],
						"0.75": [-2.04, 13.49, -0.11],
						"0.7667": [-2.36, 12.83, -0.08],
						"0.7833": [-2.69, 12.16, -0.06],
						"0.8": [-3.02, 11.5, -0.03],
						"0.8167": [-3.12, 11.3, -0.02],
						"0.8333": [-3.22, 11.1, -0.01],
						"0.85": [-3.32, 10.9, 0],
						"0.8667": [-3.41, 10.7, 0.01],
						"0.8833": [-3.51, 10.5, 0.02],
						"0.9": [-3.61, 10.3, 0.03],
						"0.9167": [-3.71, 10.1, 0.04],
						"0.9333": [-3.81, 9.9, 0.05],
						"0.95": [-3.9, 9.7, 0.06],
						"0.9667": [-4, 9.5, 0.07],
						"0.9833": [-3.84, 9.66, 0.06],
						"1.0": [-3.67, 9.83, 0.06],
						"1.0167": [-3.51, 10, 0.05],
						"1.0333": [-3.34, 10.16, 0.04],
						"1.05": [-3.18, 10.33, 0.03],
						"1.0667": [-3.01, 10.5, 0.02],
						"1.0833": [-2.35, 10.5, 0.02],
						"1.1": [-1.68, 10.5, 0.02],
						"1.1167": [-1.01, 10.5, 0.02],
						"1.1333": [-1.51, 11.5, 0],
						"1.15": [-2.02, 12.5, -0.02],
						"1.1667": [-1.87, 12.21, -0.01],
						"1.1833": [-1.73, 11.93, 0],
						"1.2": [-1.58, 11.64, 0.01],
						"1.2167": [-1.44, 11.35, 0.02],
						"1.2333": [-1.29, 11.07, 0.03],
						"1.25": [-1.15, 10.78, 0.05],
						"1.2667": [-1, 10.5, 0.06],
						"1.2833": [-0.93, 11.43, 0.05],
						"1.3": [-0.86, 12.35, 0.05],
						"1.3167": [-0.79, 13.28, 0.05],
						"1.3333": [-0.71, 14.21, 0.05],
						"1.35": [-0.64, 15.14, 0.05],
						"1.3667": [-0.57, 16.07, 0.05],
						"1.3833": [-0.5, 17, 0.05],
						"1.4": [-0.41, 18.75, 0.04],
						"1.4167": [-0.33, 20.5, 0.03],
						"1.4333": [-0.25, 22.25, 0.02],
						"1.45": [-0.17, 24, 0.02],
						"1.4667": [-0.08, 25.75, 0.01],
						"1.4833": [0, 27.5, 0],
						"1.5": [-0.29, 28.07, 0],
						"1.5167": [-0.57, 28.64, 0],
						"1.5333": [-0.86, 29.21, 0],
						"1.55": [-1.14, 29.79, 0],
						"1.5667": [-1.43, 30.36, 0],
						"1.5833": [-1.71, 30.93, 0],
						"1.6": [-2, 31.5, 0],
						"1.6167": [-1.33, 29.17, 0],
						"1.6333": [-0.67, 26.83, 0],
						"1.65": [0, 24.5, 0],
						"1.6667": [0.22, 25.5, 0],
						"1.6833": [0.44, 26.5, 0],
						"1.7": [0.67, 27.5, 0],
						"1.7167": [0.6, 27.5, 0],
						"1.7333": [0.53, 27.5, 0],
						"1.75": [0.47, 27.5, 0],
						"1.7667": [0.4, 27.5, 0],
						"1.7833": [0.33, 27.5, 0],
						"1.8": [0.27, 27.5, 0],
						"1.8167": [0.2, 27.5, 0],
						"1.8333": [0.13, 27.5, 0],
						"1.85": [0.07, 27.5, 0],
						"1.8667": [0, 27.5, 0]
					},
					"position": {
						"0.0": [0, 0, 0],
						"0.0167": [0, 0, -0.03],
						"0.0333": [0, 0, -0.07],
						"0.05": [0, 0, -0.1],
						"0.0667": [0, 0, -0.15],
						"0.0833": [0, 0, -0.2],
						"0.1": [0, 0, -0.25],
						"0.1167": [0, 0, -0.3],
						"0.1333": [0, 0, -0.23],
						"0.15": [0, 0, -0.16],
						"0.1667": [0, 0, -0.09],
						"0.1833": [0, 0, -0.02],
						"0.2": [0, 0, 0.05],
						"0.2167": [0, 0, 0.12],
						"0.2333": [0, 0, 0.18],
						"0.25": [0, 0, 0.25],
						"0.2667": [0, 0, 0.32],
						"0.2833": [0, 0, 0.39],
						"0.3": [0, 0, 0.46],
						"0.3167": [0, 0, 0.53],
						"0.3333": [0, 0, 0.6],
						"0.35": [0, 0, 0.6],
						"0.3667": [0, 0, 0.6],
						"0.3833": [0, 0, 0.6],
						"0.4": [0, 0, 0.57],
						"0.4167": [0, 0, 0.55],
						"0.4333": [0, 0, 0.52],
						"0.45": [0, 0, 0.5],
						"0.4667": [0, 0, 0.47],
						"0.4833": [0, 0, 0.38],
						"0.5": [0, 0, 0.29],
						"0.5167": [0, 0, 0.19],
						"0.5333": [0, 0, 0.1],
						"0.55": [0, 0, 0.03],
						"0.5667": [0, 0, -0.03],
						"0.5833": [0, 0, -0.1],
						"0.6": [0, 0, -0.17],
						"0.6167": [0, 0, -0.23],
						"0.6333": [0, 0, -0.3],
						"0.65": [0, 0, -0.27],
						"0.6667": [0, 0, -0.24],
						"0.6833": [0, 0, -0.21],
						"0.7": [0, 0, -0.19],
						"0.7167": [0, 0, -0.16],
						"0.7333": [0, 0, -0.13],
						"0.75": [0, 0, -0.1],
						"0.7667": [0, 0, -0.07],
						"0.7833": [0, 0, -0.03],
						"0.8": [0, 0, 0],
						"0.8167": [0, 0, 0.01],
						"0.8333": [0, 0, 0.02],
						"0.85": [0, 0, 0.03],
						"0.8667": [0, 0, 0.04],
						"0.8833": [0, 0, 0.05],
						"0.9": [0, 0, 0.06],
						"0.9167": [0, 0, 0.07],
						"0.9333": [0, 0, 0.08],
						"0.95": [0, 0, 0.09],
						"0.9667": [0, 0, 0.1],
						"0.9833": [0, 0, 0.08],
						"1.0": [0, 0, 0.07],
						"1.0167": [0, 0, 0.05],
						"1.0333": [0, 0, 0.03],
						"1.05": [0, 0, 0.02],
						"1.0667": [0, 0, 0],
						"1.0833": [0, 0, -0.13],
						"1.1": [0, 0, -0.27],
						"1.1167": [0, 0, -0.4],
						"1.1333": [0, 0, -0.25],
						"1.15": [0, 0, -0.1],
						"1.1667": [0, 0, -0.13],
						"1.1833": [0, 0, -0.16],
						"1.2": [0, 0, -0.19],
						"1.2167": [0, 0, -0.21],
						"1.2333": [0, 0, -0.24],
						"1.25": [0, 0, -0.27],
						"1.2667": [0, 0, -0.3],
						"1.2833": [0, 0, -0.28],
						"1.3": [0, 0, -0.25],
						"1.3167": [0, 0, -0.23],
						"1.3333": [0, 0, -0.21],
						"1.35": [0, 0, -0.18],
						"1.3667": [0, 0, -0.16],
						"1.3833": [0, 0, -0.14],
						"1.4": [0, 0, -0.12],
						"1.4167": [0, 0, -0.09],
						"1.4333": [0, 0, -0.07],
						"1.45": [0, 0, -0.05],
						"1.4667": [0, 0, -0.02],
						"1.4833": [0, 0, 0],
						"1.5": [0, 0, 0.09],
						"1.5167": [0, 0, 0.17],
						"1.5333": [0, 0, 0.26],
						"1.55": [0, 0, 0.34],
						"1.5667": [0, 0, 0.43],
						"1.5833": [0, 0, 0.51],
						"1.6": [0, 0, 0.6],
						"1.6167": [0, 0, 0.4],
						"1.6333": [0, 0, 0.2],
						"1.65": [0, 0, 0],
						"1.6667": [0, 0, -0.03],
						"1.6833": [0, 0, -0.07],
						"1.7": [0, 0, -0.1],
						"1.7167": [0, 0, -0.09],
						"1.7333": [0, 0, -0.08],
						"1.75": [0, 0, -0.07],
						"1.7667": [0, 0, -0.06],
						"1.7833": [0, 0, -0.05],
						"1.8": [0, 0, -0.04],
						"1.8167": [0, 0, -0.03],
						"1.8333": [0, 0, -0.02],
						"1.85": [0, 0, -0.01],
						"1.8667": [0, 0, 0]
					}
				},
				"leftArm": {
					"rotation": {
						"0.0": [-127.42, 3.62, -52.57],
						"0.0167": [-127.45, 4.15, -52.97],
						"0.0333": [-127.48, 4.68, -53.38],
						"0.05": [-127.51, 5.21, -53.79],
						"0.0667": [-127.28, 5.41, -53.94],
						"0.0833": [-127.04, 5.6, -54.09],
						"0.1": [-126.81, 5.8, -54.25],
						"0.1167": [-126.58, 6, -54.4],
						"0.1333": [-126.19, 5.21, -53.79],
						"0.15": [-125.8, 4.42, -53.18],
						"0.1667": [-125.42, 3.62, -52.57],
						"0.1833": [-123.97, 2.34, -60.44],
						"0.2": [-122.53, 1.05, -68.32],
						"0.2167": [-121.08, -0.24, -76.2],
						"0.2333": [-119.64, -1.52, -84.09],
						"0.25": [-118.19, -2.81, -91.97],
						"0.2667": [-116.75, -4.1, -99.87],
						"0.2833": [-114.41, -5.06, -105.78],
						"0.3": [-112.08, -6.03, -111.7],
						"0.3167": [-109.74, -6.99, -117.62],
						"0.3333": [-107.41, -7.95, -123.53],
						"0.35": [-107.38, -7.18, -123.85],
						"0.3667": [-107.35, -6.41, -124.16],
						"0.3833": [-107.32, -5.64, -124.48],
						"0.4": [-107.87, -6.76, -123.92],
						"0.4167": [-108.42, -7.89, -123.37],
						"0.4333": [-104.54, -13.29, -121.69],
						"0.45": [-100.65, -18.71, -120.02],
						"0.4667": [-96.75, -24.15, -118.33],
						"0.4833": [-96.8, -11.24, -119.83],
						"0.5": [-96.85, 1.69, -121.33],
						"0.5167": [-96.9, 14.62, -122.84],
						"0.5333": [-96.95, 27.53, -124.33],
						"0.55": [-104.51, 33.06, -131.5],
						"0.5667": [-112.06, 38.59, -138.65],
						"0.5833": [-119.59, 44.1, -145.79],
						"0.6": [-120.09, 52.68, -143.24],
						"0.6167": [-120.59, 61.24, -140.69],
						"0.6333": [-121.09, 69.78, -138.15],
						"0.65": [-130.66, 69.63, -145.14],
						"0.6667": [-140.21, 69.49, -152.12],
						"0.6833": [-149.76, 69.34, -159.09],
						"0.7": [-159.31, 69.19, -166.07],
						"0.7167": [-168.86, 69.04, -173.04],
						"0.7333": [-178.41, 68.9, -180.02],
						"0.75": [-187.96, 68.75, -187],
						"0.7667": [-176.72, 61.93, -180.49],
						"0.7833": [-165.48, 55.12, -173.99],
						"0.8": [-154.24, 48.3, -167.49],
						"0.8167": [-143, 41.49, -160.98],
						"0.8333": [-131.76, 34.68, -154.48],
						"0.85": [-120.52, 27.86, -147.97],
						"0.8667": [-119.65, 22.14, -144.39],
						"0.8833": [-118.78, 16.42, -140.82],
						"0.9": [-117.91, 10.7, -137.24],
						"0.9167": [-117.04, 4.98, -133.66],
						"0.9333": [-116.17, -0.75, -130.08],
						"0.95": [-115.3, -6.47, -126.5],
						"0.9667": [-114.42, -12.2, -122.91],
						"0.9833": [-114.66, -11.04, -123.56],
						"1.0": [-114.89, -9.87, -124.22],
						"1.0167": [-115.13, -8.71, -124.88],
						"1.0333": [-115.36, -7.54, -125.53],
						"1.05": [-115.59, -6.38, -126.19],
						"1.0667": [-115.83, -5.21, -126.85],
						"1.0833": [-118.57, -6.3, -129.11],
						"1.1": [-121.32, -7.4, -131.38],
						"1.1167": [-131.56, -8.5, -133.65],
						"1.1333": [-125.19, -4.72, -126.56],
						"1.15": [-125.1, -4.72, -126.56],
						"1.1667": [-125.01, -4.72, -126.56],
						"1.1833": [-124.92, -4.72, -126.56],
						"1.2": [-124.83, -4.72, -126.56],
						"1.2167": [-124.73, -4.72, -126.56],
						"1.2333": [-124.64, -4.72, -126.56],
						"1.25": [-124.55, -4.72, -126.56],
						"1.2667": [-124.46, -4.72, -126.56],
						"1.2833": [-124.37, -4.72, -126.56],
						"1.3": [-124.28, -4.72, -126.56],
						"1.3167": [-124.19, -4.72, -126.56],
						"1.3333": [-122.21, -2.1, -122.03],
						"1.35": [-120.22, 0.52, -117.49],
						"1.3667": [-118.24, 3.15, -112.94],
						"1.3833": [-116.25, 5.77, -108.4],
						"1.4": [-114.26, 8.39, -103.86],
						"1.4167": [-112.28, 11.02, -99.32],
						"1.4333": [-110.3, 13.63, -94.79],
						"1.45": [-111.81, 12.63, -90.56],
						"1.4667": [-113.32, 11.63, -86.34],
						"1.4833": [-114.83, 10.63, -82.12],
						"1.5": [-116.35, 9.63, -77.89],
						"1.5167": [-117.86, 8.63, -73.67],
						"1.5333": [-119.37, 7.63, -69.45],
						"1.55": [-120.88, 6.62, -65.23],
						"1.5667": [-122.39, 5.62, -61.01],
						"1.5833": [-123.91, 4.62, -56.79],
						"1.6": [-125.42, 3.62, -52.57],
						"1.6167": [-126.08, 3.62, -52.57],
						"1.6333": [-126.75, 3.62, -52.57],
						"1.65": [-127.42, 3.62, -52.57],
						"1.6667": [-127.08, 3.42, -52.42],
						"1.6833": [-126.73, 3.22, -52.27],
						"1.7": [-126.39, 3.01, -52.12],
						"1.7167": [-126.49, 3.07, -52.17],
						"1.7333": [-126.6, 3.14, -52.21],
						"1.75": [-126.7, 3.2, -52.26],
						"1.7667": [-126.8, 3.26, -52.3],
						"1.7833": [-126.9, 3.32, -52.35],
						"1.8": [-127.01, 3.38, -52.39],
						"1.8167": [-127.11, 3.44, -52.43],
						"1.8333": [-127.21, 3.5, -52.48],
						"1.85": [-127.31, 3.56, -52.52],
						"1.8667": [-127.42, 3.62, -52.57]
					},
					"position": {
						"0.0": [0.16, -3.91, -2.19],
						"0.0167": [0.16, -3.97, -2.19],
						"0.0333": [0.16, -4.04, -2.19],
						"0.05": [0.16, -4.11, -2.19],
						"0.0667": [0.16, -4.08, -2.19],
						"0.0833": [0.16, -4.05, -2.19],
						"0.1": [0.16, -4.02, -2.19],
						"0.1167": [0.16, -3.99, -2.19],
						"0.1333": [0.16, -3.96, -2.19],
						"0.15": [0.16, -3.94, -2.19],
						"0.1667": [0.16, -3.91, -2.19],
						"0.1833": [0.15, -3.89, -2.02],
						"0.2": [0.14, -3.88, -1.86],
						"0.2167": [0.12, -3.86, -1.7],
						"0.2333": [0.11, -3.84, -1.53],
						"0.25": [0.1, -3.83, -1.37],
						"0.2667": [0.09, -3.81, -1.2],
						"0.2833": [0.08, -3.8, -1.04],
						"0.3": [0.07, -3.78, -0.88],
						"0.3167": [0.06, -3.77, -0.71],
						"0.3333": [0.05, -3.75, -0.55],
						"0.35": [0.02, -3.57, -0.44],
						"0.3667": [0, -3.39, -0.34],
						"0.3833": [-0.03, -3.21, -0.23],
						"0.4": [-0.08, -3.31, -0.36],
						"0.4167": [-0.14, -3.41, -0.49],
						"0.4333": [-0.14, -4.34, -1.02],
						"0.45": [-0.14, -5.27, -1.56],
						"0.4667": [-0.14, -6.21, -2.09],
						"0.4833": [-0.14, -6.21, -2.44],
						"0.5": [-0.14, -6.21, -2.79],
						"0.5167": [-0.14, -6.21, -3.14],
						"0.5333": [-0.14, -6.21, -3.49],
						"0.55": [0.18, -5.81, -2.87],
						"0.5667": [0.49, -5.41, -2.26],
						"0.5833": [0.81, -5.01, -1.64],
						"0.6": [1.13, -4.61, -1.02],
						"0.6167": [1.44, -4.21, -0.41],
						"0.6333": [1.76, -3.81, 0.21],
						"0.65": [1.76, -3.22, 0.21],
						"0.6667": [1.76, -2.64, 0.21],
						"0.6833": [1.76, -2.05, 0.21],
						"0.7": [1.76, -1.47, 0.21],
						"0.7167": [1.76, -0.88, 0.21],
						"0.7333": [1.76, -0.3, 0.21],
						"0.75": [1.76, 0.29, 0.21],
						"0.7667": [1.8, 0.36, -0.37],
						"0.7833": [1.84, 0.42, -0.96],
						"0.8": [1.89, 0.49, -1.54],
						"0.8167": [1.93, 0.56, -2.12],
						"0.8333": [1.97, 0.62, -2.71],
						"0.85": [2.01, 0.69, -3.29],
						"0.8667": [2.05, 0.15, -3.79],
						"0.8833": [2.08, -0.4, -4.29],
						"0.9": [2.12, -0.94, -4.79],
						"0.9167": [2.15, -1.48, -5.29],
						"0.9333": [2.19, -2.02, -5.79],
						"0.95": [2.22, -2.57, -6.29],
						"0.9667": [2.26, -3.11, -6.79],
						"0.9833": [2.18, -2.73, -6.91],
						"1.0": [2.09, -2.34, -7.02],
						"1.0167": [2.01, -1.96, -7.14],
						"1.0333": [1.93, -1.71, -6.59],
						"1.05": [1.84, -1.46, -6.04],
						"1.0667": [1.76, -1.21, -5.49],
						"1.0833": [1.33, -1.21, -4.99],
						"1.1": [0.89, -1.21, -4.49],
						"1.1167": [0.46, -1.21, -3.99],
						"1.1333": [0.46, -1.21, -3.64],
						"1.15": [0.46, -0.81, -4.14],
						"1.1667": [0.46, -0.65, -4.09],
						"1.1833": [0.46, -0.89, -4.04],
						"1.2": [0.46, -0.76, -3.99],
						"1.2167": [0.46, -0.64, -3.94],
						"1.2333": [0.46, -0.51, -3.89],
						"1.25": [0.4, -0.51, -3.98],
						"1.2667": [0.34, -0.51, -4.07],
						"1.2833": [0.28, -0.58, -4.16],
						"1.3": [0.22, -0.64, -4.25],
						"1.3167": [0.16, -0.71, -4.34],
						"1.3333": [0.14, -0.9, -4.22],
						"1.35": [0.12, -1.09, -4.1],
						"1.3667": [0.11, -1.27, -3.98],
						"1.3833": [0.09, -1.46, -3.86],
						"1.4": [0.07, -1.65, -3.74],
						"1.4167": [0.05, -1.84, -3.62],
						"1.4333": [0.03, -2.03, -3.49],
						"1.45": [0.02, -2.21, -3.37],
						"1.4667": [0, -2.4, -3.25],
						"1.4833": [-0.02, -2.59, -3.13],
						"1.5": [-0.04, -2.78, -3.01],
						"1.5167": [-0.05, -2.97, -2.89],
						"1.5333": [-0.07, -3.15, -2.77],
						"1.55": [-0.09, -3.34, -2.65],
						"1.5667": [-0.11, -3.53, -2.53],
						"1.5833": [-0.13, -3.72, -2.41],
						"1.6": [-0.14, -3.91, -2.29],
						"1.6167": [-0.12, -3.94, -2.12],
						"1.6333": [-0.1, -3.98, -1.94],
						"1.65": [-0.08, -4.01, -1.77],
						"1.6667": [0.01, -4, -1.74],
						"1.6833": [0.09, -3.99, -1.7],
						"1.7": [0.18, -3.98, -1.67],
						"1.7167": [0.18, -3.97, -1.72],
						"1.7333": [0.18, -3.97, -1.77],
						"1.75": [0.17, -3.96, -1.83],
						"1.7667": [0.17, -3.95, -1.88],
						"1.7833": [0.17, -3.94, -1.93],
						"1.8": [0.17, -3.94, -1.98],
						"1.8167": [0.16, -3.93, -2.03],
						"1.8333": [0.16, -3.92, -2.08],
						"1.85": [0.16, -3.91, -2.14],
						"1.8667": [0.16, -3.91, -2.19]
					},
					"scale": [1, 1.1406, 1]
				},
				"rightArm": {
					"rotation": {
						"0.0": [-116.91993, 2.48273, 61.25059],
						"0.4167": [-116.92, 2.48, 61.25],
						"0.4333": [-116.93, 0.81, 62.1],
						"0.45": [-116.95, -0.86, 62.95],
						"0.4667": [-116.96, -2.54, 63.8],
						"0.4833": [-116.97, -4.21, 64.65],
						"0.5": [-116.96, -3.89, 64.49],
						"0.5167": [-116.95, -3.57, 64.32],
						"0.5333": [-116.95, -3.25, 64.16],
						"0.55": [-116.94, -2.93, 64],
						"0.5667": [-116.93, -2.62, 63.84],
						"0.5833": [-116.92, -2.3, 63.67],
						"0.6": [-116.91, -1.98, 63.51],
						"0.6167": [-116.91, -1.98, 63.51],
						"0.6333": [-116.91, -1.98, 63.51],
						"0.65": [-116.91, -1.98, 63.51],
						"0.6667": [-116.91, -1.98, 63.51],
						"0.6833": [-116.91, -1.98, 63.51],
						"0.7": [-116.91, -1.98, 63.51],
						"0.7167": [-116.91, -1.98, 63.51],
						"0.7333": [-116.91, -1.98, 63.51],
						"0.75": [-116.91, -1.98, 63.51],
						"0.7667": [-116.91, -1.98, 63.51],
						"0.7833": [-116.91, -1.98, 63.51],
						"0.8": [-116.91, -1.98, 63.51],
						"0.8167": [-116.91, -1.98, 63.51],
						"0.8333": [-116.91, -1.98, 63.51],
						"0.85": [-116.91, -1.98, 63.51],
						"0.8667": [-116.91, -1.98, 63.51],
						"0.8833": [-116.91, -1.98, 63.51],
						"0.9": [-116.91, -1.98, 63.51],
						"0.9167": [-116.91, -1.98, 63.51],
						"0.9333": [-116.91, -1.98, 63.51],
						"0.95": [-116.8, -2.82, 61.83],
						"0.9667": [-116.7, -3.67, 60.15],
						"0.9833": [-116.59, -4.51, 58.47],
						"1.0": [-116.48, -5.35, 56.8],
						"1.0167": [-116.51, -5.91, 57.08],
						"1.0333": [-116.54, -6.47, 57.36],
						"1.05": [-116.58, -7.03, 57.64],
						"1.0667": [-116.61, -7.59, 57.92],
						"1.0833": [-116.8, -9.37, 58.85],
						"1.1": [-117, -11.15, 59.78],
						"1.1167": [-117.19, -12.93, 60.71],
						"1.1333": [-117.39, -14.72, 61.64],
						"1.15": [-117.58, -16.5, 62.57],
						"1.1667": [-117.24, -17.07, 61.41],
						"1.1833": [-116.9, -17.64, 60.25],
						"1.2": [-117.55, -16.48, 62.56],
						"1.2167": [-118.21, -15.33, 64.87],
						"1.2333": [-117.33, -14.62, 64.73],
						"1.25": [-116.44, -13.9, 64.58],
						"1.2667": [-115.56, -13.19, 64.44],
						"1.2833": [-114.67, -12.48, 64.29],
						"1.3": [-113.79, -11.77, 64.15],
						"1.3167": [-112.9, -11.05, 64],
						"1.3333": [-112.02, -10.34, 63.86],
						"1.35": [-111.13, -9.63, 63.71],
						"1.3667": [-110.25, -8.92, 63.57],
						"1.3833": [-109.36, -8.2, 63.42],
						"1.4": [-108.48, -7.49, 63.28],
						"1.4167": [-107.59, -6.78, 63.13],
						"1.4333": [-108.31, -6.07, 62.99],
						"1.45": [-109.03, -5.35, 62.84],
						"1.4667": [-109.74, -4.64, 62.7],
						"1.4833": [-110.46, -3.93, 62.55],
						"1.5": [-111.18, -3.22, 62.41],
						"1.5167": [-111.9, -2.5, 62.26],
						"1.5333": [-112.61, -1.79, 62.12],
						"1.55": [-113.33, -1.08, 61.97],
						"1.5667": [-114.05, -0.37, 61.83],
						"1.5833": [-114.77, 0.35, 61.69],
						"1.6": [-115.48, 1.06, 61.54],
						"1.6167": [-116.2, 1.77, 61.4],
						"1.6333": [-116.92, 2.48, 61.25]
					},
					"position": {
						"0.0": [0, -4.69, 0],
						"0.4167": [0, -4.69, 0],
						"0.4333": [0, -4.69, 0],
						"0.45": [0, -4.69, 0],
						"0.4667": [0, -4.69, 0],
						"0.4833": [0, -4.69, 0],
						"0.5": [0, -4.69, 0],
						"0.5167": [0, -4.69, 0],
						"0.5333": [0, -4.69, 0],
						"0.55": [0.03, -4.69, -0.1],
						"0.5667": [0.05, -4.69, -0.2],
						"0.5833": [0.08, -4.69, -0.3],
						"0.6": [0.1, -4.69, -0.4],
						"0.6167": [0.13, -4.69, -0.49],
						"0.6333": [0.16, -4.69, -0.59],
						"0.65": [0.14, -4.69, -0.52],
						"0.6667": [0.12, -4.69, -0.45],
						"0.6833": [0.1, -4.69, -0.37],
						"0.7": [0.08, -4.69, -0.3],
						"0.7167": [0.06, -4.69, -0.22],
						"0.7333": [0.04, -4.69, -0.15],
						"0.75": [0.02, -4.69, -0.07],
						"0.7667": [0, -4.69, 0],
						"0.7833": [0.11, -4.69, -0.3],
						"0.8": [0.22, -4.69, -0.59],
						"0.8167": [0.33, -4.69, -0.89],
						"0.8333": [0.44, -4.69, -1.19],
						"0.85": [0.55, -4.69, -1.48],
						"0.8667": [0.66, -4.69, -1.78],
						"0.8833": [0.66, -4.69, -1.87],
						"0.9": [0.66, -4.69, -1.97],
						"0.9167": [0.66, -4.69, -2.06],
						"0.9333": [0.66, -4.69, -2.16],
						"0.95": [0.66, -4.69, -2.16],
						"0.9667": [0.66, -4.69, -2.16],
						"0.9833": [0.66, -4.69, -2.16],
						"1.0": [0.66, -4.69, -2.16],
						"1.0167": [0.66, -4.69, -2.16],
						"1.0333": [0.66, -4.69, -2.16],
						"1.05": [0.66, -4.69, -2.16],
						"1.0667": [0.66, -4.69, -2.16],
						"1.0833": [0.47, -4.5, -2.16],
						"1.1": [0.27, -4.3, -2.16],
						"1.1167": [0.08, -4.11, -2.16],
						"1.1333": [-0.12, -3.91, -2.16],
						"1.15": [-0.31, -3.72, -2.16],
						"1.1667": [-0.31, -3.72, -2.16],
						"1.1833": [-0.31, -3.72, -2.16],
						"1.2": [-0.31, -3.72, -2.16],
						"1.2167": [-0.3, -3.76, -2.08],
						"1.2333": [-0.29, -3.79, -1.99],
						"1.25": [-0.27, -3.83, -1.91],
						"1.2667": [-0.26, -3.87, -1.83],
						"1.2833": [-0.25, -3.91, -1.74],
						"1.3": [-0.24, -3.94, -1.66],
						"1.3167": [-0.23, -3.98, -1.58],
						"1.3333": [-0.21, -4.02, -1.5],
						"1.35": [-0.2, -4.06, -1.41],
						"1.3667": [-0.19, -4.09, -1.33],
						"1.3833": [-0.18, -4.13, -1.25],
						"1.4": [-0.17, -4.17, -1.16],
						"1.4167": [-0.15, -4.2, -1.08],
						"1.4333": [-0.14, -4.24, -1],
						"1.45": [-0.13, -4.28, -0.91],
						"1.4667": [-0.12, -4.32, -0.83],
						"1.4833": [-0.11, -4.35, -0.75],
						"1.5": [-0.1, -4.39, -0.66],
						"1.5167": [-0.08, -4.43, -0.58],
						"1.5333": [-0.07, -4.47, -0.5],
						"1.55": [-0.06, -4.5, -0.42],
						"1.5667": [-0.05, -4.54, -0.33],
						"1.5833": [-0.04, -4.58, -0.25],
						"1.6": [-0.02, -4.62, -0.17],
						"1.6167": [-0.01, -4.65, -0.08],
						"1.6333": [0, -4.69, 0]
					},
					"scale": [1, 0.85937, 1]
				},
				"ASVAL": {
					"rotation": {
						"0.0": [-180, 30, -180],
						"0.0167": [-180.98, 30.02, -178.74],
						"0.0333": [-182.34, 30.06, -177.04],
						"0.05": [-183.46, 30.08, -176.01],
						"0.0667": [-183.98, 30.07, -176.01],
						"0.0833": [-184.36, 30.06, -176.44],
						"0.1": [-184.61, 30.04, -177.15],
						"0.1167": [-184.73, 30.02, -178],
						"0.1333": [-184.65, 29.98, -179.44],
						"0.15": [-184.34, 29.93, -181.21],
						"0.1667": [-183.91, 29.9, -182.99],
						"0.1833": [-183.49, 29.98, -184.53],
						"0.2": [-182.95, 30.07, -186.08],
						"0.2167": [-182.08, 29.93, -187.99],
						"0.2333": [-180.73, 29.38, -190.45],
						"0.25": [-179.04, 28.59, -193.28],
						"0.2667": [-177.3, 27.83, -196.2],
						"0.2833": [-176.03, 27.3, -198.42],
						"0.3": [-174.74, 26.75, -200.71],
						"0.3167": [-173.42, 26.27, -202.99],
						"0.3333": [-172.04, 25.95, -205.17],
						"0.35": [-169.92, 25.79, -208.09],
						"0.3667": [-167.72, 25.86, -210.88],
						"0.3833": [-166.05, 26.09, -213.06],
						"0.4": [-164.86, 26.87, -214.7],
						"0.4167": [-164.76, 27.75, -215.55],
						"0.4333": [-165.1, 28.03, -216.65],
						"0.45": [-165.88, 28.24, -217.64],
						"0.4667": [-167.46, 28.74, -217.14],
						"0.4833": [-169.9, 29.61, -214.78],
						"0.5": [-173.23, 30.78, -211.13],
						"0.5167": [-176.13, 31.83, -207.52],
						"0.5333": [-177.3, 32.31, -205.29],
						"0.55": [-174.6, 31.62, -205.47],
						"0.5667": [-169.6, 30.19, -207.3],
						"0.5833": [-166.37, 29.22, -208.31],
						"0.6": [-166.63, 29.33, -207.41],
						"0.6167": [-168.64, 29.9, -205.7],
						"0.6333": [-171.21, 30.26, -203.99],
						"0.65": [-173.97, 30.07, -202.61],
						"0.6667": [-177.29, 29.68, -201.23],
						"0.6833": [-181.09, 29.38, -199.7],
						"0.7": [-183, 29.35, -198.86],
						"0.7167": [-185.15, 29.37, -197.85],
						"0.7333": [-187.44, 29.41, -196.77],
						"0.75": [-189.73, 29.46, -195.73],
						"0.7667": [-191.9, 29.48, -194.85],
						"0.7833": [-193.83, 29.47, -194.24],
						"0.8": [-195.37, 29.39, -194],
						"0.8167": [-196.23, 29.29, -194.1],
						"0.8333": [-196.96, 29.16, -194.38],
						"0.85": [-197.58, 29, -194.82],
						"0.8667": [-198.09, 28.83, -195.38],
						"0.8833": [-198.5, 28.64, -196.03],
						"0.9": [-198.84, 28.45, -196.74],
						"0.9167": [-199.1, 28.26, -197.48],
						"0.9333": [-199.29, 28.08, -198.21],
						"0.95": [-199.43, 27.9, -198.91],
						"0.9667": [-199.53, 27.75, -199.54],
						"0.9833": [-198.75, 27.23, -202.09],
						"1.0": [-197.21, 26.76, -204.72],
						"1.0167": [-196.98, 26.57, -205.75],
						"1.0333": [-199.53, 26.79, -204.27],
						"1.05": [-203.39, 27.3, -201.19],
						"1.0667": [-206.25, 27.99, -197.58],
						"1.0833": [-206.87, 28.95, -193.33],
						"1.1": [-206.48, 30.09, -188.56],
						"1.1167": [-206.38, 31.01, -184.79],
						"1.1333": [-209.18, 32.02, -181.09],
						"1.15": [-207.61, 31.49, -182.98],
						"1.1667": [-206.75, 31.2, -184.08],
						"1.1833": [-208.51, 31.75, -182.16],
						"1.2": [-207.5, 31.42, -183.53],
						"1.2167": [-205.87, 30.89, -185.67],
						"1.2333": [-204.68, 30.51, -187.18],
						"1.25": [-204.44, 30.41, -187.61],
						"1.2667": [-204.4, 30.35, -187.92],
						"1.2833": [-204.51, 30.35, -187.95],
						"1.3": [-204.68, 30.42, -187.55],
						"1.3167": [-204.87, 30.57, -186.55],
						"1.3333": [-205.36, 30.84, -184.9],
						"1.35": [-206.3, 31.24, -182.48],
						"1.3667": [-207.27, 31.7, -179.72],
						"1.3833": [-207.88, 32.12, -177.05],
						"1.4": [-207.71, 32.41, -174.92],
						"1.4167": [-206.37, 32.5, -173.74],
						"1.4333": [-204.94, 32.44, -173.62],
						"1.45": [-202.98, 32.3, -173.8],
						"1.4667": [-200.62, 32.1, -174.24],
						"1.4833": [-197.94, 31.85, -174.87],
						"1.5": [-195.07, 31.58, -175.64],
						"1.5167": [-192.12, 31.29, -176.49],
						"1.5333": [-189.2, 30.99, -177.37],
						"1.55": [-186.42, 30.69, -178.22],
						"1.5667": [-183.88, 30.42, -178.97],
						"1.5833": [-181.71, 30.19, -179.59],
						"1.6": [-180, 30, -180],
						"1.6167": [-176.28, 29.5, -180.52],
						"1.6333": [-174.91, 29.17, -180.36],
						"1.65": [-174.84, 29, -180.18],
						"1.6667": [-176.46, 29.06, -180.17],
						"1.6833": [-179.39, 29.28, -180.13],
						"1.7": [-181.42, 29.5, -180.09],
						"1.7167": [-181.49, 29.69, -180.06],
						"1.7333": [-180.66, 29.87, -180.02],
						"1.75": [-180, 30, -180],
						"1.7667": [-179.93, 30.03, -180],
						"1.7833": [-179.9, 30.04, -179.99],
						"1.8": [-179.9, 30.03, -179.99],
						"1.8167": [-179.93, 30.03, -180],
						"1.8333": [-179.96, 30.01, -180],
						"1.85": [-179.99, 30, -180],
						"1.8667": [-180, 30, -180]
					},
					"position": {
						"0.0": [-1.81, 20.91, -9.06],
						"0.0167": [-1.8, 20.85, -9.06],
						"0.0333": [-1.79, 20.77, -9.05],
						"0.05": [-1.76, 20.71, -9.06],
						"0.0667": [-1.73, 20.69, -9.07],
						"0.0833": [-1.69, 20.69, -9.08],
						"0.1": [-1.65, 20.7, -9.11],
						"0.1167": [-1.61, 20.71, -9.16],
						"0.1333": [-1.58, 20.72, -9.21],
						"0.15": [-1.54, 20.74, -9.27],
						"0.1667": [-1.5, 20.76, -9.34],
						"0.1833": [-1.46, 20.78, -9.42],
						"0.2": [-1.43, 20.8, -9.49],
						"0.2167": [-1.41, 20.81, -9.56],
						"0.2333": [-1.39, 20.82, -9.62],
						"0.25": [-1.38, 20.82, -9.69],
						"0.2667": [-1.36, 20.83, -9.76],
						"0.2833": [-1.35, 20.83, -9.83],
						"0.3": [-1.35, 20.83, -9.89],
						"0.3167": [-1.37, 20.82, -9.93],
						"0.3333": [-1.41, 20.81, -9.96],
						"0.35": [-1.52, 20.78, -9.95],
						"0.3667": [-1.7, 20.75, -9.9],
						"0.3833": [-1.88, 20.71, -9.84],
						"0.4": [-2.04, 20.66, -9.78],
						"0.4167": [-2.11, 20.61, -9.76],
						"0.4333": [-2.01, 20.51, -9.78],
						"0.45": [-1.78, 20.39, -9.85],
						"0.4667": [-1.61, 20.31, -9.96],
						"0.4833": [-1.58, 20.27, -10.26],
						"0.5": [-1.63, 20.27, -10.5],
						"0.5167": [-1.67, 20.26, -10.39],
						"0.5333": [-1.71, 20.31, -10.26],
						"0.55": [-1.72, 20.43, -10.35],
						"0.5667": [-1.71, 20.58, -10.51],
						"0.5833": [-1.71, 20.71, -10.66],
						"0.6": [-1.71, 20.79, -10.76],
						"0.6167": [-1.71, 20.85, -10.85],
						"0.6333": [-1.73, 20.88, -10.94],
						"0.65": [-1.76, 20.87, -11.04],
						"0.6667": [-1.8, 20.84, -11.14],
						"0.6833": [-1.87, 20.81, -11.19],
						"0.7": [-1.95, 20.79, -11.16],
						"0.7167": [-2.05, 20.77, -11.09],
						"0.7333": [-2.15, 20.75, -11.04],
						"0.75": [-2.22, 20.73, -11.05],
						"0.7667": [-2.28, 20.71, -11.17],
						"0.7833": [-2.31, 20.69, -11.37],
						"0.8": [-2.32, 20.66, -11.71],
						"0.8167": [-2.31, 20.64, -11.97],
						"0.8333": [-2.29, 20.61, -12.3],
						"0.85": [-2.27, 20.58, -12.66],
						"0.8667": [-2.25, 20.55, -13.01],
						"0.8833": [-2.22, 20.53, -13.33],
						"0.9": [-2.21, 20.51, -13.56],
						"0.9167": [-2.2, 20.5, -13.75],
						"0.9333": [-2.21, 20.51, -13.81],
						"0.95": [-2.21, 20.52, -13.83],
						"0.9667": [-2.21, 20.51, -13.86],
						"0.9833": [-2.18, 20.46, -13.95],
						"1.0": [-2.14, 20.38, -14.03],
						"1.0167": [-2.11, 20.31, -14.06],
						"1.0333": [-2.08, 20.26, -14.03],
						"1.05": [-2.07, 20.21, -13.95],
						"1.0667": [-2.11, 20.11, -13.86],
						"1.0833": [-2.26, 19.93, -13.76],
						"1.1": [-2.46, 19.7, -13.66],
						"1.1167": [-2.61, 19.51, -13.56],
						"1.1333": [-2.63, 19.21, -13.37],
						"1.15": [-2.63, 19.44, -13.8],
						"1.1667": [-2.61, 19.62, -13.77],
						"1.1833": [-2.63, 19.41, -13.67],
						"1.2": [-2.71, 19.5, -13.64],
						"1.2167": [-2.83, 19.65, -13.61],
						"1.2333": [-2.93, 19.77, -13.61],
						"1.25": [-3.07, 19.84, -13.69],
						"1.2667": [-3.14, 19.87, -13.79],
						"1.2833": [-3.11, 19.92, -13.89],
						"1.3": [-3.02, 19.95, -14],
						"1.3167": [-2.91, 19.91, -13.96],
						"1.3333": [-2.85, 19.84, -13.88],
						"1.35": [-2.78, 19.73, -13.76],
						"1.3667": [-2.71, 19.59, -13.61],
						"1.3833": [-2.63, 19.46, -13.44],
						"1.4": [-2.56, 19.34, -13.26],
						"1.4167": [-2.49, 19.25, -13.06],
						"1.4333": [-2.43, 19.21, -12.87],
						"1.45": [-2.32, 19.3, -12.38],
						"1.4667": [-2.23, 19.53, -11.83],
						"1.4833": [-2.17, 19.82, -11.24],
						"1.5": [-2.15, 19.96, -10.96],
						"1.5167": [-2.14, 20.13, -10.67],
						"1.5333": [-2.13, 20.31, -10.35],
						"1.55": [-2.12, 20.49, -10.05],
						"1.5667": [-2.12, 20.66, -9.75],
						"1.5833": [-2.12, 20.8, -9.49],
						"1.6": [-2.11, 20.91, -9.26],
						"1.6167": [-2.12, 20.99, -8.87],
						"1.6333": [-2.14, 20.95, -8.6],
						"1.65": [-2.11, 20.91, -8.46],
						"1.6667": [-1.99, 20.91, -8.48],
						"1.6833": [-1.82, 20.91, -8.62],
						"1.7": [-1.71, 20.91, -8.76],
						"1.7167": [-1.7, 20.91, -8.79],
						"1.7333": [-1.7, 20.91, -8.83],
						"1.75": [-1.71, 20.91, -8.86],
						"1.7667": [-1.72, 20.91, -8.9],
						"1.7833": [-1.74, 20.91, -8.93],
						"1.8": [-1.76, 20.91, -8.96],
						"1.8167": [-1.77, 20.91, -8.99],
						"1.8333": [-1.79, 20.91, -9.02],
						"1.85": [-1.8, 20.91, -9.04],
						"1.8667": [-1.81, 20.91, -9.06]
					}
				},
				"leftLeg": {
					"rotation": [0.44067, -9.99038, -2.53852],
					"position": [0, 0, -0.28125]
				},
				"rightLeg": {
					"rotation": [0.88045, 9.96156, 5.07673],
					"position": [0, 0, -0.5]
				},
				"Magazine": {
					"rotation": {
						"0.0": [0, 0, 0],
						"0.0167": [0, 0, 0],
						"0.0333": [0, 0, 0],
						"0.05": [0, 0, 0],
						"0.0667": [0, 0, 0],
						"0.0833": [0, 0, 0],
						"0.1": [0, 0, 0],
						"0.1167": [0, 0, 0],
						"0.1333": [0, 0, 0],
						"0.15": [0, 0, 0],
						"0.1667": [0, 0, 0],
						"0.1833": [0, 0, 0],
						"0.2": [0, 0, 0],
						"0.2167": [0, 0, 0],
						"0.2333": [0, 0, 0],
						"0.25": [0, 0, 0],
						"0.2667": [0, 0, 0],
						"0.2833": [0, 0, 0],
						"0.3": [0, 0, 0],
						"0.3167": [0, 0, 0],
						"0.3333": [0, 0, 0],
						"0.35": [0, 0, 0],
						"0.3667": [0, 0, 0],
						"0.3833": [0, 0, 0],
						"0.4": [0, 0, 0],
						"0.4167": [0, 0, 0],
						"0.4333": [0, 0, 7.98],
						"0.45": [0, 0, 15.98],
						"0.4667": [0, 0, 24],
						"0.4833": [0.61, 4.22, 38.84],
						"0.5": [1.22, 8.45, 53.7],
						"0.5167": [1.83, 12.68, 68.6],
						"0.5333": [1.57, 5.59, 89.77],
						"0.55": [1.31, -1.51, 110.98],
						"0.5667": [1.05, -8.61, 132.2],
						"0.5833": [0.78, -15.71, 153.41],
						"0.6": [0.52, -22.81, 174.62],
						"0.6167": [0.26, -29.91, 195.83],
						"0.6333": [0, -37, 217],
						"0.65": [0, 0, -89],
						"0.6667": [0, 0, -89],
						"0.6833": [0, 0, -89],
						"0.7": [0, 0, -89],
						"0.7167": [0, 0, -89],
						"0.7333": [0, 0, -89],
						"0.75": [0, 0, -89],
						"0.7667": [0, 0, -79.77],
						"0.7833": [0, 0, -70.54],
						"0.8": [0, 0, -61.31],
						"0.8167": [0, 0, -52.08],
						"0.8333": [0, 0, -42.85],
						"0.85": [0, 0, -33.62],
						"0.8667": [0, 0, -24.39],
						"0.8833": [0, 0, -15.17],
						"0.9": [0, 0, -5.94],
						"0.9167": [0, 0, 3.29],
						"0.9333": [0, 0, 12.52],
						"0.95": [0, 0, 21.75],
						"0.9667": [0, 0, 31],
						"0.9833": [0, 0, 37.82],
						"1.0": [0, 0, 44.65],
						"1.0167": [0, 0, 51.5],
						"1.0333": [0, 0, 50],
						"1.05": [0, 0, 48.5],
						"1.0667": [0, 0, 47],
						"1.0833": [0, 0, 31.36],
						"1.1": [0, 0, 15.7],
						"1.1167": [0, 0, 0]
					},
					"position": {
						"0.0": [0, 0, 0],
						"0.0167": [0, 0, 0],
						"0.0333": [0, 0, 0],
						"0.05": [0, 0, 0],
						"0.0667": [0, 0, 0],
						"0.0833": [0, 0, 0],
						"0.1": [0, 0, 0],
						"0.1167": [0, 0, 0],
						"0.1333": [0, 0, 0],
						"0.15": [0, 0, 0],
						"0.1667": [0, 0, 0],
						"0.1833": [0, 0, 0],
						"0.2": [0, 0, 0],
						"0.2167": [0, 0, 0],
						"0.2333": [0, 0, 0],
						"0.25": [0, 0, 0],
						"0.2667": [0, 0, 0],
						"0.2833": [0, 0, 0],
						"0.3": [0, 0, 0],
						"0.3167": [0, 0, 0],
						"0.3333": [0, 0, 0],
						"0.35": [0, 0, 0],
						"0.3667": [0, 0, 0],
						"0.3833": [0, 0, 0],
						"0.4": [0, 0, 0],
						"0.4167": [0, 0, 0],
						"0.4333": [-0.13, -0.1, 0],
						"0.45": [-0.27, -0.2, 0],
						"0.4667": [-0.4, -0.3, 0],
						"0.4833": [-1.99, -0.94, 0],
						"0.5": [-3.58, -1.57, 0],
						"0.5167": [-5.18, -2.21, 0],
						"0.5333": [-5.65, -3.02, 0],
						"0.55": [-6.12, -3.83, 0],
						"0.5667": [-6.58, -4.64, 0],
						"0.5833": [-7.05, -5.45, 0],
						"0.6": [-7.52, -6.26, 0],
						"0.6167": [-8.62, -9.01, 0],
						"0.6333": [-9.72, -11.76, 0],
						"0.65": [9.08, -8.06, -5],
						"0.6667": [9.08, -8.06, -5],
						"0.6833": [9.08, -8.06, -5],
						"0.7": [9.08, -8.06, -5],
						"0.7167": [9.08, -8.06, -5],
						"0.7333": [9.08, -8.06, -5],
						"0.75": [9.08, -8.06, -5],
						"0.7667": [7.05, -7.45, -4.56],
						"0.7833": [5.03, -6.84, -4.12],
						"0.8": [3, -6.22, -3.67],
						"0.8167": [0.97, -5.61, -3.23],
						"0.8333": [-1.05, -5, -2.79],
						"0.85": [-3.08, -4.39, -2.35],
						"0.8667": [-2.93, -3.86, -1.97],
						"0.8833": [-2.78, -3.34, -1.59],
						"0.9": [-2.63, -2.81, -1.21],
						"0.9167": [-2.49, -2.29, -0.84],
						"0.9333": [-2.34, -1.76, -0.46],
						"0.95": [-2.19, -1.24, -0.08],
						"0.9667": [-2.04, -0.71, 0.3],
						"0.9833": [-1.89, -0.61, 0.28],
						"1.0": [-1.73, -0.51, 0.26],
						"1.0167": [-1.58, -0.42, 0.24],
						"1.0333": [-1.42, -0.32, 0.21],
						"1.05": [-1.27, -0.22, 0.19],
						"1.0667": [-1.11, -0.12, 0.17],
						"1.0833": [-0.74, -0.08, 0.11],
						"1.1": [-0.37, -0.04, 0.06],
						"1.1167": [0, 0, 0]
					}
				},
				"head": {
					"rotation": {
						"0.0": [0, 0, 0],
						"0.0167": [0.54, 0, 0],
						"0.0333": [1.08, 0, 0],
						"0.05": [1.62, 0, 0],
						"0.0667": [2.15, 0, 0],
						"0.0833": [2.69, 0, 0],
						"0.1": [3.23, 0, 0],
						"0.1167": [3.77, 0, 0],
						"0.1333": [4.31, 0, 0],
						"0.15": [4.85, 0, 0],
						"0.1667": [5.38, 0, 0],
						"0.1833": [5.92, 0, 0],
						"0.2": [6.46, 0, 0],
						"0.2167": [7, 0, 0],
						"0.2333": [7.08, 0, 0],
						"0.25": [7.17, 0, 0],
						"0.2667": [7.25, 0, 0],
						"0.2833": [7.33, 0, 0],
						"0.3": [7.42, 0, 0],
						"0.3167": [7.5, 0, 0],
						"0.3333": [7.58, 0, 0],
						"0.35": [7.67, 0, 0],
						"0.3667": [7.75, 0, 0],
						"0.3833": [7.83, 0, 0],
						"0.4": [7.92, 0, 0],
						"0.4167": [8, 0, 0],
						"0.4333": [9, 0, 0],
						"0.45": [10, 0, 0],
						"0.4667": [11, 0, 0],
						"0.4833": [9.5, 0, 0],
						"0.5": [8, 0, 0],
						"0.5167": [8.01, -1.32, -0.19],
						"0.5333": [8.01, -2.64, -0.37],
						"0.55": [8.02, -3.96, -0.56],
						"0.5667": [8.02, -4.21, -0.59],
						"0.5833": [8.03, -4.46, -0.63],
						"0.6": [8.03, -4.7, -0.66],
						"0.6167": [8.03, -4.95, -0.7],
						"0.6333": [8.04, -5.2, -0.73],
						"0.65": [8.04, -5.45, -0.77],
						"0.6667": [8.04, -5.69, -0.8],
						"0.6833": [8.05, -5.94, -0.84],
						"0.7": [8.05, -6.19, -0.87],
						"0.7167": [8.05, -6.44, -0.91],
						"0.7333": [8.06, -6.68, -0.94],
						"0.75": [8.06, -6.93, -0.98],
						"0.7667": [7.9, -6.17, -0.87],
						"0.7833": [7.74, -5.41, -0.76],
						"0.8": [7.59, -4.65, -0.66],
						"0.8167": [7.43, -3.89, -0.55],
						"0.8333": [7.27, -3.12, -0.44],
						"0.85": [7.11, -2.36, -0.33],
						"0.8667": [6.96, -1.6, -0.23],
						"0.8833": [6.8, -0.84, -0.12],
						"0.9": [6.64, -0.08, -0.01],
						"0.9167": [6.48, 0.68, 0.1],
						"0.9333": [6.33, 1.45, 0.2],
						"0.95": [6.17, 2.21, 0.31],
						"0.9667": [6.01, 2.97, 0.42],
						"0.9833": [6.01, 3.47, 0.44],
						"1.0": [6.01, 3.97, 0.45],
						"1.0167": [6.01, 4.47, 0.47],
						"1.0333": [6.02, 4.97, 0.49],
						"1.05": [6.02, 5.47, 0.51],
						"1.0667": [6.02, 5.97, 0.52],
						"1.0833": [5.7, 6.96, 0.61],
						"1.1": [5.38, 7.96, 0.7],
						"1.1167": [5.05, 8.96, 0.79],
						"1.1333": [7.6, 11.95, 1.01],
						"1.15": [6.99, 8.99, 0.47],
						"1.1667": [6.5, 9.18, 0.55],
						"1.1833": [6.02, 9.37, 0.63],
						"1.2": [5.53, 9.57, 0.71],
						"1.2167": [5.05, 9.76, 0.78],
						"1.2333": [4.57, 9.95, 0.86],
						"1.25": [4.26, 9.29, 0.8],
						"1.2667": [3.96, 8.63, 0.75],
						"1.2833": [3.65, 7.96, 0.69],
						"1.3": [3.35, 7.3, 0.63],
						"1.3167": [3.04, 6.64, 0.57],
						"1.3333": [2.74, 5.97, 0.52],
						"1.35": [2.43, 5.31, 0.46],
						"1.3667": [2.13, 4.64, 0.4],
						"1.3833": [1.83, 3.98, 0.34],
						"1.4": [1.52, 3.32, 0.29],
						"1.4167": [1.22, 2.65, 0.23],
						"1.4333": [0.91, 1.99, 0.17],
						"1.45": [0.61, 1.33, 0.11],
						"1.4667": [0.3, 0.66, 0.06],
						"1.4833": [0, 0, 0],
						"1.5": [1, 0, 0],
						"1.5167": [2, 0, 0],
						"1.5333": [3, 0, 0],
						"1.55": [3.38, 0, 0],
						"1.5667": [3.75, 0, 0],
						"1.5833": [4.13, 0, 0],
						"1.6": [4.5, 0, 0],
						"1.6167": [3, 1.33, 0],
						"1.6333": [1.5, 2.67, 0],
						"1.65": [0, 4, 0],
						"1.6667": [0, 2.67, 0],
						"1.6833": [0, 1.33, 0],
						"1.7": [0, 0, 0]
					},
					"position": {
						"0.0": [0, 0, 0],
						"0.0167": [0, 0, 0],
						"0.0333": [0, 0, 0],
						"0.05": [0, 0, 0],
						"0.0667": [0, 0, 0],
						"0.0833": [0, 0, 0],
						"0.1": [0, 0, 0],
						"0.1167": [0, 0, 0],
						"0.1333": [0, 0, 0],
						"0.15": [0, 0, 0],
						"0.1667": [0, 0, 0],
						"0.1833": [0, 0, 0],
						"0.2": [0, 0, 0],
						"0.2167": [0, 0, 0],
						"0.2333": [0, 0, 0],
						"0.25": [0, 0, 0],
						"0.2667": [0, 0, 0],
						"0.2833": [0, 0, 0],
						"0.3": [0, 0, 0],
						"0.3167": [0, 0, 0],
						"0.3333": [0, 0, 0],
						"0.35": [0, 0, 0],
						"0.3667": [0, 0, 0],
						"0.3833": [0, 0, 0],
						"0.4": [0, 0, 0],
						"0.4167": [0, 0, 0],
						"0.4333": [0, 0, 0],
						"0.45": [0, 0, 0],
						"0.4667": [0, 0, 0],
						"0.4833": [0, 0, 0],
						"0.5": [0, 0, 0],
						"0.5167": [0, 0, 0],
						"0.5333": [0, 0, 0],
						"0.55": [0, 0, 0],
						"0.5667": [0, 0, 0],
						"0.5833": [0, 0, 0],
						"0.6": [0, 0, 0],
						"0.6167": [0, 0, 0],
						"0.6333": [0, 0, 0],
						"0.65": [0, 0, 0],
						"0.6667": [0, 0, 0],
						"0.6833": [0, 0, 0],
						"0.7": [0, 0, 0],
						"0.7167": [0, 0, 0],
						"0.7333": [0, 0, 0],
						"0.75": [0, 0, 0],
						"0.7667": [0, 0, 0],
						"0.7833": [0, 0, 0],
						"0.8": [0, 0, 0],
						"0.8167": [0, 0, 0],
						"0.8333": [0, 0, 0],
						"0.85": [0, 0, 0],
						"0.8667": [0, 0, 0],
						"0.8833": [0, 0, 0],
						"0.9": [0, 0, 0],
						"0.9167": [0, 0, 0],
						"0.9333": [0, 0, 0],
						"0.95": [0, 0, 0],
						"0.9667": [0, 0, 0],
						"0.9833": [0, 0, 0],
						"1.0": [0, 0, 0],
						"1.0167": [0, 0, 0],
						"1.0333": [0, 0, 0],
						"1.05": [0, 0, 0],
						"1.0667": [0, 0, 0],
						"1.0833": [0, 0, 0],
						"1.1": [0, 0, 0],
						"1.1167": [0, 0, 0],
						"1.1333": [0, 0, 0],
						"1.15": [0, 0, 0],
						"1.1667": [0, 0, 0],
						"1.1833": [0, 0, 0],
						"1.2": [0, 0, 0],
						"1.2167": [0, 0, 0],
						"1.2333": [0, 0, 0],
						"1.25": [0, 0, 0],
						"1.2667": [0, 0, 0],
						"1.2833": [0, 0, 0],
						"1.3": [0, 0, 0],
						"1.3167": [0, 0, 0],
						"1.3333": [0, 0, 0],
						"1.35": [0, 0, 0],
						"1.3667": [0, 0, 0],
						"1.3833": [0, 0, 0],
						"1.4": [0, 0, 0],
						"1.4167": [0, 0, 0],
						"1.4333": [0, 0, 0],
						"1.45": [0, 0, 0],
						"1.4667": [0, 0, 0],
						"1.4833": [0, 0, 0],
						"1.5": [0, 0, 0],
						"1.5167": [0, 0, 0],
						"1.5333": [0, 0, 0],
						"1.55": [0, 0, 0],
						"1.5667": [0, 0, 0],
						"1.5833": [0, 0, 0],
						"1.6": [0, 0, 0],
						"1.6167": [0, 0, 0],
						"1.6333": [0, 0, 0],
						"1.65": [0, 0, 0],
						"1.6667": [0, 0, 0],
						"1.6833": [0, 0, 0],
						"1.7": [0, 0, 0]
					}
				}
			},
			"sound_effects": {
				"0.0": {
					"effect": "asval_reload_start"
				},
				"0.2667": {
					"effect": "asval_magout"
				},
				"0.7167": {
					"effect": "asval_magin"
				},
				"0.8167": {
					"effect": "asval_reload_start"
				},
				"1.0": {
					"effect": "asval_reload_end"
				}
			}
		},
		"animation.asval_tpp_shoot": {
			"loop": true,
			"animation_length": 0.1,
			"bones": {
				"body": {
					"rotation": {
						"0.0": [0, 27.5, 0],
						"0.0167": [-1, 27.5, 0],
						"0.0333": [-0.5, 27.5, 0],
						"0.05": [0, 27.5, 0]
					},
					"position": {
						"0.0": [0, 0, 0],
						"0.0167": [0.1, 0, 0.2],
						"0.0333": [0.05, 0, 0.1],
						"0.05": [0, 0, 0]
					}
				},
				"leftArm": {
					"rotation": {
						"0.0": [-127.42, 3.62, -52.57],
						"0.0167": [-127.42, 3.62, -52.57],
						"0.0333": [-127.42, 3.62, -52.57],
						"0.05": [-127.42, 3.62, -52.57],
						"0.0667": [-127.42, 3.62, -52.57],
						"0.0833": [-127.42, 3.62, -52.57]
					},
					"position": {
						"0.0": [0.16, -3.91, -2.19],
						"0.0167": [0.16, -3.91, -2.19],
						"0.0333": [0.16, -3.91, -2.19],
						"0.05": [0.16, -3.91, -2.19],
						"0.0667": [0.16, -3.91, -2.19],
						"0.0833": [0.16, -3.91, -2.19]
					},
					"scale": [1, 1.1406, 1]
				},
				"rightArm": {
					"rotation": [-116.92, 2.48, 61.25],
					"position": [0, -4.69, 0],
					"scale": [1, 0.8594, 1]
				},
				"ASVAL": {
					"rotation": {
						"0.0": [-180, 30, -180],
						"0.0167": [-177.58, 30.05, -182.79],
						"0.0333": [-178.64, 30.03, -181.57],
						"0.05": [-180, 30, -180],
						"0.0667": [-180.15, 30, -179.83],
						"0.0833": [-180, 30, -180]
					},
					"position": {
						"0.0": [-1.81, 20.91, -9.06],
						"0.0167": [-1.91, 21.09, -8.96],
						"0.0333": [-1.87, 21.01, -9],
						"0.05": [-1.81, 20.91, -9.06],
						"0.0667": [-1.81, 20.89, -9.07],
						"0.0833": [-1.81, 20.91, -9.06]
					}
				},
				"leftLeg": {
					"rotation": [0.44067, -9.99038, -2.53852],
					"position": [0, 0, -0.28125]
				},
				"rightLeg": {
					"rotation": [0.88045, 9.96156, 5.07673],
					"position": [0, 0, -0.5]
				},
				"head": {
					"rotation": {
						"0.0": [0, 0, 0],
						"0.0167": [3, 0, 0],
						"0.0333": [2, 0, 0],
						"0.05": [1, 0, 0],
						"0.0667": [0, 0, 0]
					},
					"position": {
						"0.0": [0, 0, 0],
						"0.0167": [0, 0, 0],
						"0.0333": [0, 0, 0],
						"0.05": [0, 0, 0],
						"0.0667": [0, 0, 0]
					}
				},
				"bone": {
					"position": {
						"0.0": [0, 0, 0],
						"0.0167": [1.69, 0, 0],
						"0.0333": [1.13, 0, 0],
						"0.05": [0.56, 0, 0],
						"0.0667": [0, 0, 0]
					}
				}
			},
			"sound_effects": {
				"0.0": {
					"effect": "asval_fire"
				},
				"0.0833": {
					"effect": "asval_fire"
				}
			},
			"particle_effects": {
				"0.0": {
					"effect": "flash",
					"locator": "flash_4"
				}
			}
		}
	}
}
