{
  "format_version": "1.8.0",
  "render_controllers": {
    "controller.render.mp5": {
      "geometry": "Geometry.mp5",
      "materials": [ { "*": "Material.gun" } ],
      "textures": [ "Texture.mp5" ],
      "part_visibility": [
        { "*": "variable.is_first_person" }
      ]
    },
    "controller.render.mp5_2": {
      "geometry": "Geometry.mp5_2",
      "materials": [ { "*": "Material.gun" } ],
      "textures": [ "Texture.mp5" ],
      "part_visibility": [
        { "*": "variable.is_third_person" }
      ]
    }
  }
}
