{
	"format_version": "1.12.0",
	"minecraft:geometry": [
		{
			"description": {
				"identifier": "geometry.asval",
				"texture_width": 32,
				"texture_height": 32,
				"visible_bounds_width": 4,
				"visible_bounds_height": 3,
				"visible_bounds_offset": [0, 0.5, 0]
			},
			"bones": [
				{
					"name": "root",
					"pivot": [0, 0, 0]
				},
				{
					"name": "waist",
					"parent": "root",
					"pivot": [0, 12, 0]
				},
				{
					"name": "body",
					"parent": "waist",
					"pivot": [0, 24, 0]
				},
				{
					"name": "head",
					"parent": "body",
					"pivot": [0, 24, 0]
				},
				{
					"name": "hat",
					"parent": "head",
					"pivot": [0, 24, 0]
				},
				{
					"name": "cape",
					"parent": "body",
					"pivot": [0, 24, 3]
				},
				{
					"name": "leftArm",
					"parent": "body",
					"pivot": [5, 22, 0]
				},
				{
					"name": "leftSleeve",
					"parent": "leftArm",
					"pivot": [5, 22, 0]
				},
				{
					"name": "leftItem",
					"parent": "leftArm",
					"pivot": [6, 15, 1]
				},
				{
					"name": "rightArm",
					"parent": "body",
					"pivot": [-5, 22, 0]
				},
				{
					"name": "rightSleeve",
					"parent": "rightArm",
					"pivot": [-5, 22, 0]
				},
				{
					"name": "rightItem",
					"parent": "rightArm",
					"pivot": [-6, 15, 1],
					"locators": {
						"lead_hold": [-6, 15, 1]
					}
				},
				{
					"name": "jacket",
					"parent": "body",
					"pivot": [0, 24, 0]
				},
				{
					"name": "ASVAL",
					"parent": "body",
					"pivot": [0.28125, 2.5, 0.71875],
					"rotation": [0, -90, 0]
				},
				{
					"name": "Gun_body",
					"parent": "ASVAL",
					"pivot": [-0.4375, 0, 1],
					"cubes": [
						{
							"origin": [-0.84375, 3.59853, 0.71592],
							"size": [6.28125, 0.15625, 0.09375],
							"pivot": [2.29688, 3.67665, 0.7003],
							"rotation": [52.5, 0, 0],
							"uv": {
								"north": {"uv": [0, 22], "uv_size": [6.25, 0.25]},
								"east": {"uv": [14, 29], "uv_size": [0.25, 0.25]},
								"south": {"uv": [7, 22], "uv_size": [6.25, 0.25]},
								"west": {"uv": [29, 14], "uv_size": [0.25, 0.25]},
								"up": {"uv": [14, 22], "uv_size": [6.25, 0.25]},
								"down": {"uv": [22, 17.25], "uv_size": [6.25, -0.25]}
							}
						},
						{
							"origin": [-0.84375, 3.65473, 0.7049],
							"size": [6.28125, 0.15625, 0.1875],
							"uv": {
								"north": {"uv": [22, 20], "uv_size": [6.25, 0.25]},
								"east": {"uv": [15, 29], "uv_size": [0.25, 0.25]},
								"south": {"uv": [21, 22], "uv_size": [6.25, 0.25]},
								"west": {"uv": [29, 15], "uv_size": [0.25, 0.25]},
								"up": {"uv": [22, 21], "uv_size": [6.25, 0.25]},
								"down": {"uv": [0, 23.25], "uv_size": [6.25, -0.25]}
							}
						},
						{
							"origin": [-0.84375, 3.4375, 0.625],
							"size": [6.28125, 0.15625, 0.09375],
							"pivot": [2.29688, 3.67188, 0.70313],
							"rotation": [122.5, 0, 0],
							"uv": {
								"north": {"uv": [23, 3], "uv_size": [6.25, 0.25]},
								"east": {"uv": [16, 29], "uv_size": [0.25, 0.25]},
								"south": {"uv": [7, 23], "uv_size": [6.25, 0.25]},
								"west": {"uv": [29, 16], "uv_size": [0.25, 0.25]},
								"up": {"uv": [23, 8], "uv_size": [6.25, 0.25]},
								"down": {"uv": [14, 23.25], "uv_size": [6.25, -0.25]}
							}
						},
						{
							"origin": [-0.84375, 2.9375, 0.5],
							"size": [6.28125, 0.8125, 0.0625],
							"pivot": [2.29688, 3.14063, 0.53125],
							"rotation": [-10, 0, 0],
							"uv": {
								"north": {"uv": [11, 10], "uv_size": [6.25, 0.75]},
								"east": {"uv": [18, 28], "uv_size": [0.25, 0.75]},
								"south": {"uv": [11, 11], "uv_size": [6.25, 0.75]},
								"west": {"uv": [28, 18], "uv_size": [0.25, 0.75]},
								"up": {"uv": [21, 23], "uv_size": [6.25, 0.25]},
								"down": {"uv": [0, 24.25], "uv_size": [6.25, -0.25]}
							}
						},
						{
							"origin": [-0.84375, 2.70642, 2.07749],
							"size": [6.28125, 0.8125, 0.0625],
							"pivot": [2.29688, -3.05921, 0.23374],
							"rotation": [10, 0, 0],
							"uv": {
								"north": {"uv": [0, 12], "uv_size": [6.25, 0.75]},
								"east": {"uv": [19, 28], "uv_size": [0.25, 0.75]},
								"south": {"uv": [7, 12], "uv_size": [6.25, 0.75]},
								"west": {"uv": [28, 19], "uv_size": [0.25, 0.75]},
								"up": {"uv": [24, 6], "uv_size": [6.25, 0.25]},
								"down": {"uv": [7, 24.25], "uv_size": [6.25, -0.25]}
							}
						},
						{
							"origin": [-6.65625, 1.78125, 0.59375],
							"size": [1.28125, 0.375, 0.34375],
							"uv": {
								"north": {"uv": [26, 10], "uv_size": [1.25, 0.5]},
								"east": {"uv": [28, 28], "uv_size": [0.25, 0.5]},
								"south": {"uv": [11, 26], "uv_size": [1.25, 0.5]},
								"west": {"uv": [0, 29], "uv_size": [0.25, 0.5]},
								"up": {"uv": [22, 27], "uv_size": [1.25, 0.25]},
								"down": {"uv": [24, 27.25], "uv_size": [1.25, -0.25]}
							}
						},
						{
							"origin": [-0.82707, 2.51609, 0.4375],
							"size": [6.65625, 0.875, 0.125],
							"inflate": -0.001,
							"pivot": [2.50105, 2.95359, 0.5],
							"rotation": [-7.5, 0, 0],
							"uv": {
								"north": {"uv": [0, 4], "uv_size": [6.75, 1]},
								"east": {"uv": [4, 28], "uv_size": [0.25, 1]},
								"south": {"uv": [0, 5], "uv_size": [6.75, 1]},
								"west": {"uv": [28, 9], "uv_size": [0.25, 1]},
								"up": {"uv": [19, 19], "uv_size": [6.75, 0.25]},
								"down": {"uv": [20, 0.25], "uv_size": [6.75, -0.25]}
							}
						},
						{
							"origin": [-0.82707, 2.57859, 1.03125],
							"size": [6.65625, 0.875, 0.125],
							"inflate": -0.001,
							"pivot": [2.50105, 2.95359, 1.5],
							"rotation": [7.5, 0, 0],
							"uv": {
								"north": {"uv": [0, 6], "uv_size": [6.75, 1]},
								"east": {"uv": [28, 10], "uv_size": [0.25, 1]},
								"south": {"uv": [6, 0], "uv_size": [6.75, 1]},
								"west": {"uv": [11, 28], "uv_size": [0.25, 1]},
								"up": {"uv": [20, 1], "uv_size": [6.75, 0.25]},
								"down": {"uv": [20, 2.25], "uv_size": [6.75, -0.25]}
							}
						},
						{
							"origin": [-0.82707, 1.79734, 0.40625],
							"size": [4.75, 0.9375, 0.75],
							"inflate": -0.0001,
							"uv": {
								"north": {"uv": [11, 4], "uv_size": [4.75, 1]},
								"east": {"uv": [16, 19], "uv_size": [0.75, 1]},
								"south": {"uv": [11, 5], "uv_size": [4.75, 1]},
								"west": {"uv": [13, 25], "uv_size": [0.75, 1]},
								"up": {"uv": [8, 13], "uv_size": [4.75, 0.75]},
								"down": {"uv": [13, 13.75], "uv_size": [4.75, -0.75]}
							}
						},
						{
							"origin": [2.12443, 1.93768, 1.21875],
							"size": [2.46875, 0.9375, 0],
							"inflate": -0.0001,
							"pivot": [4.15731, 2.45359, 1.21875],
							"rotation": [0, 0, -17.5],
							"uv": {
								"north": {"uv": [17, 0], "uv_size": [2.5, 1]},
								"east": {"uv": [0, 0], "uv_size": [0, 1]},
								"south": {"uv": [9, 17], "uv_size": [2.5, 1]},
								"west": {"uv": [0, 0], "uv_size": [0, 1]},
								"up": {"uv": [0, 0], "uv_size": [2.5, 0]},
								"down": {"uv": [0, 0], "uv_size": [2.5, 0]}
							}
						},
						{
							"origin": [1.32918, 0.39109, 0.6875],
							"size": [2.96875, 1.75, 0.1875],
							"uv": {
								"north": {"uv": [5, 10], "uv_size": [3, 1.75]},
								"east": {"uv": [5, 27], "uv_size": [0.25, 1.75]},
								"south": {"uv": [8, 10], "uv_size": [3, 1.75]},
								"west": {"uv": [6, 27], "uv_size": [0.25, 1.75]},
								"up": {"uv": [25, 25], "uv_size": [3, 0.25]},
								"down": {"uv": [5, 26.25], "uv_size": [3, -0.25]}
							}
						},
						{
							"origin": [1.14168, 0.54734, 0.40625],
							"size": [0.375, 2.125, 0.75],
							"inflate": -0.002,
							"uv": {
								"north": {"uv": [14, 24], "uv_size": [0.5, 2.25]},
								"east": {"uv": [14, 19], "uv_size": [0.75, 2.25]},
								"south": {"uv": [15, 24], "uv_size": [0.5, 2.25]},
								"west": {"uv": [15, 19], "uv_size": [0.75, 2.25]},
								"up": {"uv": [27, 7], "uv_size": [0.5, 0.75]},
								"down": {"uv": [27, 9.75], "uv_size": [0.5, -0.75]}
							}
						},
						{
							"origin": [-0.82707, 1.20359, 0.40625],
							"size": [2.1875, 0.6875, 0.75],
							"inflate": 0.001,
							"uv": {
								"north": {"uv": [20, 3], "uv_size": [2.25, 0.75]},
								"east": {"uv": [13, 26], "uv_size": [0.75, 0.75]},
								"south": {"uv": [9, 20], "uv_size": [2.25, 0.75]},
								"west": {"uv": [22, 26], "uv_size": [0.75, 0.75]},
								"up": {"uv": [16, 20], "uv_size": [2.25, 0.75]},
								"down": {"uv": [19, 20.75], "uv_size": [2.25, -0.75]}
							}
						},
						{
							"origin": [-1.43857, 1.0431, 0.40625],
							"size": [2.1875, 0.6875, 0.75],
							"inflate": -0.001,
							"pivot": [-0.65732, -0.5194, 1],
							"rotation": [0, 0, 17.5],
							"uv": {
								"north": {"uv": [0, 21], "uv_size": [2.25, 0.75]},
								"east": {"uv": [23, 26], "uv_size": [0.75, 0.75]},
								"south": {"uv": [3, 21], "uv_size": [2.25, 0.75]},
								"west": {"uv": [24, 26], "uv_size": [0.75, 0.75]},
								"up": {"uv": [6, 21], "uv_size": [2.25, 0.75]},
								"down": {"uv": [21, 6.75], "uv_size": [2.25, -0.75]}
							}
						},
						{
							"origin": [3.92293, 1.51609, 0.40625],
							"size": [2.3125, 1.21875, 0.78125],
							"uv": {
								"north": {"uv": [0, 16], "uv_size": [2.25, 1.25]},
								"east": {"uv": [22, 24], "uv_size": [0.75, 1.25]},
								"south": {"uv": [16, 8], "uv_size": [2.25, 1.25]},
								"west": {"uv": [23, 24], "uv_size": [0.75, 1.25]},
								"up": {"uv": [21, 7], "uv_size": [2.25, 0.75]},
								"down": {"uv": [9, 21.75], "uv_size": [2.25, -0.75]}
							}
						},
						{
							"origin": [3.76668, 0.89109, 0.4375],
							"size": [1.59375, 1.15625, 0.71875],
							"pivot": [5.07918, 2.09422, 0.90625],
							"rotation": [0, 0, -50],
							"uv": {
								"north": {"uv": [17, 18], "uv_size": [1.5, 1.25]},
								"east": {"uv": [24, 24], "uv_size": [0.75, 1.25]},
								"south": {"uv": [19, 6], "uv_size": [1.5, 1.25]},
								"west": {"uv": [0, 25], "uv_size": [0.75, 1.25]},
								"up": {"uv": [3, 20], "uv_size": [1.5, 0.75]},
								"down": {"uv": [24, 7.75], "uv_size": [1.5, -0.75]}
							}
						},
						{
							"origin": [0.67293, 2.04734, 0.4375],
							"size": [4.6875, 0.59375, 0.71875],
							"inflate": -0.009,
							"pivot": [5.07918, 2.09422, 0.90625],
							"rotation": [0, 0, -105],
							"uv": {
								"north": {"uv": [12, 17], "uv_size": [4.75, 0.5]},
								"east": {"uv": [11, 27], "uv_size": [0.75, 0.5]},
								"south": {"uv": [17, 17], "uv_size": [4.75, 0.5]},
								"west": {"uv": [12, 27], "uv_size": [0.75, 0.5]},
								"up": {"uv": [4, 14], "uv_size": [4.75, 0.75]},
								"down": {"uv": [14, 6.75], "uv_size": [4.75, -0.75]}
							}
						},
						{
							"origin": [0.61043, 2.04734, 0.4375],
							"size": [4.6875, 1.15625, 0.71875],
							"inflate": -0.0025,
							"pivot": [5.07918, 2.09422, 0.90625],
							"rotation": [0, 0, -97.5],
							"uv": {
								"north": {"uv": [9, 6], "uv_size": [4.75, 1.25]},
								"east": {"uv": [1, 25], "uv_size": [0.75, 1.25]},
								"south": {"uv": [0, 10], "uv_size": [4.75, 1.25]},
								"west": {"uv": [2, 25], "uv_size": [0.75, 1.25]},
								"up": {"uv": [14, 7], "uv_size": [4.75, 0.75]},
								"down": {"uv": [9, 14.75], "uv_size": [4.75, -0.75]}
							}
						},
						{
							"origin": [1.01528, 1.84499, 0.4375],
							"size": [0.8125, 0.34375, 0.71875],
							"pivot": [5.48403, 1.89186, 0.90625],
							"rotation": [0, 0, -77.5],
							"uv": {
								"north": {"uv": [20, 28], "uv_size": [0.75, 0.25]},
								"east": {"uv": [21, 28], "uv_size": [0.75, 0.25]},
								"south": {"uv": [22, 28], "uv_size": [0.75, 0.25]},
								"west": {"uv": [28, 22], "uv_size": [0.75, 0.25]},
								"up": {"uv": [25, 26], "uv_size": [0.75, 0.75]},
								"down": {"uv": [26, 26.75], "uv_size": [0.75, -0.75]}
							}
						},
						{
							"origin": [6.17293, 1.51609, 0.4375],
							"size": [0.0625, 1.3125, 0.71875],
							"uv": {
								"north": {"uv": [26, 27], "uv_size": [0.25, 1.25]},
								"east": {"uv": [3, 25], "uv_size": [0.75, 1.25]},
								"south": {"uv": [27, 26], "uv_size": [0.25, 1.25]},
								"west": {"uv": [4, 25], "uv_size": [0.75, 1.25]},
								"up": {"uv": [23, 28], "uv_size": [0.25, 0.75]},
								"down": {"uv": [28, 23.75], "uv_size": [0.25, -0.75]}
							}
						},
						{
							"origin": [5.02171, 2.64946, 0.4375],
							"size": [1.09375, 0.71875, 0.71875],
							"inflate": -0.0025,
							"pivot": [5.95921, 2.88384, 0.90625],
							"rotation": [0, 0, -45],
							"uv": {
								"north": {"uv": [26, 7], "uv_size": [1, 0.75]},
								"east": {"uv": [0, 27], "uv_size": [0.75, 0.75]},
								"south": {"uv": [8, 26], "uv_size": [1, 0.75]},
								"west": {"uv": [27, 0], "uv_size": [0.75, 0.75]},
								"up": {"uv": [9, 26], "uv_size": [1, 0.75]},
								"down": {"uv": [10, 26.75], "uv_size": [1, -0.75]}
							}
						},
						{
							"origin": [5.23225, 3.12844, 0.625],
							"size": [0.78125, 0.53125, 0.34375],
							"pivot": [5.62288, 3.05031, 0.90625],
							"rotation": [0, 0, -47.5],
							"uv": {
								"north": {"uv": [27, 12], "uv_size": [0.75, 0.5]},
								"east": {"uv": [1, 29], "uv_size": [0.25, 0.5]},
								"south": {"uv": [13, 27], "uv_size": [0.75, 0.5]},
								"west": {"uv": [2, 29], "uv_size": [0.25, 0.5]},
								"up": {"uv": [24, 28], "uv_size": [0.75, 0.25]},
								"down": {"uv": [25, 28.25], "uv_size": [0.75, -0.25]}
							}
						}
					]
				},
				{
					"name": "bone",
					"parent": "Gun_body",
					"pivot": [-0.32707, 2.99395, 1.44741],
					"cubes": [
						{
							"origin": [-0.32707, 2.79734, 1.03125],
							"size": [0, 0.40625, 0.84375],
							"inflate": -0.001,
							"pivot": [2.50105, 2.95359, 1.5],
							"rotation": [7.5, 0, 0],
							"uv": {
								"north": {"uv": [0, 0], "uv_size": [0, 0.5]},
								"east": {"uv": [14, 27], "uv_size": [0.75, 0.5]},
								"south": {"uv": [0, 0], "uv_size": [0, 0.5]},
								"west": {"uv": [27, 14], "uv_size": [0.75, 0.5]},
								"up": {"uv": [0, 0], "uv_size": [0, 0.75]},
								"down": {"uv": [0, 0.75], "uv_size": [0, -0.75]}
							}
						}
					]
				},
				{
					"name": "Barrel",
					"parent": "ASVAL",
					"pivot": [-0.4375, 0, 0.90625],
					"cubes": [
						{
							"origin": [-4.625, 3.46875, 0.59375],
							"size": [3.78125, 0.25, 0.40625],
							"uv": {
								"north": {"uv": [5, 25], "uv_size": [3.75, 0.25]},
								"east": {"uv": [3, 29], "uv_size": [0.5, 0.25]},
								"south": {"uv": [9, 25], "uv_size": [3.75, 0.25]},
								"west": {"uv": [4, 29], "uv_size": [0.5, 0.25]},
								"up": {"uv": [19, 8], "uv_size": [3.75, 0.5]},
								"down": {"uv": [9, 19.5], "uv_size": [3.75, -0.5]}
							}
						},
						{
							"origin": [-5.09375, 3.125, 0.5625],
							"size": [0.375, 0.84375, 0.03125],
							"inflate": 0.001,
							"uv": {
								"north": {"uv": [15, 27], "uv_size": [0.5, 0.75]},
								"east": {"uv": [28, 25], "uv_size": [0.25, 0.75]},
								"south": {"uv": [16, 27], "uv_size": [0.5, 0.75]},
								"west": {"uv": [28, 26], "uv_size": [0.25, 0.75]},
								"up": {"uv": [29, 4], "uv_size": [0.5, 0.25]},
								"down": {"uv": [5, 29.25], "uv_size": [0.5, -0.25]}
							}
						},
						{
							"origin": [-5.24031, 3.46593, 0.5625],
							"size": [0.15625, 0.5, 0.03125],
							"inflate": 0.0003,
							"pivot": [-5.16218, 3.71593, 0.5625],
							"rotation": [0, 0, 32.5],
							"uv": {
								"north": {"uv": [29, 5], "uv_size": [0.25, 0.5]},
								"east": {"uv": [6, 29], "uv_size": [0.25, 0.5]},
								"south": {"uv": [7, 29], "uv_size": [0.25, 0.5]},
								"west": {"uv": [8, 29], "uv_size": [0.25, 0.5]},
								"up": {"uv": [17, 29], "uv_size": [0.25, 0.25]},
								"down": {"uv": [29, 17.25], "uv_size": [0.25, -0.25]}
							}
						},
						{
							"origin": [-5.24031, 3.46593, 0.59375],
							"size": [0.15625, 0.25, 0.3125],
							"pivot": [-5.16218, 3.71593, 0.5625],
							"rotation": [0, 0, 32.5],
							"uv": {
								"north": {"uv": [18, 29], "uv_size": [0.25, 0.25]},
								"east": {"uv": [29, 18], "uv_size": [0.25, 0.25]},
								"south": {"uv": [19, 29], "uv_size": [0.25, 0.25]},
								"west": {"uv": [29, 19], "uv_size": [0.25, 0.25]},
								"up": {"uv": [20, 29], "uv_size": [0.25, 0.25]},
								"down": {"uv": [29, 20.25], "uv_size": [0.25, -0.25]}
							}
						},
						{
							"origin": [-5.24031, 3.46593, 0.90625],
							"size": [0.15625, 0.5, 0.03125],
							"pivot": [-5.16218, 3.71593, 0.5625],
							"rotation": [0, 0, 32.5],
							"uv": {
								"north": {"uv": [9, 29], "uv_size": [0.25, 0.5]},
								"east": {"uv": [29, 9], "uv_size": [0.25, 0.5]},
								"south": {"uv": [10, 29], "uv_size": [0.25, 0.5]},
								"west": {"uv": [29, 10], "uv_size": [0.25, 0.5]},
								"up": {"uv": [21, 29], "uv_size": [0.25, 0.25]},
								"down": {"uv": [29, 21.25], "uv_size": [0.25, -0.25]}
							}
						},
						{
							"origin": [-5.09375, 3.125, 0.90625],
							"size": [0.375, 0.84375, 0.03125],
							"inflate": 0.0001,
							"uv": {
								"north": {"uv": [17, 27], "uv_size": [0.5, 0.75]},
								"east": {"uv": [27, 28], "uv_size": [0.25, 0.75]},
								"south": {"uv": [18, 27], "uv_size": [0.5, 0.75]},
								"west": {"uv": [28, 27], "uv_size": [0.25, 0.75]},
								"up": {"uv": [11, 29], "uv_size": [0.5, 0.25]},
								"down": {"uv": [29, 11.25], "uv_size": [0.5, -0.25]}
							}
						},
						{
							"origin": [-5.21875, 3.125, 0.5625],
							"size": [0.5, 0.625, 0.375],
							"inflate": -0.0001,
							"uv": {
								"north": {"uv": [27, 18], "uv_size": [0.5, 0.75]},
								"east": {"uv": [19, 27], "uv_size": [0.5, 0.75]},
								"south": {"uv": [20, 27], "uv_size": [0.5, 0.75]},
								"west": {"uv": [21, 27], "uv_size": [0.5, 0.75]},
								"up": {"uv": [28, 11], "uv_size": [0.5, 0.5]},
								"down": {"uv": [12, 28.5], "uv_size": [0.5, -0.5]}
							}
						},
						{
							"origin": [-5, 3.71875, 0.71875],
							"size": [0.0625, 0.1875, 0.0625],
							"uv": {
								"north": {"uv": [22, 29], "uv_size": [0.25, 0.25]},
								"east": {"uv": [29, 22], "uv_size": [0.25, 0.25]},
								"south": {"uv": [23, 29], "uv_size": [0.25, 0.25]},
								"west": {"uv": [29, 23], "uv_size": [0.25, 0.25]},
								"up": {"uv": [24, 29], "uv_size": [0.25, 0.25]},
								"down": {"uv": [29, 24.25], "uv_size": [0.25, -0.25]}
							}
						},
						{
							"origin": [-5, 3.59375, 0.71875],
							"size": [0.0625, 0.25, 0.0625],
							"pivot": [-4.96875, 3.84375, 0.75],
							"rotation": [10, 0, 0],
							"uv": {
								"north": {"uv": [25, 29], "uv_size": [0.25, 0.25]},
								"east": {"uv": [29, 25], "uv_size": [0.25, 0.25]},
								"south": {"uv": [26, 29], "uv_size": [0.25, 0.25]},
								"west": {"uv": [29, 26], "uv_size": [0.25, 0.25]},
								"up": {"uv": [27, 29], "uv_size": [0.25, 0.25]},
								"down": {"uv": [29, 27.25], "uv_size": [0.25, -0.25]}
							}
						},
						{
							"origin": [-5, 3.59375, 0.71875],
							"size": [0.0625, 0.25, 0.0625],
							"pivot": [-4.96875, 3.84375, 0.75],
							"rotation": [-10, 0, 0],
							"uv": {
								"north": {"uv": [28, 29], "uv_size": [0.25, 0.25]},
								"east": {"uv": [29, 28], "uv_size": [0.25, 0.25]},
								"south": {"uv": [29, 29], "uv_size": [0.25, 0.25]},
								"west": {"uv": [0, 30], "uv_size": [0.25, 0.25]},
								"up": {"uv": [30, 0], "uv_size": [0.25, 0.25]},
								"down": {"uv": [1, 30.25], "uv_size": [0.25, -0.25]}
							}
						},
						{
							"origin": [-5.375, 3.125, 0.5625],
							"size": [0.4375, 0.4375, 0.375],
							"uv": {
								"north": {"uv": [28, 12], "uv_size": [0.5, 0.5]},
								"east": {"uv": [13, 28], "uv_size": [0.5, 0.5]},
								"south": {"uv": [28, 13], "uv_size": [0.5, 0.5]},
								"west": {"uv": [14, 28], "uv_size": [0.5, 0.5]},
								"up": {"uv": [28, 14], "uv_size": [0.5, 0.5]},
								"down": {"uv": [15, 28.5], "uv_size": [0.5, -0.5]}
							}
						},
						{
							"origin": [-4.625, 0.875, 0.21875],
							"size": [3.65625, 1.03125, 1.125],
							"pivot": [-0.4375, 0, 0.90625],
							"rotation": [0, 0, 10],
							"uv": {
								"north": {"uv": [13, 0], "uv_size": [3.75, 1]},
								"east": {"uv": [7, 6], "uv_size": [1.25, 1]},
								"south": {"uv": [4, 13], "uv_size": [3.75, 1]},
								"west": {"uv": [0, 20], "uv_size": [1.25, 1]},
								"up": {"uv": [12, 8], "uv_size": [3.75, 1.25]},
								"down": {"uv": [0, 14.25], "uv_size": [3.75, -1.25]}
							}
						},
						{
							"origin": [-4.25, 1.96875, 1],
							"size": [3.40625, 1.75, 0.15625],
							"pivot": [-2.60937, 2.84375, 1.32813],
							"rotation": [12.5, 0, 0],
							"uv": {
								"north": {"uv": [7, 4], "uv_size": [3.5, 1.75]},
								"east": {"uv": [7, 27], "uv_size": [0.25, 1.75]},
								"south": {"uv": [0, 8], "uv_size": [3.5, 1.75]},
								"west": {"uv": [8, 27], "uv_size": [0.25, 1.75]},
								"up": {"uv": [25, 15], "uv_size": [3.5, 0.25]},
								"down": {"uv": [25, 16.25], "uv_size": [3.5, -0.25]}
							}
						},
						{
							"origin": [-4.25, 1.96875, 0.40625],
							"size": [3.40625, 1.75, 0.15625],
							"pivot": [-2.60937, 2.84375, 0.48438],
							"rotation": [-12.5, 0, 0],
							"uv": {
								"north": {"uv": [4, 8], "uv_size": [3.5, 1.75]},
								"east": {"uv": [9, 27], "uv_size": [0.25, 1.75]},
								"south": {"uv": [8, 8], "uv_size": [3.5, 1.75]},
								"west": {"uv": [10, 27], "uv_size": [0.25, 1.75]},
								"up": {"uv": [18, 25], "uv_size": [3.5, 0.25]},
								"down": {"uv": [25, 24.25], "uv_size": [3.5, -0.25]}
							}
						},
						{
							"origin": [-13.09375, 1.65625, 0.21875],
							"size": [1.28125, 0.53125, 0.46875],
							"pivot": [-12.45312, 1.78125, 0.76563],
							"rotation": [-35, 0, 0],
							"uv": {
								"north": {"uv": [26, 11], "uv_size": [1.25, 0.5]},
								"east": {"uv": [16, 28], "uv_size": [0.5, 0.5]},
								"south": {"uv": [26, 13], "uv_size": [1.25, 0.5]},
								"west": {"uv": [17, 28], "uv_size": [0.5, 0.5]},
								"up": {"uv": [16, 26], "uv_size": [1.25, 0.5]},
								"down": {"uv": [18, 26.5], "uv_size": [1.25, -0.5]}
							}
						}
					]
				},
				{
					"name": "bone10",
					"parent": "Barrel",
					"pivot": [-0.4375, 0.0625, 0.90625],
					"cubes": [
						{
							"origin": [-0.84375, 3.625, 0.59375],
							"size": [0, 0.21875, 0.375],
							"uv": {
								"north": {"uv": [0, 0], "uv_size": [0, 0.25]},
								"east": {"uv": [12, 29], "uv_size": [0.5, 0.25]},
								"south": {"uv": [0, 0], "uv_size": [0, 0.25]},
								"west": {"uv": [29, 12], "uv_size": [0.5, 0.25]},
								"up": {"uv": [0, 0], "uv_size": [0, 0.5]},
								"down": {"uv": [0, 0.5], "uv_size": [0, -0.5]}
							}
						},
						{
							"origin": [-0.84375, 3.625, 0.59375],
							"size": [0, 0.3125, 0.09375],
							"uv": {
								"north": {"uv": [0, 0], "uv_size": [0, 0.25]},
								"east": {"uv": [30, 1], "uv_size": [0.25, 0.25]},
								"south": {"uv": [0, 0], "uv_size": [0, 0.25]},
								"west": {"uv": [2, 30], "uv_size": [0.25, 0.25]},
								"up": {"uv": [0, 0], "uv_size": [0, 0.25]},
								"down": {"uv": [0, 0.25], "uv_size": [0, -0.25]}
							}
						},
						{
							"origin": [-0.84375, 3.625, 0.875],
							"size": [0, 0.3125, 0.09375],
							"uv": {
								"north": {"uv": [0, 0], "uv_size": [0, 0.25]},
								"east": {"uv": [30, 2], "uv_size": [0.25, 0.25]},
								"south": {"uv": [0, 0], "uv_size": [0, 0.25]},
								"west": {"uv": [3, 30], "uv_size": [0.25, 0.25]},
								"up": {"uv": [0, 0], "uv_size": [0, 0.25]},
								"down": {"uv": [0, 0.25], "uv_size": [0, -0.25]}
							}
						},
						{
							"origin": [-0.84375, 3.61896, 0.81164],
							"size": [0, 0.3125, 0.09375],
							"pivot": [-0.84375, 3.77521, 0.85851],
							"rotation": [-22.5, 0, 0],
							"uv": {
								"north": {"uv": [0, 0], "uv_size": [0, 0.25]},
								"east": {"uv": [30, 3], "uv_size": [0.25, 0.25]},
								"south": {"uv": [0, 0], "uv_size": [0, 0.25]},
								"west": {"uv": [4, 30], "uv_size": [0.25, 0.25]},
								"up": {"uv": [0, 0], "uv_size": [0, 0.25]},
								"down": {"uv": [0, 0.25], "uv_size": [0, -0.25]}
							}
						},
						{
							"origin": [-0.84375, 3.61896, 0.65711],
							"size": [0, 0.3125, 0.09375],
							"pivot": [-0.84375, 3.77521, 0.70399],
							"rotation": [22.5, 0, 0],
							"uv": {
								"north": {"uv": [0, 0], "uv_size": [0, 0.25]},
								"east": {"uv": [30, 4], "uv_size": [0.25, 0.25]},
								"south": {"uv": [0, 0], "uv_size": [0, 0.25]},
								"west": {"uv": [5, 30], "uv_size": [0.25, 0.25]},
								"up": {"uv": [0, 0], "uv_size": [0, 0.25]},
								"down": {"uv": [0, 0.25], "uv_size": [0, -0.25]}
							}
						}
					]
				},
				{
					"name": "bone4",
					"parent": "Barrel",
					"pivot": [-6.16562, 3.0875, 1.0875],
					"cubes": [
						{
							"origin": [-16.525, 2.6875, 0.65625],
							"size": [12.275, 0.36875, 0.36875],
							"pivot": [-6.16562, 3.0875, 1.0875],
							"rotation": [-45, 0, 0],
							"uv": {
								"north": {"uv": [8, 15], "uv_size": [12.25, 0.25]},
								"east": {"uv": [30, 5], "uv_size": [0.25, 0.25]},
								"south": {"uv": [16, 4], "uv_size": [12.25, 0.25]},
								"west": {"uv": [6, 30], "uv_size": [0.25, 0.25]},
								"up": {"uv": [16, 5], "uv_size": [12.25, 0.25]},
								"down": {"uv": [8, 16.25], "uv_size": [12.25, -0.25]}
							}
						}
					]
				},
				{
					"name": "bone3",
					"parent": "Barrel",
					"pivot": [-6.16562, 2.36875, 0.80625],
					"cubes": [
						{
							"origin": [-16.51875, 2.03125, 0.34375],
							"size": [8.76875, 0.7375, 0.76875],
							"inflate": -0.003,
							"pivot": [-6.16562, 2.36875, 0.80625],
							"rotation": [-45, 0, 0],
							"uv": {
								"north": {"uv": [6, 1], "uv_size": [8.75, 0.75]},
								"east": {"uv": [1, 27], "uv_size": [0.75, 0.75]},
								"south": {"uv": [6, 2], "uv_size": [8.75, 0.75]},
								"west": {"uv": [27, 1], "uv_size": [0.75, 0.75]},
								"up": {"uv": [6, 3], "uv_size": [8.75, 0.75]},
								"down": {"uv": [0, 7.75], "uv_size": [8.75, -0.75]}
							}
						},
						{
							"origin": [-8.8, 1.96875, 0.34375],
							"size": [4.55, 0.8, 0.8],
							"pivot": [-6.16562, 2.36875, 0.80625],
							"rotation": [-45, 0, 0],
							"uv": {
								"north": {"uv": [14, 12], "uv_size": [4.5, 0.75]},
								"east": {"uv": [2, 27], "uv_size": [0.75, 0.75]},
								"south": {"uv": [14, 14], "uv_size": [4.5, 0.75]},
								"west": {"uv": [27, 2], "uv_size": [0.75, 0.75]},
								"up": {"uv": [0, 15], "uv_size": [4.5, 0.75]},
								"down": {"uv": [15, 1.75], "uv_size": [4.5, -0.75]}
							}
						},
						{
							"origin": [-8.15625, 1.78125, 0.59375],
							"size": [1.28125, 0.40625, 0.34375],
							"uv": {
								"north": {"uv": [26, 19], "uv_size": [1.25, 0.5]},
								"east": {"uv": [13, 29], "uv_size": [0.25, 0.5]},
								"south": {"uv": [20, 26], "uv_size": [1.25, 0.5]},
								"west": {"uv": [29, 13], "uv_size": [0.25, 0.5]},
								"up": {"uv": [0, 28], "uv_size": [1.25, 0.25]},
								"down": {"uv": [28, 0.25], "uv_size": [1.25, -0.25]}
							}
						}
					]
				},
				{
					"name": "bone2",
					"parent": "Barrel",
					"pivot": [-0.4375, 0, 0.90625],
					"locators": {
						"flash_4": [-16.53125, 2.4375, 0.75]
					}
				},
				{
					"name": "Magazine",
					"parent": "ASVAL",
					"pivot": [-0.26195, -0.52364, 0.78125],
					"cubes": [
						{
							"origin": [-0.94293, -3.40798, 0.46875],
							"size": [2.25, 3.40625, 0.625],
							"pivot": [0.18207, 0.92014, 0.78125],
							"rotation": [0, 0, 15],
							"uv": {
								"north": {"uv": [0, 0], "uv_size": [2.25, 3.5]},
								"east": {"uv": [3, 16], "uv_size": [0.75, 3.5]},
								"south": {"uv": [3, 0], "uv_size": [2.25, 3.5]},
								"west": {"uv": [4, 16], "uv_size": [0.75, 3.5]},
								"up": {"uv": [21, 15], "uv_size": [2.25, 0.75]},
								"down": {"uv": [16, 21.75], "uv_size": [2.25, -0.75]}
							}
						},
						{
							"origin": [-1.1366, -0.16689, 0.46875],
							"size": [2.25, 1.46875, 0.625],
							"pivot": [-0.0116, 0.73936, 0.89063],
							"rotation": [0, 0, 5],
							"uv": {
								"north": {"uv": [15, 2], "uv_size": [2.25, 1.5]},
								"east": {"uv": [12, 20], "uv_size": [0.75, 1.5]},
								"south": {"uv": [5, 15], "uv_size": [2.25, 1.5]},
								"west": {"uv": [24, 15], "uv_size": [0.75, 1.5]},
								"up": {"uv": [21, 16], "uv_size": [2.25, 0.75]},
								"down": {"uv": [19, 21.75], "uv_size": [2.25, -0.75]}
							}
						}
					]
				},
				{
					"name": "Stock",
					"parent": "ASVAL",
					"pivot": [5.07918, 2.68797, 1.10938],
					"cubes": [
						{
							"origin": [11.72167, -0.29298, 0.8125],
							"size": [0.84375, 2.40625, 0],
							"uv": {
								"north": {"uv": [2, 18], "uv_size": [0.75, 2.5]},
								"east": {"uv": [0, 0], "uv_size": [0, 2.5]},
								"south": {"uv": [13, 19], "uv_size": [0.75, 2.5]},
								"west": {"uv": [0, 0], "uv_size": [0, 2.5]},
								"up": {"uv": [0, 0], "uv_size": [0.75, 0]},
								"down": {"uv": [0, 0], "uv_size": [0.75, 0]}
							}
						},
						{
							"origin": [15.09141, -1.35396, 0.34375],
							"size": [0.6875, 3.46875, 0.71875],
							"uv": {
								"north": {"uv": [5, 17], "uv_size": [0.75, 3.5]},
								"east": {"uv": [6, 17], "uv_size": [0.75, 3.5]},
								"south": {"uv": [7, 17], "uv_size": [0.75, 3.5]},
								"west": {"uv": [8, 17], "uv_size": [0.75, 3.5]},
								"up": {"uv": [3, 27], "uv_size": [0.75, 0.75]},
								"down": {"uv": [4, 27.75], "uv_size": [0.75, -0.75]}
							}
						},
						{
							"origin": [6.23543, 1.26609, 0.4375],
							"size": [1.375, 1.46875, 0.71875],
							"pivot": [5.07918, 2.09422, 0.79688],
							"rotation": [0, 0, 5],
							"uv": {
								"north": {"uv": [0, 18], "uv_size": [1.5, 1.5]},
								"east": {"uv": [16, 24], "uv_size": [0.75, 1.5]},
								"south": {"uv": [18, 2], "uv_size": [1.5, 1.5]},
								"west": {"uv": [17, 24], "uv_size": [0.75, 1.5]},
								"up": {"uv": [18, 24], "uv_size": [1.5, 0.75]},
								"down": {"uv": [20, 24.75], "uv_size": [1.5, -0.75]}
							}
						}
					]
				},
				{
					"name": "bone5",
					"parent": "Stock",
					"pivot": [7.87388, 1.36074, 0.79118],
					"cubes": [
						{
							"origin": [7.31043, 1.32859, 0.96875],
							"size": [1.20625, 0.3, 0.3],
							"pivot": [5.07918, 1.93797, 1.10938],
							"rotation": [-45, 0, 5],
							"uv": {
								"north": {"uv": [28, 1], "uv_size": [1.25, 0.25]},
								"east": {"uv": [7, 30], "uv_size": [0.25, 0.25]},
								"south": {"uv": [2, 28], "uv_size": [1.25, 0.25]},
								"west": {"uv": [30, 7], "uv_size": [0.25, 0.25]},
								"up": {"uv": [28, 2], "uv_size": [1.25, 0.25]},
								"down": {"uv": [28, 7.25], "uv_size": [1.25, -0.25]}
							}
						}
					]
				},
				{
					"name": "bone7",
					"parent": "Stock",
					"pivot": [7.87388, 2.11074, 0.79118],
					"rotation": [0, 0, -2.5],
					"cubes": [
						{
							"origin": [7.31043, 2.07859, 0.96875],
							"size": [7.8625, 0.3, 0.3],
							"pivot": [5.07918, 2.68797, 1.10938],
							"rotation": [-45, 0, 5],
							"uv": {
								"north": {"uv": [9, 18], "uv_size": [7.75, 0.25]},
								"east": {"uv": [8, 30], "uv_size": [0.25, 0.25]},
								"south": {"uv": [18, 10], "uv_size": [7.75, 0.25]},
								"west": {"uv": [30, 8], "uv_size": [0.25, 0.25]},
								"up": {"uv": [18, 11], "uv_size": [7.75, 0.25]},
								"down": {"uv": [18, 13.25], "uv_size": [7.75, -0.25]}
							}
						}
					]
				},
				{
					"name": "bone6",
					"parent": "Stock",
					"pivot": [9.03013, 1.36074, 0.79118],
					"rotation": [0, 0, 15],
					"cubes": [
						{
							"origin": [8.48929, 1.07908, 0.96875],
							"size": [7.51875, 0.3, 0.3],
							"pivot": [6.25804, 1.68846, 1.10938],
							"rotation": [-45, 0, 5],
							"uv": {
								"north": {"uv": [19, 9], "uv_size": [7.5, 0.25]},
								"east": {"uv": [9, 30], "uv_size": [0.25, 0.25]},
								"south": {"uv": [19, 12], "uv_size": [7.5, 0.25]},
								"west": {"uv": [30, 9], "uv_size": [0.25, 0.25]},
								"up": {"uv": [19, 14], "uv_size": [7.5, 0.25]},
								"down": {"uv": [19, 18.25], "uv_size": [7.5, -0.25]}
							}
						}
					]
				},
				{
					"name": "leftLeg",
					"parent": "root",
					"pivot": [1.9, 12, 0]
				},
				{
					"name": "leftPants",
					"parent": "leftLeg",
					"pivot": [1.9, 12, 0]
				},
				{
					"name": "rightLeg",
					"parent": "root",
					"pivot": [-1.9, 12, 0]
				},
				{
					"name": "rightPants",
					"parent": "rightLeg",
					"pivot": [-1.9, 12, 0]
				}
			]
		}
	]
}