{
	"format_version": "1.12.0",
	"minecraft:geometry": [
		{
			"description": {
				"identifier": "geometry.mk4",
				"texture_width": 80,
				"texture_height": 80,
				"visible_bounds_width": 7,
				"visible_bounds_height": 4,
				"visible_bounds_offset": [0, 1, 0]
			},
			"bones": [
				{
					"name": "root",
					"pivot": [0, 0, 0]
				},
				{
					"name": "waist",
					"parent": "root",
					"pivot": [0, 12, 0]
				},
				{
					"name": "body",
					"parent": "waist",
					"pivot": [0, 24, 0]
				},
				{
					"name": "head",
					"parent": "body",
					"pivot": [0, 24, 0]
				},
				{
					"name": "hat",
					"parent": "head",
					"pivot": [0, 24, 0]
				},
				{
					"name": "cape",
					"parent": "body",
					"pivot": [0, 24, 3]
				},
				{
					"name": "leftArm",
					"parent": "body",
					"pivot": [5, 22, 0]
				},
				{
					"name": "rightArm",
					"parent": "body",
					"pivot": [-5, 22, 0]
				},
				{
					"name": "jacket",
					"parent": "body",
					"pivot": [0, 24, 0]
				},
				{
					"name": "Gun",
					"parent": "body",
					"pivot": [-5.5625, 22, 0]
				},
				{
					"name": "mk4smr2",
					"parent": "Gun",
					"pivot": [-0.5625, 3.375, -4.28125]
				},
				{
					"name": "bone5",
					"parent": "mk4smr2",
					"pivot": [-0.34375, 0, 0],
					"cubes": [
						{
							"origin": [-2.3315, -5.23246, 1.50098],
							"size": [2.03125, 5.625, 2.21875],
							"inflate": 0.005,
							"pivot": [-0.80025, -3.98246, 3.21973],
							"rotation": [32.4649, 0.53169, -0.23737],
							"uv": {
								"north": {"uv": [53.1, 32.1], "uv_size": [1.8, 5.4]},
								"east": {"uv": [53.1, 32.1], "uv_size": [1.8, 5.4]},
								"south": {"uv": [53.1, 32.1], "uv_size": [1.8, 5.4]},
								"west": {"uv": [53.1, 32.1], "uv_size": [1.8, 5.4]},
								"up": {"uv": [30.1, 22.1], "uv_size": [1.8, 1.8]},
								"down": {"uv": [60.1, 27.9], "uv_size": [1.8, -1.8]}
							}
						},
						{
							"origin": [-2.46367, -2.15592, -10.73631],
							"size": [2.03125, 6.78125, 5.125],
							"inflate": 0.0002,
							"pivot": [-1.44804, 2.39095, -8.17381],
							"rotation": [-0.0351, 0.53169, -0.23737],
							"uv": {
								"north": {"uv": [30.1, 0.1], "uv_size": [4.8, 6.8]},
								"east": {"uv": [30.1, 0.1], "uv_size": [4.8, 6.8]},
								"south": {"uv": [30.1, 0.1], "uv_size": [4.8, 6.8]},
								"west": {"uv": [30.1, 0.1], "uv_size": [4.8, 6.8]},
								"up": {"uv": [53.1, 0.1], "uv_size": [1.8, 4.8]},
								"down": {"uv": [48.1, 58.9], "uv_size": [1.8, -4.8]}
							}
						},
						{
							"origin": [-2.4519, -1.0934, -10.73806],
							"size": [2.03125, 0.65625, 5.125],
							"inflate": -0.005,
							"pivot": [-1.43628, -0.45277, -8.17556],
							"rotation": [-7.5351, 0.53169, -0.23737],
							"uv": {
								"north": {"uv": [10.1, 64.1], "uv_size": [1.8, 0.4]},
								"east": {"uv": [62.1, 34.1], "uv_size": [4.8, 0.4]},
								"south": {"uv": [64.1, 18.1], "uv_size": [1.8, 0.4]},
								"west": {"uv": [62.1, 35.1], "uv_size": [4.8, 0.4]},
								"up": {"uv": [0.1, 55.1], "uv_size": [1.8, 4.8]},
								"down": {"uv": [55.1, 4.9], "uv_size": [1.8, -4.8]}
							}
						},
						{
							"origin": [-2.38919, 0.15216, -9.14334],
							"size": [2.03125, 4.46875, 3.53125],
							"inflate": -0.01,
							"pivot": [-1.37357, 1.66779, -0.47146],
							"rotation": [-0.0351, 0.53169, -0.23737],
							"uv": {
								"north": {"uv": [55.1, 26.1], "uv_size": [1.8, 4.4]},
								"east": {"uv": [47.1, 16.1], "uv_size": [3.4, 4.4]},
								"south": {"uv": [55.1, 31.1], "uv_size": [1.8, 4.4]},
								"west": {"uv": [47.1, 21.1], "uv_size": [3.4, 4.4]},
								"up": {"uv": [57.1, 34.1], "uv_size": [1.8, 3.4]},
								"down": {"uv": [57.1, 53.5], "uv_size": [1.8, -3.4]}
							}
						},
						{
							"origin": [-2.38919, -1.28534, -2.23709],
							"size": [2.03125, 5.90625, 3.53125],
							"inflate": -0.0003,
							"pivot": [-1.37357, 1.66779, -0.47146],
							"rotation": [-0.0351, 0.53169, -0.23737],
							"uv": {
								"north": {"uv": [41.1, 18.1], "uv_size": [1.8, 5.8]},
								"east": {"uv": [41.1, 18.1], "uv_size": [3.4, 5.8]},
								"south": {"uv": [41.1, 18.1], "uv_size": [1.8, 5.8]},
								"west": {"uv": [41.1, 18.1], "uv_size": [3.4, 5.8]},
								"up": {"uv": [53.1, 57.1], "uv_size": [1.8, 3.4]},
								"down": {"uv": [57.1, 57.5], "uv_size": [1.8, -3.4]}
							}
						},
						{
							"origin": [-1.35794, -1.03534, -5.64334],
							"size": [-0.03125, 5.65625, 3.53125],
							"pivot": [-1.37357, 1.66779, -0.47146],
							"rotation": [-0.0351, 0.53169, -0.23737],
							"uv": {
								"north": {"uv": [2.1, 62.1], "uv_size": [0.4, 5.4]},
								"east": {"uv": [46.1, 0.1], "uv_size": [3.4, 5.4]},
								"south": {"uv": [62.1, 22.1], "uv_size": [0.4, 5.4]},
								"west": {"uv": [46.1, 6.1], "uv_size": [3.4, 5.4]},
								"up": {"uv": [49.1, 63.1], "uv_size": [0.4, 3.4]},
								"down": {"uv": [63.1, 55.5], "uv_size": [0.4, -3.4]}
							}
						},
						{
							"origin": [-2.26419, 0.83966, -5.64334],
							"size": [1.78125, 1.28125, 3.59375],
							"pivot": [-1.37357, 1.66779, -0.47146],
							"rotation": [-0.0351, 0.53169, -0.23737],
							"uv": {
								"north": {"uv": [61.1, 30.1], "uv_size": [1.8, 1.4]},
								"east": {"uv": [60.1, 20.1], "uv_size": [3.4, 1.4]},
								"south": {"uv": [61.1, 48.1], "uv_size": [1.8, 1.4]},
								"west": {"uv": [60.1, 20.1], "uv_size": [3.4, 1.4]},
								"up": {"uv": [38.1, 58.1], "uv_size": [1.8, 3.4]},
								"down": {"uv": [63.5, 21.5], "uv_size": [-3.4, -1.4]}
							}
						},
						{
							"origin": [-2.39611, 1.28082, -1.80975],
							"size": [2.03125, 4.53125, 3.09375],
							"inflate": -0.002,
							"pivot": [-0.86486, 1.78082, -1.16913],
							"rotation": [-32.5351, 0.53169, -0.23737],
							"uv": {
								"north": {"uv": [55.1, 36.1], "uv_size": [1.8, 4.4]},
								"east": {"uv": [41.1, 18.1], "uv_size": [3.4, 5.8]},
								"south": {"uv": [41.1, 18.1], "uv_size": [3.4, 5.8]},
								"west": {"uv": [41.1, 18.1], "uv_size": [1.8, 5.8]},
								"up": {"uv": [55.1, 19.1], "uv_size": [1.8, 2.8]},
								"down": {"uv": [58.1, 48.9], "uv_size": [1.8, -2.8]}
							}
						},
						{
							"origin": [-2.39611, 0.81207, -5.0285],
							"size": [2.03125, 5.90625, 3.53125],
							"inflate": 0.0001,
							"pivot": [-0.86486, 1.78082, -1.16913],
							"rotation": [-90.0351, 0.53169, -0.23737],
							"uv": {
								"north": {"uv": [45.1, 52.1], "uv_size": [1.8, 5.8]},
								"east": {"uv": [41.1, 24.1], "uv_size": [3.4, 5.8]},
								"south": {"uv": [52.1, 45.1], "uv_size": [1.8, 5.8]},
								"west": {"uv": [41.1, 30.1], "uv_size": [3.4, 5.8]},
								"up": {"uv": [58.1, 42.1], "uv_size": [1.8, 3.4]},
								"down": {"uv": [45.1, 61.5], "uv_size": [1.8, -3.4]}
							}
						},
						{
							"origin": [-2.39611, -8.25043, -5.49725],
							"size": [2.03125, 14.5625, 4],
							"inflate": 0.0008,
							"pivot": [-0.86486, 1.78082, -1.16913],
							"rotation": [-90.0351, 0.53169, -0.23737],
							"uv": {
								"north": {"uv": [6.1, 12.1], "uv_size": [3.8, 14.4]},
								"east": {"uv": [6.1, 12.1], "uv_size": [3.8, 14.4]},
								"south": {"uv": [42.9, 23.9], "uv_size": [-1.8, -5.8]},
								"west": {"uv": [10.1, 12.1], "uv_size": [3.8, 14.4]},
								"up": {"uv": [56.1, 46.1], "uv_size": [1.8, 3.8]},
								"down": {"uv": [9.9, 26.5], "uv_size": [-3.8, -14.4]}
							}
						},
						{
							"origin": [-3.58387, 3.32713, -4.91334],
							"size": [2.1875, 7.1875, 1.21875],
							"pivot": [-1.41199, 3.23338, -3.91334],
							"rotation": [-90.0351, 0.53169, 44.76263],
							"uv": {
								"north": {"uv": [48.1, 40.1], "uv_size": [1.8, 6.8]},
								"east": {"uv": [47.1, 26.1], "uv_size": [0.8, 6.8]},
								"south": {"uv": [47.1, 26.1], "uv_size": [0.8, 6.8]},
								"west": {"uv": [47.1, 56.1], "uv_size": [0.8, 6.8]},
								"up": {"uv": [6.1, 26.5], "uv_size": [3.8, -14.4]},
								"down": {"uv": [47.9, 32.9], "uv_size": [-0.8, -6.8]}
							}
						},
						{
							"origin": [-2.69127, 1.67098, -7.84337],
							"size": [0, 3.96875, 1.71875],
							"pivot": [-1.97252, 3.65535, -7.51525],
							"rotation": [-90.0351, 0.53169, 24.76263],
							"uv": {
								"north": {"uv": [0.1, 0.1], "uv_size": [0, 3.8]},
								"east": {"uv": [59.1, 28.1], "uv_size": [1.4, 3.8]},
								"south": {"uv": [0.1, 0.1], "uv_size": [0, 3.8]},
								"west": {"uv": [59.1, 34.1], "uv_size": [1.4, 3.8]},
								"up": {"uv": [0.1, 0.1], "uv_size": [0, 1.4]},
								"down": {"uv": [0.1, 1.5], "uv_size": [0, -1.4]}
							}
						},
						{
							"origin": [-3.38945, 3.20269, 1.35354],
							"size": [0.71875, 3, 0.71875],
							"pivot": [-3.09258, 4.70269, 1.71292],
							"rotation": [-108.16193, -16.95668, 47.40401],
							"uv": {
								"north": {"uv": [60.1, 20.1], "uv_size": [3.4, 1.4]},
								"east": {"uv": [60.1, 20.1], "uv_size": [3.4, 1.4]},
								"south": {"uv": [60.1, 20.1], "uv_size": [3.4, 1.4]},
								"west": {"uv": [60.1, 20.1], "uv_size": [3.4, 1.4]},
								"up": {"uv": [63.5, 21.5], "uv_size": [-3.4, -1.4]},
								"down": {"uv": [65.1, 24.5], "uv_size": [0.4, -0.4]}
							}
						},
						{
							"origin": [-0.04061, 9.81639, -6.25791],
							"size": [2.1875, 0.125, 1.21875],
							"pivot": [2.13126, 4.53514, -7.03916],
							"rotation": [-112.08453, -20.3017, 48.65803],
							"uv": {
								"north": {"uv": [64.1, 19.1], "uv_size": [1.8, 0.4]},
								"east": {"uv": [47.1, 26.1], "uv_size": [0.8, 6.8]},
								"south": {"uv": [47.1, 26.1], "uv_size": [0.8, 6.8]},
								"west": {"uv": [64.1, 62.1], "uv_size": [0.8, 0.4]},
								"up": {"uv": [47.9, 32.9], "uv_size": [-0.8, -6.8]},
								"down": {"uv": [9.9, 26.5], "uv_size": [-3.8, -14.4]}
							}
						},
						{
							"origin": [-3.58387, -4.04787, -4.16334],
							"size": [2.1875, 14.84375, 1.21875],
							"pivot": [-1.41199, 3.23338, -3.91334],
							"rotation": [-89.29504, -0.14087, 132.26515],
							"uv": {
								"north": {"uv": [30.1, 7.1], "uv_size": [1.8, 14.8]},
								"east": {"uv": [47.1, 26.1], "uv_size": [0.8, 14.8]},
								"south": {"uv": [28.1, 31.1], "uv_size": [1.8, 14.8]},
								"west": {"uv": [47.1, 41.1], "uv_size": [0.8, 14.8]},
								"up": {"uv": [6.1, 12.1], "uv_size": [3.8, 14.4]},
								"down": {"uv": [62.1, 45.9], "uv_size": [1.8, -0.8]}
							}
						},
						{
							"origin": [-1.98986, -8.21918, -5.966],
							"size": [1.28125, 13.25, 4],
							"pivot": [-0.86486, 1.78082, -1.16913],
							"rotation": [-90.0351, 0.53169, -0.23737],
							"uv": {
								"north": {"uv": [24.1, 40.1], "uv_size": [1.4, 13.4]},
								"east": {"uv": [21.9, 0.1], "uv_size": [-3.8, 13.4]},
								"south": {"uv": [41.1, 36.1], "uv_size": [1.4, 13.4]},
								"west": {"uv": [18.1, 0.1], "uv_size": [3.8, 13.4]},
								"up": {"uv": [48.1, 59.1], "uv_size": [1.4, 3.8]},
								"down": {"uv": [59.1, 52.9], "uv_size": [1.4, -3.8]}
							}
						},
						{
							"origin": [-1.96486, 2.12457, -6.216],
							"size": [1.19375, 2.09375, 0.46875],
							"pivot": [-0.86486, 1.78082, -1.16913],
							"rotation": [-90.0351, 0.53169, -0.23737],
							"uv": {
								"north": {"uv": [64.1, 23.1], "uv_size": [0.4, 1.8]},
								"east": {"uv": [64.1, 23.1], "uv_size": [0.4, 1.8]},
								"south": {"uv": [55.1, 41.1], "uv_size": [0.8, 1.8]},
								"west": {"uv": [64.1, 23.1], "uv_size": [0.4, 1.8]},
								"up": {"uv": [64.5, 24.9], "uv_size": [-0.4, -1.8]},
								"down": {"uv": [64.5, 24.9], "uv_size": [-0.4, -1.8]}
							}
						},
						{
							"origin": [-1.96486, -32.46918, -6.216],
							"size": [1.19375, 2.09375, 0.46875],
							"pivot": [-0.86486, 1.78082, -1.16913],
							"rotation": [-90.0351, 0.53169, -0.23737],
							"uv": {
								"north": {"uv": [25.1, 64.1], "uv_size": [0.4, 1.8]},
								"east": {"uv": [25.1, 64.1], "uv_size": [0.4, 1.8]},
								"south": {"uv": [33.1, 62.1], "uv_size": [0.8, 1.8]},
								"west": {"uv": [25.1, 64.1], "uv_size": [0.4, 1.8]},
								"up": {"uv": [25.5, 65.9], "uv_size": [-0.4, -1.8]},
								"down": {"uv": [65.1, 1.5], "uv_size": [0.8, -0.4]}
							}
						},
						{
							"origin": [-2.14611, -8.21918, -5.68475],
							"size": [1.59375, 13.25, 3.71875],
							"pivot": [-0.86486, 1.78082, -1.16913],
							"rotation": [-90.0351, 0.53169, -0.23737],
							"uv": {
								"north": {"uv": [6.1, 12.1], "uv_size": [3.8, 14.4]},
								"east": {"uv": [25.5, 0.1], "uv_size": [-3.4, 13.4]},
								"south": {"uv": [45.1, 12.1], "uv_size": [1.4, 13.4]},
								"west": {"uv": [22.1, 0.1], "uv_size": [3.4, 13.4]},
								"up": {"uv": [60.1, 22.1], "uv_size": [1.4, 3.4]},
								"down": {"uv": [24.1, 63.5], "uv_size": [1.4, -3.4]}
							}
						},
						{
							"origin": [-2.14611, -34.09418, -5.74725],
							"size": [1.59375, 25.84375, 0.34375],
							"pivot": [-0.86486, 1.78082, -1.16913],
							"rotation": [-90.0351, 0.53169, -0.23737],
							"uv": {
								"north": {"uv": [22.1, 14.1], "uv_size": [1.4, 25.8]},
								"east": {"uv": [5.1, 50.1], "uv_size": [0.4, 25.8]},
								"south": {"uv": [5.1, 50.1], "uv_size": [0.4, 25.8]},
								"west": {"uv": [5.1, 50.1], "uv_size": [0.4, 25.8]},
								"up": {"uv": [64.1, 41.1], "uv_size": [1.4, 0.4]},
								"down": {"uv": [5.5, 75.9], "uv_size": [-0.4, -25.8]}
							}
						},
						{
							"origin": [-1.95861, -33.78168, -5.93475],
							"size": [1.21875, 25.53125, 0.53125],
							"pivot": [-0.86486, 1.78082, -1.16913],
							"rotation": [-90.0351, 0.53169, -0.23737],
							"uv": {
								"north": {"uv": [22.1, 40.1], "uv_size": [0.8, 25.4]},
								"east": {"uv": [37.1, 52.1], "uv_size": [0.4, 25.4]},
								"south": {"uv": [5.1, 50.1], "uv_size": [0.4, 25.8]},
								"west": {"uv": [37.1, 52.1], "uv_size": [0.4, 25.4]},
								"up": {"uv": [65.1, 2.1], "uv_size": [0.8, 0.4]},
								"down": {"uv": [5.5, 75.9], "uv_size": [-0.4, -25.8]}
							}
						},
						{
							"origin": [-2.14611, -34.09418, -2.37225],
							"size": [1.59375, 25.84375, 0.5625],
							"pivot": [-0.86486, 1.78082, -1.16913],
							"rotation": [-90.0351, 0.53169, -0.23737],
							"uv": {
								"north": {"uv": [5.1, 50.1], "uv_size": [0.4, 25.8]},
								"east": {"uv": [41.1, 50.1], "uv_size": [0.4, 25.8]},
								"south": {"uv": [5.1, 50.1], "uv_size": [0.4, 25.8]},
								"west": {"uv": [41.1, 50.1], "uv_size": [0.4, 25.8]},
								"up": {"uv": [64.1, 43.1], "uv_size": [1.4, 0.4]},
								"down": {"uv": [5.5, 75.9], "uv_size": [-0.4, -25.8]}
							}
						},
						{
							"origin": [-2.8392, -8.39553, -25.67759],
							"size": [0.5, 25.84375, 1.59375],
							"pivot": [-1.57357, 4.52635, -24.11509],
							"rotation": [-90.0351, 0.53169, 9.76263],
							"uv": {
								"north": {"uv": [22.1, 14.1], "uv_size": [1.4, 25.8]},
								"east": {"uv": [15.5, 26.1], "uv_size": [-1.4, 25.8]},
								"south": {"uv": [43.1, 50.1], "uv_size": [0.4, 25.8]},
								"west": {"uv": [14.1, 26.1], "uv_size": [1.4, 25.8]},
								"up": {"uv": [45.1, 64.1], "uv_size": [0.4, 1.4]},
								"down": {"uv": [5.5, 75.9], "uv_size": [-0.4, -25.8]}
							}
						},
						{
							"origin": [-2.82553, -8.60234, -24.52125],
							"size": [0.5, 25.84375, 0.4375],
							"pivot": [-1.55991, 4.31953, -24.115],
							"rotation": [-90.0351, 0.53169, -0.23737],
							"uv": {
								"north": {"uv": [5.1, 50.1], "uv_size": [0.4, 25.8]},
								"east": {"uv": [5.1, 50.1], "uv_size": [0.4, 25.8]},
								"south": {"uv": [13.1, 51.1], "uv_size": [0.4, 25.8]},
								"west": {"uv": [51.1, 32.1], "uv_size": [0.4, 25.8]},
								"up": {"uv": [65.1, 26.1], "uv_size": [0.4, 0.4]},
								"down": {"uv": [5.5, 75.9], "uv_size": [-0.4, -25.8]}
							}
						},
						{
							"origin": [-0.82553, -8.60234, -24.52125],
							"size": [0.5, 25.84375, 0.59375],
							"pivot": [-1.55991, 4.31953, -24.115],
							"rotation": [-90.0351, 0.53169, -0.23737],
							"uv": {
								"north": {"uv": [14.1, 52.1], "uv_size": [0.4, 25.8]},
								"east": {"uv": [15.1, 52.1], "uv_size": [0.4, 25.8]},
								"south": {"uv": [16.1, 52.1], "uv_size": [0.4, 25.8]},
								"west": {"uv": [17.1, 52.1], "uv_size": [0.4, 25.8]},
								"up": {"uv": [65.1, 29.1], "uv_size": [0.4, 0.4]},
								"down": {"uv": [5.5, 75.9], "uv_size": [-0.4, -25.8]}
							}
						},
						{
							"origin": [-0.82553, -8.60234, -24.52125],
							"size": [0.5, 25.84375, 0.59375],
							"pivot": [-1.55991, 4.31953, -24.115],
							"rotation": [-90.0351, 0.53169, -0.23737],
							"uv": {
								"north": {"uv": [14.1, 52.1], "uv_size": [0.4, 25.8]},
								"east": {"uv": [15.1, 52.1], "uv_size": [0.4, 25.8]},
								"south": {"uv": [16.1, 52.1], "uv_size": [0.4, 25.8]},
								"west": {"uv": [17.1, 52.1], "uv_size": [0.4, 25.8]},
								"up": {"uv": [65.1, 29.1], "uv_size": [0.4, 0.4]},
								"down": {"uv": [5.5, 75.9], "uv_size": [-0.4, -25.8]}
							}
						},
						{
							"origin": [-0.97872, -7.45732, -24.919],
							"size": [0.5, 25.84375, 1.59375],
							"pivot": [-0.72872, 5.46455, -24.12213],
							"rotation": [-89.85738, -0.45239, 169.76275],
							"uv": {
								"north": {"uv": [18.1, 52.1], "uv_size": [0.4, 25.8]},
								"east": {"uv": [14.1, 26.1], "uv_size": [1.4, 25.8]},
								"south": {"uv": [19.1, 52.1], "uv_size": [0.4, 25.8]},
								"west": {"uv": [15.5, 26.1], "uv_size": [-1.4, 25.8]},
								"up": {"uv": [46.1, 64.1], "uv_size": [0.4, 1.4]},
								"down": {"uv": [5.5, 75.9], "uv_size": [-0.4, -25.8]}
							}
						},
						{
							"origin": [-2.9017, -8.39553, -25.64634],
							"size": [0.5, 25.84375, 1.59375],
							"pivot": [-1.57357, 4.52635, -24.11509],
							"rotation": [-90.40604, -0.66201, -162.73695],
							"uv": {
								"north": {"uv": [20.1, 52.1], "uv_size": [0.4, 25.8]},
								"east": {"uv": [26.1, 26.1], "uv_size": [1.4, 25.8]},
								"south": {"uv": [21.1, 52.1], "uv_size": [0.4, 25.8]},
								"west": {"uv": [14.1, 26.1], "uv_size": [1.4, 25.8]},
								"up": {"uv": [48.1, 64.1], "uv_size": [0.4, 1.4]},
								"down": {"uv": [5.5, 75.9], "uv_size": [-0.4, -25.8]}
							}
						},
						{
							"origin": [-2.8392, -8.39553, -24.24009],
							"size": [0.53125, 25.84375, 1.59375],
							"pivot": [-1.57357, 4.52635, -24.11509],
							"rotation": [-90.0351, 0.53169, -15.23737],
							"uv": {
								"north": {"uv": [26.1, 52.1], "uv_size": [0.4, 25.8]},
								"east": {"uv": [27.5, 26.1], "uv_size": [-1.4, 25.8]},
								"south": {"uv": [27.1, 52.1], "uv_size": [0.4, 25.8]},
								"west": {"uv": [15.5, 26.1], "uv_size": [-1.4, 25.8]},
								"up": {"uv": [64.1, 54.1], "uv_size": [0.4, 1.4]},
								"down": {"uv": [5.5, 75.9], "uv_size": [-0.4, -25.8]}
							}
						},
						{
							"origin": [-2.67736, -32.90668, -4.74725],
							"size": [0.4375, 23.46875, 1.6875],
							"pivot": [-0.86486, 1.78082, -1.1691],
							"rotation": [-90.0351, 0.53169, -0.23737],
							"uv": {
								"north": {"uv": [21.5, 28.1], "uv_size": [-1.4, 23.4]},
								"east": {"uv": [20.1, 51.5], "uv_size": [1.4, -23.4]},
								"south": {"uv": [20.1, 28.1], "uv_size": [1.4, 23.4]},
								"west": {"uv": [28.1, 0.1], "uv_size": [1.4, 23.4]},
								"up": {"uv": [56.1, 64.1], "uv_size": [0.4, 1.4]},
								"down": {"uv": [5.5, 75.9], "uv_size": [-0.4, -25.8]}
							}
						},
						{
							"origin": [-0.52111, -32.84418, -4.74725],
							"size": [0.5625, 23.34375, 1.6875],
							"pivot": [-0.86486, 1.78082, -1.16913],
							"rotation": [-90.0351, 0.53169, -0.23737],
							"uv": {
								"north": {"uv": [20.1, 28.1], "uv_size": [1.4, 23.4]},
								"east": {"uv": [18.1, 28.1], "uv_size": [1.4, 23.4]},
								"south": {"uv": [20.1, 28.1], "uv_size": [1.4, 23.4]},
								"west": {"uv": [20.1, 28.1], "uv_size": [1.4, 23.4]},
								"up": {"uv": [64.1, 58.1], "uv_size": [0.4, 1.4]},
								"down": {"uv": [5.5, 75.9], "uv_size": [-0.4, -25.8]}
							}
						},
						{
							"origin": [-2.0892, -12.42626, -24.96],
							"size": [1.21875, 25.84375, 1.1875],
							"pivot": [-1.44858, 4.52686, -24.11625],
							"rotation": [-90.0351, 0.53169, -45.23737],
							"uv": {
								"north": {"uv": [34.1, 33.1], "uv_size": [0.8, 25.8]},
								"east": {"uv": [34.1, 7.1], "uv_size": [0.8, 25.8]},
								"south": {"uv": [34.1, 7.1], "uv_size": [0.8, 25.8]},
								"west": {"uv": [34.1, 33.1], "uv_size": [0.8, 25.8]},
								"up": {"uv": [55.1, 43.1], "uv_size": [0.8, 0.8]},
								"down": {"uv": [57.1, 40.9], "uv_size": [0.8, -0.8]}
							}
						},
						{
							"origin": [-2.33117, -5.78164, 1.35238],
							"size": [2.03125, 0.8125, 2.75],
							"inflate": -0.0001,
							"pivot": [-0.79992, -3.90664, 3.28988],
							"rotation": [12.4649, 0.53169, -0.23737],
							"uv": {
								"north": {"uv": [62.1, 46.1], "uv_size": [1.8, 0.8]},
								"east": {"uv": [63.9, 56.1], "uv_size": [-2.8, 0.8]},
								"south": {"uv": [62.1, 47.1], "uv_size": [1.8, 0.8]},
								"west": {"uv": [61.1, 56.1], "uv_size": [2.8, 0.8]},
								"up": {"uv": [59.1, 53.1], "uv_size": [1.8, 2.8]},
								"down": {"uv": [59.1, 58.9], "uv_size": [1.8, -2.8]}
							}
						},
						{
							"origin": [-2.34816, -5.80381, 0.50754],
							"size": [2.03125, 5.25, 1.03125],
							"inflate": -0.001,
							"pivot": [-0.81691, -2.99131, 1.86692],
							"rotation": [22.4649, 0.53169, -0.23737],
							"uv": {
								"north": {"uv": [53.1, 32.1], "uv_size": [1.8, 5.4]},
								"east": {"uv": [60.1, 12.1], "uv_size": [0.8, 5.4]},
								"south": {"uv": [53.1, 51.1], "uv_size": [1.8, 5.4]},
								"west": {"uv": [60.1, 12.1], "uv_size": [0.8, 5.4]},
								"up": {"uv": [59.1, 62.1], "uv_size": [1.8, 0.8]},
								"down": {"uv": [0.1, 63.9], "uv_size": [1.8, -0.8]}
							}
						},
						{
							"origin": [-2.34819, -6.12056, 1.5818],
							"size": [2.03125, 2.9375, 0.59375],
							"inflate": 0.001,
							"pivot": [-0.81694, -3.30806, 1.72242],
							"rotation": [-7.5351, 0.53169, -0.23737],
							"uv": {
								"north": {"uv": [59.1, 59.1], "uv_size": [1.8, 2.8]},
								"east": {"uv": [63.1, 60.1], "uv_size": [0.4, 2.8]},
								"south": {"uv": [0.1, 60.1], "uv_size": [1.8, 2.8]},
								"west": {"uv": [63.1, 60.1], "uv_size": [0.4, 2.8]},
								"up": {"uv": [64.1, 25.1], "uv_size": [1.8, 0.4]},
								"down": {"uv": [64.1, 28.5], "uv_size": [1.8, -0.4]}
							}
						}
					]
				},
				{
					"name": "bone15",
					"parent": "bone5",
					"pivot": [-1.41199, 3.23338, -3.91334],
					"cubes": [
						{
							"origin": [-3.58387, -4.04787, -4.91334],
							"size": [2.1875, 0.96875, 1.21875],
							"pivot": [-1.41199, 3.23338, -3.91334],
							"rotation": [-90.0351, 0.53169, 44.76263],
							"uv": {
								"north": {"uv": [62.1, 39.1], "uv_size": [1.8, 0.8]},
								"east": {"uv": [53.1, 44.1], "uv_size": [0.8, 0.8]},
								"south": {"uv": [62.1, 40.1], "uv_size": [1.8, 0.8]},
								"west": {"uv": [54.1, 50.1], "uv_size": [0.8, 0.8]},
								"up": {"uv": [62.1, 41.1], "uv_size": [1.8, 0.8]},
								"down": {"uv": [62.1, 42.9], "uv_size": [1.8, -0.8]}
							}
						}
					],
					"locators": {
						"chamber_smoke1": [-2.90625, 4.65625, -4.5]
					}
				},
				{
					"name": "bone14",
					"parent": "bone5",
					"pivot": [-1.7535, 4.58759, -39.24015],
					"cubes": [
						{
							"origin": [-2.45663, 2.57197, -39.92765],
							"size": [1.40625, 2, 1.375],
							"pivot": [-1.7535, 4.58759, -39.24015],
							"rotation": [-90.0351, 0.53169, -45.23737],
							"uv": {
								"north": {"uv": [62.5, 54.1], "uv_size": [-1.4, 1.8]},
								"east": {"uv": [61.1, 54.1], "uv_size": [1.4, 1.8]},
								"south": {"uv": [53.1, 61.1], "uv_size": [1.4, 1.8]},
								"west": {"uv": [61.1, 54.1], "uv_size": [1.4, 1.8]},
								"up": {"uv": [62.1, 36.1], "uv_size": [1.4, 1.4]},
								"down": {"uv": [62.5, 55.9], "uv_size": [-1.4, -1.8]}
							}
						}
					],
					"locators": {
						"flash_3": [-1.75, 4.5, -41.25]
					}
				},
				{
					"name": "bone3",
					"parent": "bone5",
					"pivot": [-0.32647, 7.02797, 0.32275],
					"cubes": [
						{
							"origin": [-1.56028, 6.82485, 0.05712],
							"size": [0.4375, 0.40625, 0.53125],
							"pivot": [-1.34153, 7.02797, 0.32275],
							"rotation": [-90.23585, 40.53127, -0.3123],
							"uv": {
								"north": {"uv": [65.1, 31.1], "uv_size": [0.4, 0.4]},
								"east": {"uv": [65.1, 32.1], "uv_size": [0.4, 0.4]},
								"south": {"uv": [33.1, 65.1], "uv_size": [0.4, 0.4]},
								"west": {"uv": [65.1, 33.1], "uv_size": [0.4, 0.4]},
								"up": {"uv": [34.1, 65.1], "uv_size": [0.4, 0.4]},
								"down": {"uv": [35.1, 65.5], "uv_size": [0.4, -0.4]}
							}
						},
						{
							"origin": [-1.56267, 7.40297, 0.3231],
							"size": [0.4375, 0.40625, 0.4375],
							"pivot": [-1.34392, 7.60609, 0.3231],
							"rotation": [-90.0351, 0.53169, -0.23737],
							"uv": {
								"north": {"uv": [65.1, 36.1], "uv_size": [0.4, 0.4]},
								"east": {"uv": [65.1, 37.1], "uv_size": [0.4, 0.4]},
								"south": {"uv": [38.1, 65.1], "uv_size": [0.4, 0.4]},
								"west": {"uv": [39.1, 65.1], "uv_size": [0.4, 0.4]},
								"up": {"uv": [65.1, 45.1], "uv_size": [0.4, 0.4]},
								"down": {"uv": [65.1, 46.5], "uv_size": [0.4, -0.4]}
							}
						},
						{
							"origin": [-1.56028, 6.8561, -0.69288],
							"size": [0.4375, 0.375, 0.53125],
							"pivot": [-1.34153, 7.02797, 0.32275],
							"rotation": [-90.23585, 40.53127, -0.3123],
							"uv": {
								"north": {"uv": [65.1, 47.1], "uv_size": [0.4, 0.4]},
								"east": {"uv": [65.1, 48.1], "uv_size": [0.4, 0.4]},
								"south": {"uv": [65.1, 49.1], "uv_size": [0.4, 0.4]},
								"west": {"uv": [65.1, 50.1], "uv_size": [0.4, 0.4]},
								"up": {"uv": [65.1, 51.1], "uv_size": [0.4, 0.4]},
								"down": {"uv": [65.1, 52.5], "uv_size": [0.4, -0.4]}
							}
						}
					]
				},
				{
					"name": "bone6",
					"parent": "bone3",
					"pivot": [-0.32886, 7.60609, 0.3231],
					"cubes": [
						{
							"origin": [-1.15642, 7.62172, -0.64565],
							"size": [0.09375, 0, 0.5625],
							"pivot": [-1.34392, 7.60609, 0.3231],
							"rotation": [-90.0351, 0.53169, -0.23737],
							"uv": {
								"north": {"uv": [0.1, 0.1], "uv_size": [0.4, 0]},
								"east": {"uv": [0.1, 0.1], "uv_size": [0.4, 0]},
								"south": {"uv": [0.1, 0.1], "uv_size": [0.4, 0]},
								"west": {"uv": [0.1, 0.1], "uv_size": [0.4, 0]},
								"up": {"uv": [65.1, 53.1], "uv_size": [0.4, 0.4]},
								"down": {"uv": [65.1, 54.5], "uv_size": [0.4, -0.4]}
							}
						},
						{
							"origin": [-1.62517, 7.62172, -0.6769],
							"size": [0.5625, 0, 0.09375],
							"pivot": [-1.34392, 7.60609, 0.3231],
							"rotation": [-90.0351, 0.53169, -0.23737],
							"uv": {
								"north": {"uv": [0.1, 0.1], "uv_size": [0.4, 0]},
								"east": {"uv": [0.1, 0.1], "uv_size": [0.4, 0]},
								"south": {"uv": [0.1, 0.1], "uv_size": [0.4, 0]},
								"west": {"uv": [0.1, 0.1], "uv_size": [0.4, 0]},
								"up": {"uv": [65.1, 55.1], "uv_size": [0.4, 0.4]},
								"down": {"uv": [65.1, 56.5], "uv_size": [0.4, -0.4]}
							}
						},
						{
							"origin": [-1.62517, 7.62172, -0.1769],
							"size": [0.5625, 0, 0.09375],
							"pivot": [-1.34392, 7.60609, 0.3231],
							"rotation": [-90.0351, 0.53169, -0.23737],
							"uv": {
								"north": {"uv": [0.1, 0.1], "uv_size": [0.4, 0]},
								"east": {"uv": [0.1, 0.1], "uv_size": [0.4, 0]},
								"south": {"uv": [0.1, 0.1], "uv_size": [0.4, 0]},
								"west": {"uv": [0.1, 0.1], "uv_size": [0.4, 0]},
								"up": {"uv": [65.1, 57.1], "uv_size": [0.4, 0.4]},
								"down": {"uv": [65.1, 58.5], "uv_size": [0.4, -0.4]}
							}
						},
						{
							"origin": [-1.62517, 7.62172, -0.64565],
							"size": [0.09375, 0, 0.5625],
							"pivot": [-1.34392, 7.60609, 0.3231],
							"rotation": [-90.0351, 0.53169, -0.23737],
							"uv": {
								"north": {"uv": [0.1, 0.1], "uv_size": [0.4, 0]},
								"east": {"uv": [0.1, 0.1], "uv_size": [0.4, 0]},
								"south": {"uv": [0.1, 0.1], "uv_size": [0.4, 0]},
								"west": {"uv": [0.1, 0.1], "uv_size": [0.4, 0]},
								"up": {"uv": [65.1, 59.1], "uv_size": [0.4, 0.4]},
								"down": {"uv": [65.1, 60.5], "uv_size": [0.4, -0.4]}
							}
						}
					]
				},
				{
					"name": "bone7",
					"parent": "bone3",
					"pivot": [-0.67261, 7.60609, -34.4269],
					"cubes": [
						{
							"origin": [-1.50017, 7.62172, -35.39565],
							"size": [0.09375, 0, 0.5625],
							"pivot": [-1.68767, 7.60609, -34.4269],
							"rotation": [-90.0351, 0.53169, -0.23737],
							"uv": {
								"north": {"uv": [0.1, 0.1], "uv_size": [0.4, 0]},
								"east": {"uv": [0.1, 0.1], "uv_size": [0.4, 0]},
								"south": {"uv": [0.1, 0.1], "uv_size": [0.4, 0]},
								"west": {"uv": [0.1, 0.1], "uv_size": [0.4, 0]},
								"up": {"uv": [61.1, 65.1], "uv_size": [0.4, 0.4]},
								"down": {"uv": [65.1, 61.5], "uv_size": [0.4, -0.4]}
							}
						},
						{
							"origin": [-1.96892, 7.62172, -35.4269],
							"size": [0.5625, 0, 0.09375],
							"pivot": [-1.68767, 7.60609, -34.4269],
							"rotation": [-90.0351, 0.53169, -0.23737],
							"uv": {
								"north": {"uv": [0.1, 0.1], "uv_size": [0.4, 0]},
								"east": {"uv": [0.1, 0.1], "uv_size": [0.4, 0]},
								"south": {"uv": [0.1, 0.1], "uv_size": [0.4, 0]},
								"west": {"uv": [0.1, 0.1], "uv_size": [0.4, 0]},
								"up": {"uv": [62.1, 65.1], "uv_size": [0.4, 0.4]},
								"down": {"uv": [65.1, 62.5], "uv_size": [0.4, -0.4]}
							}
						},
						{
							"origin": [-1.71892, 7.62172, -35.1769],
							"size": [0.0625, 0, 0.34375],
							"pivot": [-1.68767, 7.60609, -34.4269],
							"rotation": [-90.0351, 0.53169, -0.23737],
							"uv": {
								"north": {"uv": [0.1, 0.1], "uv_size": [0.4, 0]},
								"east": {"uv": [0.1, 0.1], "uv_size": [0.4, 0]},
								"south": {"uv": [0.1, 0.1], "uv_size": [0.4, 0]},
								"west": {"uv": [0.1, 0.1], "uv_size": [0.4, 0]},
								"up": {"uv": [63.1, 65.1], "uv_size": [0.4, 0.4]},
								"down": {"uv": [65.1, 63.5], "uv_size": [0.4, -0.4]}
							}
						},
						{
							"origin": [-1.96892, 7.62172, -34.9269],
							"size": [0.5625, 0, 0.09375],
							"pivot": [-1.68767, 7.60609, -34.4269],
							"rotation": [-90.0351, 0.53169, -0.23737],
							"uv": {
								"north": {"uv": [0.1, 0.1], "uv_size": [0.4, 0]},
								"east": {"uv": [0.1, 0.1], "uv_size": [0.4, 0]},
								"south": {"uv": [0.1, 0.1], "uv_size": [0.4, 0]},
								"west": {"uv": [0.1, 0.1], "uv_size": [0.4, 0]},
								"up": {"uv": [64.1, 65.1], "uv_size": [0.4, 0.4]},
								"down": {"uv": [65.1, 64.5], "uv_size": [0.4, -0.4]}
							}
						},
						{
							"origin": [-1.96892, 7.62172, -35.39565],
							"size": [0.09375, 0, 0.5625],
							"pivot": [-1.68767, 7.60609, -34.4269],
							"rotation": [-90.0351, 0.53169, -0.23737],
							"uv": {
								"north": {"uv": [0.1, 0.1], "uv_size": [0.4, 0]},
								"east": {"uv": [0.1, 0.1], "uv_size": [0.4, 0]},
								"south": {"uv": [0.1, 0.1], "uv_size": [0.4, 0]},
								"west": {"uv": [0.1, 0.1], "uv_size": [0.4, 0]},
								"up": {"uv": [65.1, 65.1], "uv_size": [0.4, 0.4]},
								"down": {"uv": [0.1, 66.5], "uv_size": [0.4, -0.4]}
							}
						}
					]
				},
				{
					"name": "bone4",
					"parent": "bone5",
					"pivot": [-0.67022, 7.02797, -34.42725],
					"cubes": [
						{
							"origin": [-1.90403, 6.82485, -34.69288],
							"size": [0.4375, 0.40625, 0.53125],
							"pivot": [-1.68528, 7.02797, -34.42725],
							"rotation": [-90.23585, 40.53127, -0.3123],
							"uv": {
								"north": {"uv": [66.1, 0.1], "uv_size": [0.4, 0.4]},
								"east": {"uv": [1.1, 66.1], "uv_size": [0.4, 0.4]},
								"south": {"uv": [66.1, 1.1], "uv_size": [0.4, 0.4]},
								"west": {"uv": [66.1, 2.1], "uv_size": [0.4, 0.4]},
								"up": {"uv": [3.1, 66.1], "uv_size": [0.4, 0.4]},
								"down": {"uv": [66.1, 3.5], "uv_size": [0.4, -0.4]}
							}
						},
						{
							"origin": [-1.90642, 7.40297, -34.4269],
							"size": [0.4375, 0.40625, 0.4375],
							"pivot": [-1.68767, 7.60609, -34.4269],
							"rotation": [-90.0351, 0.53169, -0.23737],
							"uv": {
								"north": {"uv": [66.1, 4.1], "uv_size": [0.4, 0.4]},
								"east": {"uv": [66.1, 5.1], "uv_size": [0.4, 0.4]},
								"south": {"uv": [66.1, 6.1], "uv_size": [0.4, 0.4]},
								"west": {"uv": [66.1, 7.1], "uv_size": [0.4, 0.4]},
								"up": {"uv": [66.1, 8.1], "uv_size": [0.4, 0.4]},
								"down": {"uv": [66.1, 9.5], "uv_size": [0.4, -0.4]}
							}
						},
						{
							"origin": [-1.90403, 6.8561, -35.44288],
							"size": [0.4375, 0.375, 0.53125],
							"pivot": [-1.68528, 7.02797, -34.42725],
							"rotation": [-90.23585, 40.53127, -0.3123],
							"uv": {
								"north": {"uv": [10.1, 66.1], "uv_size": [0.4, 0.4]},
								"east": {"uv": [11.1, 66.1], "uv_size": [0.4, 0.4]},
								"south": {"uv": [66.1, 12.1], "uv_size": [0.4, 0.4]},
								"west": {"uv": [66.1, 13.1], "uv_size": [0.4, 0.4]},
								"up": {"uv": [66.1, 14.1], "uv_size": [0.4, 0.4]},
								"down": {"uv": [66.1, 15.5], "uv_size": [0.4, -0.4]}
							}
						}
					]
				},
				{
					"name": "bone",
					"parent": "bone5",
					"pivot": [-1.09888, 6.57222, -0.60789],
					"cubes": [
						{
							"origin": [-2.22332, 7.52535, -1.85789],
							"size": [0.21875, 0.28125, 0.28125],
							"pivot": [-2.11394, 6.57222, -0.60789],
							"rotation": [-135.0351, 0.53169, -0.23737],
							"uv": {
								"north": {"uv": [66.1, 16.1], "uv_size": [0.4, 0.4]},
								"east": {"uv": [66.1, 17.1], "uv_size": [0.4, 0.4]},
								"south": {"uv": [66.1, 18.1], "uv_size": [0.4, 0.4]},
								"west": {"uv": [66.1, 19.1], "uv_size": [0.4, 0.4]},
								"up": {"uv": [66.1, 20.1], "uv_size": [0.4, 0.4]},
								"down": {"uv": [66.1, 21.5], "uv_size": [0.4, -0.4]}
							}
						},
						{
							"origin": [-2.22332, 6.4316, -0.76414],
							"size": [0.21875, 0.28125, 0.28125],
							"pivot": [-2.11394, 6.57222, -0.60789],
							"rotation": [-135.0351, 0.53169, -0.23737],
							"uv": {
								"north": {"uv": [22.1, 66.1], "uv_size": [0.4, 0.4]},
								"east": {"uv": [66.1, 22.1], "uv_size": [0.4, 0.4]},
								"south": {"uv": [23.1, 66.1], "uv_size": [0.4, 0.4]},
								"west": {"uv": [66.1, 23.1], "uv_size": [0.4, 0.4]},
								"up": {"uv": [24.1, 66.1], "uv_size": [0.4, 0.4]},
								"down": {"uv": [66.1, 24.5], "uv_size": [0.4, -0.4]}
							}
						}
					]
				},
				{
					"name": "bone2",
					"parent": "bone5",
					"pivot": [-1.25513, 6.57222, -35.13914],
					"cubes": [
						{
							"origin": [-2.37957, 7.52535, -36.38914],
							"size": [0.21875, 0.28125, 0.28125],
							"pivot": [-2.27019, 6.57222, -35.13914],
							"rotation": [-135.0351, 0.53169, -0.23737],
							"uv": {
								"north": {"uv": [25.1, 66.1], "uv_size": [0.4, 0.4]},
								"east": {"uv": [66.1, 25.1], "uv_size": [0.4, 0.4]},
								"south": {"uv": [66.1, 26.1], "uv_size": [0.4, 0.4]},
								"west": {"uv": [66.1, 27.1], "uv_size": [0.4, 0.4]},
								"up": {"uv": [66.1, 28.1], "uv_size": [0.4, 0.4]},
								"down": {"uv": [66.1, 29.5], "uv_size": [0.4, -0.4]}
							}
						},
						{
							"origin": [-2.37957, 6.4316, -35.29539],
							"size": [0.21875, 0.28125, 0.28125],
							"pivot": [-2.27019, 6.57222, -35.13914],
							"rotation": [-135.0351, 0.53169, -0.23737],
							"uv": {
								"north": {"uv": [30.1, 66.1], "uv_size": [0.4, 0.4]},
								"east": {"uv": [66.1, 30.1], "uv_size": [0.4, 0.4]},
								"south": {"uv": [31.1, 66.1], "uv_size": [0.4, 0.4]},
								"west": {"uv": [66.1, 31.1], "uv_size": [0.4, 0.4]},
								"up": {"uv": [66.1, 32.1], "uv_size": [0.4, 0.4]},
								"down": {"uv": [33.1, 66.5], "uv_size": [0.4, -0.4]}
							}
						}
					]
				},
				{
					"name": "Magazine3",
					"parent": "bone5",
					"pivot": [-0.41669, -1.79651, -8.14498],
					"cubes": [
						{
							"origin": [-2.38502, -1.04657, -10.66037],
							"size": [1.84375, 3.15625, 4.625],
							"pivot": [-1.46315, 5.1878, -8.41037],
							"rotation": [2.4649, 0.53169, -0.23737],
							"uv": {
								"north": {"uv": [60.1, 0.1], "uv_size": [1.8, 2.8]},
								"east": {"uv": [50.1, 29.1], "uv_size": [4.4, 2.8]},
								"south": {"uv": [60.1, 3.1], "uv_size": [1.8, 2.8]},
								"west": {"uv": [50.1, 29.1], "uv_size": [4.4, 2.8]},
								"up": {"uv": [55.1, 55.1], "uv_size": [1.8, 4.4]},
								"down": {"uv": [56.1, 45.5], "uv_size": [1.8, -4.4]}
							}
						},
						{
							"origin": [-2.36992, -4.09342, -10.39256],
							"size": [1.84375, 3.15625, 4.625],
							"pivot": [-1.44804, 2.14095, -8.14256],
							"rotation": [-0.0351, 0.53169, -0.23737],
							"uv": {
								"north": {"uv": [60.1, 9.1], "uv_size": [1.8, 2.8]},
								"east": {"uv": [50.1, 29.1], "uv_size": [4.4, 2.8]},
								"south": {"uv": [60.1, 9.1], "uv_size": [1.8, 2.8]},
								"west": {"uv": [50.1, 29.1], "uv_size": [4.4, 2.8]},
								"up": {"uv": [57.1, 0.1], "uv_size": [1.8, 4.4]},
								"down": {"uv": [57.1, 9.5], "uv_size": [1.8, -4.4]}
							}
						}
					]
				},
				{
					"name": "Magazine4",
					"parent": "Magazine3",
					"pivot": [-0.41669, -7.32776, -8.14498],
					"rotation": [-15, 0, 0],
					"cubes": [
						{
							"origin": [-2.35112, -9.19201, -11.38169],
							"size": [1.84375, 5.5, 4.625],
							"pivot": [-1.42924, -2.05139, -9.13169],
							"rotation": [2.4649, 0.53169, -0.23737],
							"uv": {
								"north": {"uv": [54.1, 44.1], "uv_size": [1.8, 5.4]},
								"east": {"uv": [41.1, 6.1], "uv_size": [4.4, 5.4]},
								"south": {"uv": [54.1, 44.1], "uv_size": [1.8, 5.4]},
								"west": {"uv": [41.1, 6.1], "uv_size": [4.4, 5.4]},
								"up": {"uv": [57.1, 10.1], "uv_size": [1.8, 4.4]},
								"down": {"uv": [57.1, 19.5], "uv_size": [1.8, -4.4]}
							}
						}
					]
				},
				{
					"name": "bone9",
					"parent": "bone5",
					"pivot": [-0.14693, 3.23338, 2.11791],
					"cubes": [
						{
							"origin": [-3.33387, -4.54787, 1.11791],
							"size": [2.1875, 1.71875, 1.21875],
							"pivot": [-1.16199, 3.23338, 2.11791],
							"rotation": [-90.0351, 0.53169, 44.76263],
							"uv": {
								"north": {"uv": [61.1, 57.1], "uv_size": [1.8, 1.4]},
								"east": {"uv": [47.1, 26.1], "uv_size": [0.8, 6.8]},
								"south": {"uv": [47.1, 26.1], "uv_size": [0.8, 6.8]},
								"west": {"uv": [62.1, 63.1], "uv_size": [0.8, 1.4]},
								"up": {"uv": [63.1, 12.1], "uv_size": [1.8, 0.8]},
								"down": {"uv": [47.9, 32.9], "uv_size": [-0.8, -6.8]}
							}
						}
					]
				},
				{
					"name": "bone10",
					"parent": "bone5",
					"pivot": [-0.14693, 3.23338, -3.38209],
					"cubes": [
						{
							"origin": [-3.33387, -4.54787, -4.38209],
							"size": [2.1875, 1.71875, 1.21875],
							"pivot": [-1.16199, 3.23338, -3.38209],
							"rotation": [-90.0351, 0.53169, 44.76263],
							"uv": {
								"north": {"uv": [61.1, 61.1], "uv_size": [1.8, 1.4]},
								"east": {"uv": [63.1, 63.1], "uv_size": [0.8, 1.4]},
								"south": {"uv": [62.1, 0.1], "uv_size": [1.8, 1.4]},
								"west": {"uv": [0.1, 64.1], "uv_size": [0.8, 1.4]},
								"up": {"uv": [63.1, 14.1], "uv_size": [1.8, 0.8]},
								"down": {"uv": [63.1, 15.9], "uv_size": [1.8, -0.8]}
							}
						}
					]
				},
				{
					"name": "Bullet",
					"parent": "bone5",
					"pivot": [-0.5364, 4.71824, -7.72766],
					"cubes": [
						{
							"origin": [-2.70887, -3.98537, -2.66334],
							"size": [0.75, 2.46875, 0.71875],
							"pivot": [-0.91199, 3.26463, -1.72584],
							"rotation": [-90.0351, 0.53169, 44.76263],
							"uv": {
								"north": {"uv": [64.1, 4.1], "uv_size": [0.4, 2.4]},
								"east": {"uv": [64.1, 7.1], "uv_size": [0.4, 2.4]},
								"south": {"uv": [8.1, 64.1], "uv_size": [0.4, 2.4]},
								"west": {"uv": [9.1, 64.1], "uv_size": [0.4, 2.4]},
								"up": {"uv": [66.1, 33.1], "uv_size": [0.4, 0.4]},
								"down": {"uv": [34.1, 66.5], "uv_size": [0.4, -0.4]}
							}
						}
					]
				},
				{
					"name": "Chamber2",
					"parent": "bone5",
					"pivot": [-0.14693, 3.26463, -1.72584],
					"cubes": [
						{
							"origin": [-3.27137, -4.51662, -2.72584],
							"size": [2.125, 3.96875, 1.21875],
							"pivot": [-1.16199, 3.26463, -1.72584],
							"rotation": [-90.0351, 0.53169, 44.76263],
							"uv": {
								"north": {"uv": [57.1, 24.1], "uv_size": [1.8, 3.8]},
								"east": {"uv": [55.1, 60.1], "uv_size": [0.8, 3.8]},
								"south": {"uv": [57.1, 28.1], "uv_size": [1.8, 3.8]},
								"west": {"uv": [56.1, 60.1], "uv_size": [0.8, 3.8]},
								"up": {"uv": [63.1, 16.1], "uv_size": [1.8, 0.8]},
								"down": {"uv": [63.1, 17.9], "uv_size": [1.8, -0.8]}
							}
						}
					]
				},
				{
					"name": "bone8",
					"parent": "Chamber2",
					"pivot": [-0.14693, 3.26463, -1.72584]
				},
				{
					"name": "Sights2",
					"parent": "bone5",
					"pivot": [0.1502, 1.78082, -1.16913]
				},
				{
					"name": "Charginghandle2",
					"parent": "bone5",
					"pivot": [-0.36886, 6.37453, -3.44307],
					"cubes": [
						{
							"origin": [-1.60267, -1.25047, -3.42744],
							"size": [0.4375, 13.46875, 0.15625],
							"pivot": [-1.38392, 6.37453, -3.44307],
							"rotation": [-90.0351, 0.53169, -0.23737],
							"uv": {
								"north": {"uv": [32.1, 57.1], "uv_size": [0.4, 13.4]},
								"east": {"uv": [50.1, 58.1], "uv_size": [0.4, 13.4]},
								"south": {"uv": [51.1, 58.1], "uv_size": [0.4, 13.4]},
								"west": {"uv": [57.1, 58.1], "uv_size": [0.4, 13.4]},
								"up": {"uv": [35.1, 66.1], "uv_size": [0.4, 0.4]},
								"down": {"uv": [66.1, 36.5], "uv_size": [0.4, -0.4]}
							}
						},
						{
							"origin": [-1.82142, 5.81203, -3.42744],
							"size": [0.875, 6.40625, 0.15625],
							"pivot": [-1.38392, 6.37453, -3.44307],
							"rotation": [-90.0351, 0.53169, -0.23737],
							"uv": {
								"north": {"uv": [59.1, 14.1], "uv_size": [0.8, 6.4]},
								"east": {"uv": [61.1, 34.1], "uv_size": [0.4, 6.4]},
								"south": {"uv": [59.1, 21.1], "uv_size": [0.8, 6.4]},
								"west": {"uv": [61.1, 41.1], "uv_size": [0.4, 6.4]},
								"up": {"uv": [65.1, 4.1], "uv_size": [0.8, 0.4]},
								"down": {"uv": [65.1, 5.5], "uv_size": [0.8, -0.4]}
							}
						},
						{
							"origin": [-1.99146, 12.18753, -3.51151],
							"size": [1.21875, 0.78125, 0.3125],
							"pivot": [-1.36646, 6.37503, -3.43339],
							"rotation": [-90.0351, 0.53169, -0.23737],
							"uv": {
								"north": {"uv": [58.1, 49.1], "uv_size": [0.8, 0.8]},
								"east": {"uv": [65.1, 6.1], "uv_size": [0.4, 0.8]},
								"south": {"uv": [60.1, 48.1], "uv_size": [0.8, 0.8]},
								"west": {"uv": [65.1, 7.1], "uv_size": [0.4, 0.8]},
								"up": {"uv": [65.1, 8.1], "uv_size": [0.8, 0.4]},
								"down": {"uv": [65.1, 9.5], "uv_size": [0.8, -0.4]}
							}
						},
						{
							"origin": [-2.6831, 6.10086, 2.20225],
							"size": [1.03125, 0.8125, 0.46875],
							"pivot": [-2.26123, 6.28836, 2.3585],
							"rotation": [-89.93715, -21.96811, -0.25594],
							"uv": {
								"north": {"uv": [64.1, 29.1], "uv_size": [0.8, 0.8]},
								"east": {"uv": [10.1, 65.1], "uv_size": [0.4, 0.8]},
								"south": {"uv": [64.1, 30.1], "uv_size": [0.8, 0.8]},
								"west": {"uv": [11.1, 65.1], "uv_size": [0.4, 0.8]},
								"up": {"uv": [65.1, 12.1], "uv_size": [0.8, 0.4]},
								"down": {"uv": [65.1, 13.5], "uv_size": [0.8, -0.4]}
							}
						},
						{
							"origin": [-0.97886, 6.10589, 2.21992],
							"size": [0.96875, 0.78125, 0.46875],
							"pivot": [-0.36948, 6.29339, 2.37617],
							"rotation": [-89.93715, 21.96811, 0.25594],
							"uv": {
								"north": {"uv": [64.1, 31.1], "uv_size": [0.8, 0.8]},
								"east": {"uv": [65.1, 14.1], "uv_size": [0.4, 0.8]},
								"south": {"uv": [33.1, 64.1], "uv_size": [0.8, 0.8]},
								"west": {"uv": [65.1, 15.1], "uv_size": [0.4, 0.8]},
								"up": {"uv": [65.1, 16.1], "uv_size": [0.8, 0.4]},
								"down": {"uv": [65.1, 17.5], "uv_size": [0.8, -0.4]}
							}
						}
					]
				},
				{
					"name": "bone11",
					"parent": "bone5",
					"pivot": [-0.36886, 6.37453, -4.53682]
				},
				{
					"name": "Stock2",
					"parent": "bone5",
					"pivot": [-0.37102, 4.21436, -22.585]
				},
				{
					"name": "bone12",
					"parent": "Stock2",
					"pivot": [-0.37102, 4.21436, -22.585],
					"cubes": [
						{
							"origin": [-2.0267, 7.51124, -23.42875],
							"size": [1.21875, 25.84375, 1.1875],
							"pivot": [-1.38608, 4.21436, -22.585],
							"rotation": [-90.0351, 0.53169, -45.23737],
							"uv": {
								"north": {"uv": [36.9, 26.1], "uv_size": [-0.8, 25.8]},
								"east": {"uv": [36.1, 0.1], "uv_size": [0.8, 25.8]},
								"south": {"uv": [36.1, 0.1], "uv_size": [0.8, 25.8]},
								"west": {"uv": [36.1, 26.1], "uv_size": [0.8, 25.8]},
								"up": {"uv": [64.1, 36.1], "uv_size": [0.8, 0.8]},
								"down": {"uv": [64.1, 37.9], "uv_size": [0.8, -0.8]}
							}
						},
						{
							"origin": [-2.62883, -1.95714, 11.92221],
							"size": [1.71875, 12.9375, 2.09375],
							"pivot": [-1.86321, 4.57411, 12.96909],
							"rotation": [-89.22585, -0.04359, -45.27496],
							"uv": {
								"north": {"uv": [28.1, 46.1], "uv_size": [1.4, 12.8]},
								"east": {"uv": [39.1, 0.1], "uv_size": [1.8, 12.8]},
								"south": {"uv": [45.1, 39.1], "uv_size": [1.4, 12.8]},
								"west": {"uv": [37.1, 13.1], "uv_size": [1.8, 12.8]},
								"up": {"uv": [62.1, 2.1], "uv_size": [1.4, 1.8]},
								"down": {"uv": [62.1, 5.9], "uv_size": [1.4, -1.8]}
							}
						},
						{
							"origin": [-1.83225, -1.81431, 11.92295],
							"size": [1.71875, 12.9375, 2.09375],
							"pivot": [-1.06662, 4.71694, 12.96982],
							"rotation": [-89.22585, -0.04359, 44.72504],
							"uv": {
								"north": {"uv": [28.1, 46.1], "uv_size": [1.4, 12.8]},
								"east": {"uv": [37.1, 26.1], "uv_size": [1.8, 12.8]},
								"south": {"uv": [30.1, 46.1], "uv_size": [1.4, 12.8]},
								"west": {"uv": [39.1, 0.1], "uv_size": [1.8, 12.8]},
								"up": {"uv": [62.1, 6.1], "uv_size": [1.4, 1.8]},
								"down": {"uv": [62.1, 9.9], "uv_size": [1.4, -1.8]}
							}
						},
						{
							"origin": [-2.47122, -1.55548, 12.43446],
							"size": [2.15625, 12.9375, 0.9375],
							"pivot": [-1.39309, 4.91327, 12.90321],
							"rotation": [-90.0351, 0.53169, -90.23737],
							"uv": {
								"north": {"uv": [39.1, 13.1], "uv_size": [1.8, 12.8]},
								"east": {"uv": [52.1, 32.1], "uv_size": [0.8, 12.8]},
								"south": {"uv": [39.1, 26.1], "uv_size": [1.8, 12.8]},
								"west": {"uv": [28.1, 46.1], "uv_size": [1.4, 12.8]},
								"up": {"uv": [63.1, 48.1], "uv_size": [1.8, 0.8]},
								"down": {"uv": [63.1, 49.9], "uv_size": [1.8, -0.8]}
							}
						},
						{
							"origin": [-2.73226, -2.09627, 12.97529],
							"size": [2.15625, 12.9375, 0.40625],
							"pivot": [-1.65413, 4.37248, 12.91279],
							"rotation": [-90.0351, 0.53169, -90.23737],
							"uv": {
								"north": {"uv": [37.1, 39.1], "uv_size": [1.8, 12.8]},
								"east": {"uv": [28.1, 59.1], "uv_size": [0.4, 12.8]},
								"south": {"uv": [39.1, 39.1], "uv_size": [1.8, 12.8]},
								"west": {"uv": [29.1, 59.1], "uv_size": [0.4, 12.8]},
								"up": {"uv": [38.1, 64.1], "uv_size": [1.8, 0.4]},
								"down": {"uv": [64.1, 38.5], "uv_size": [1.8, -0.4]}
							}
						},
						{
							"origin": [-8.50247, 10.91327, 11.90321],
							"size": [6.78125, 0.4375, 2],
							"pivot": [-1.39309, 4.91327, 12.90321],
							"rotation": [-90.02474, -1.96829, -90.2375],
							"uv": {
								"north": {"uv": [67.9, 11.1], "uv_size": [-5.8, 0.4]},
								"east": {"uv": [64.1, 39.1], "uv_size": [1.8, 0.4]},
								"south": {"uv": [62.1, 11.1], "uv_size": [5.8, 0.4]},
								"west": {"uv": [64.1, 40.1], "uv_size": [1.8, 0.4]},
								"up": {"uv": [51.1, 22.1], "uv_size": [5.8, 1.8]},
								"down": {"uv": [51.1, 25.9], "uv_size": [5.8, -1.8]}
							}
						},
						{
							"origin": [-8.68997, -1.11798, 13.46571],
							"size": [5.78125, 12.03125, 0],
							"pivot": [-1.39309, 4.91327, 12.90321],
							"rotation": [-90.0351, 0.53169, -90.23737],
							"uv": {
								"north": {"uv": [0.1, 0.1], "uv_size": [5.8, 11.8]},
								"east": {"uv": [0.1, 0.1], "uv_size": [0, 11.8]},
								"south": {"uv": [6.1, 0.1], "uv_size": [5.8, 11.8]},
								"west": {"uv": [0.1, 0.1], "uv_size": [0, 11.8]},
								"up": {"uv": [0.1, 0.1], "uv_size": [5.8, 0]},
								"down": {"uv": [0.1, 0.1], "uv_size": [5.8, 0]}
							}
						},
						{
							"origin": [0.53387, -1.11798, 13.46571],
							"size": [5.78125, 12.03125, 0],
							"pivot": [-0.98176, 4.91327, 12.90321],
							"rotation": [-90.0351, -0.53169, 90.23737],
							"uv": {
								"north": {"uv": [5.9, 0.1], "uv_size": [-5.8, 11.8]},
								"east": {"uv": [0.1, 0.1], "uv_size": [0, 11.8]},
								"south": {"uv": [11.9, 0.1], "uv_size": [-5.8, 11.8]},
								"west": {"uv": [0.1, 0.1], "uv_size": [0, 11.8]},
								"up": {"uv": [5.9, 0.1], "uv_size": [-5.8, 0]},
								"down": {"uv": [5.9, 0.1], "uv_size": [-5.8, 0]}
							}
						},
						{
							"origin": [-2.28867, -2.40345, 15.354],
							"size": [1.125, 6.71875, 1.6875],
							"inflate": -0.001,
							"pivot": [-1.21054, 0.59655, 16.19775],
							"rotation": [-89.86996, -34.46797, -90.2879],
							"uv": {
								"north": {"uv": [31.1, 59.1], "uv_size": [0.8, 6.4]},
								"east": {"uv": [28.1, 46.1], "uv_size": [1.4, 12.8]},
								"south": {"uv": [31.1, 59.1], "uv_size": [0.8, 6.4]},
								"west": {"uv": [28.1, 46.1], "uv_size": [1.4, 12.8]},
								"up": {"uv": [64.1, 0.1], "uv_size": [0.8, 1.4]},
								"down": {"uv": [1.1, 65.5], "uv_size": [0.8, -1.4]}
							}
						},
						{
							"origin": [-1.77411, 0.04317, 10.33651],
							"size": [1.125, 4.28125, 1.6875],
							"pivot": [-1.21161, 1.7463, 11.18026],
							"rotation": [-90.0351, 0.53169, -90.23737],
							"uv": {
								"north": {"uv": [60.1, 43.1], "uv_size": [0.8, 4.4]},
								"east": {"uv": [28.1, 58.9], "uv_size": [1.4, -12.8]},
								"south": {"uv": [60.1, 43.1], "uv_size": [0.8, 4.4]},
								"west": {"uv": [28.1, 58.9], "uv_size": [1.4, -12.8]},
								"up": {"uv": [64.1, 2.1], "uv_size": [0.8, 1.4]},
								"down": {"uv": [3.1, 65.5], "uv_size": [0.8, -1.4]}
							}
						},
						{
							"origin": [-8.50247, 11.35077, 11.90321],
							"size": [8.1875, 0.78125, 2],
							"pivot": [-1.39309, 4.91327, 12.90321],
							"rotation": [-90.02474, -1.96829, -90.2375],
							"uv": {
								"north": {"uv": [57.1, 33.1], "uv_size": [7.8, 0.8]},
								"east": {"uv": [63.1, 50.1], "uv_size": [1.8, 0.8]},
								"south": {"uv": [57.1, 33.1], "uv_size": [7.8, 0.8]},
								"west": {"uv": [63.1, 51.1], "uv_size": [1.8, 0.8]},
								"up": {"uv": [51.1, 22.1], "uv_size": [5.8, 1.8]},
								"down": {"uv": [47.1, 15.9], "uv_size": [7.8, -1.8]}
							}
						}
					]
				},
				{
					"name": "bone13",
					"parent": "Stock2",
					"pivot": [-0.37102, 4.21436, -22.585]
				},
				{
					"name": "octagon",
					"parent": "bone5",
					"pivot": [-0.32812, 8.28125, 0.31875],
					"rotation": [0, -90, 0]
				},
				{
					"name": "leftLeg",
					"parent": "root",
					"pivot": [1.9, 12, 0]
				},
				{
					"name": "leftPants",
					"parent": "leftLeg",
					"pivot": [1.9, 12, 0]
				},
				{
					"name": "rightLeg",
					"parent": "root",
					"pivot": [-1.9, 12, 0]
				},
				{
					"name": "rightPants",
					"parent": "rightLeg",
					"pivot": [-1.9, 12, 0]
				}
			]
		}
	]
}
