{
  "format_version": "1.10.0",
  "animation_controllers": {
    "controller.animation.crosshair": {
      "initial_state": "crosshair_1",
      "states": {
         "crosshair_1": {
           "animations": [
            {
              "crosshair_default1": "variable.hand_guns_or"
            }
          ],
           "transitions": [
            {
              "crosshair_2": "variable.hand_guns_or && query.is_sprinting"
            },
            {
              "crosshair_fire": "variable.hand_guns_or && query.is_using_item"
            },
            {
              "crosshair_fire": "variable.hand_guns_or && query.is_using_item && query.is_sprinting"
            }
          ],
           "blend_transition": 0.1,
           "blend_via_shortest_path": true
        },
         "crosshair_2": {
           "animations": [
            {
              "crosshair_default2": "variable.hand_guns_or"
            }
          ],
           "transitions": [
            {
              "crosshair_1": "variable.hand_guns_or && !query.is_sprinting"
            },
            {
              "crosshair_fire": "variable.hand_guns_or && query.is_using_item && query.is_sprinting"
            }
          ],
           "blend_transition": 0.1,
           "blend_via_shortest_path": true
        },
         "crosshair_fire": {
           "animations": [
            {
              "crosshair_default1": "variable.hand_guns_or"
            },
            {
              "crosshair_fire": "variable.hand_guns_or"
            }
          ],
           "transitions": [
            {
              "crosshair_1": "variable.hand_guns_or && !query.is_using_item"
            }
          ],
           "blend_transition": 0.1,
           "blend_via_shortest_path": true
        }
      }
    }
  }
}
