{
  "format_version": "1.10.0",
  "animation_controllers": {
    "controller.animation.particles": {
      "initial_state": "setup",
      "states": {
         "setup": {
           "transitions": [
            {
              "mp5.0": "variable.mp5 && query.is_using_item"
            },
            {
              "x16.0": "variable.x16 && query.is_using_item"
            },
            {
              "mk4.0": "variable.mk4 && query.is_using_item"
            },
            {
              "asval.0": "variable.asval && query.is_using_item"
            },
            {
              "ak47.0": "variable.ak47 && query.is_using_item"
            }
          ]
        },
         "mp5.0": {
           "transitions": [
            {
              "mp5.1": "variable.mp5 && !query.is_using_item"
            }
          ]
        },
         "mp5.1": {
           "animations": [
             {
               "particle_smoke": "variable.mp5"
             },
             {
               "particle_smoke0": "variable.mp5"
             }
           ],
           "transitions": [
            {
              "setup": "variable.mp5 && query.all_animations_finished"
            },
            {
              "mp5.0": "variable.mp5 && query.is_using_item"
            },
            {
              "setup": "variable.ak47 && query.is_using_item"
            },
            {
              "setup": "variable.x16 && query.is_using_item"
            },
            {
              "setup": "variable.asval && query.is_using_item"
            },
            {
              "setup": "variable.mk4 && query.is_using_item"
            }
          ]
        },
         "x16.0": {
           "transitions": [
            {
              "x16.1": "variable.x16 && !query.is_using_item"
            }
          ]
        },
         "x16.1": {
           "animations": [
             {
               "particle_smoke1": "variable.x16"
             }
           ],
           "transitions": [
            {
              "setup": "variable.x16 && query.all_animations_finished"
            },
            {
              "x16.0": "variable.x16 && query.is_using_item"
            },
            {
              "setup": "variable.ak47 && query.is_using_item"
            },
            {
              "setup": "variable.mp5 && query.is_using_item"
            },
            {
              "setup": "variable.asval && query.is_using_item"
            },
            {
              "setup": "variable.mk4 && query.is_using_item"
            }
          ]
        },
         "mk4.0": {
           "transitions": [
            {
              "mk4.1": "variable.mk4 && !query.is_using_item"
            }
          ]
        },
         "mk4.1": {
           "animations": [
             {
               "particle_smoke2": "variable.mk4"
             }
           ],
           "transitions": [
            {
              "setup": "variable.mk4 && query.all_animations_finished"
            },
            {
              "mk4.0": "variable.mk4 && query.is_using_item"
            },
            {
              "setup": "variable.ak47 && query.is_using_item"
            },
            {
              "setup": "variable.mp5 && query.is_using_item"
            },
            {
              "setup": "variable.asval && query.is_using_item"
            },
            {
              "setup": "variable.x16 && query.is_using_item"
            }
          ]
        },
         "asval.0": {
           "transitions": [
            {
              "asval.1": "variable.asval && !query.is_using_item"
            }
          ]
        },
         "asval.1": {
           "animations": [
             {
               "particle_smoke3": "variable.asval"
             }
           ],
           "transitions": [
            {
              "setup": "variable.asval && query.all_animations_finished"
            },
            {
              "asval.0": "variable.asval && query.is_using_item"
            },
            {
              "setup": "variable.ak47 && query.is_using_item"
            },
            {
              "setup": "variable.mk4 && query.is_using_item"
            },
            {
              "setup": "variable.mp5 && query.is_using_item"
            },
            {
              "setup": "variable.x16 && query.is_using_item"
            }
          ]
        },
         "ak47.0": {
           "transitions": [
            {
              "ak47.1": "variable.ak47 && !query.is_using_item"
            }
          ]
        },
         "ak47.1": {
           "animations": [
             {
               "particle_smoke4": "variable.ak47"
             }
           ],
           "transitions": [
            {
              "setup": "variable.ak47 && query.all_animations_finished"
            },
            {
              "ak47.0": "variable.ak47 && query.is_using_item"
            },
            {
              "setup": "variable.asval && query.is_using_item"
            },
            {
              "setup": "variable.mk4 && query.is_using_item"
            },
            {
              "setup": "variable.mp5 && query.is_using_item"
            },
            {
              "setup": "variable.x16 && query.is_using_item"
            }
          ]
        }
      }
    }
  }
}
