{
	"format_version": "1.8.0",
	"animations": {
		"animation.mk4_draw": {
			"loop": "hold_on_last_frame",
			"animation_length": 1.25,
			"bones": {
				"rightArm": {
					"rotation": {
						"0.0": ["-32.5+ variable.is_using_vr * 7.5", "10+ variable.is_using_vr * 7.5", "67.5 + variable.is_using_vr * -2.5"],
						"0.0833": ["-17.5+ variable.is_using_vr * 7.5", "5+ variable.is_using_vr * 7.5", "77.5 + variable.is_using_vr * -2.5"],
						"0.1667": [10, 0.83, 71.67],
						"0.25": [52.5, -3.33, 65.84],
						"0.2917": ["65+ variable.is_using_vr * 7.5", "-7.5+ variable.is_using_vr * 7.5", "60 + variable.is_using_vr * -2.5"],
						"0.4167": ["65+ variable.is_using_vr * 7.5", "-7.5+ variable.is_using_vr * 7.5", "60 + variable.is_using_vr * -2.5"],
						"0.5417": ["65+ variable.is_using_vr * 7.5", "-7.5+ variable.is_using_vr * 7.5", "60 + variable.is_using_vr * -2.5"],
						"0.7917": ["72.5+ variable.is_using_vr * 7.5", "-15+ variable.is_using_vr * 7.5", "112.5 + variable.is_using_vr * -2.5"],
						"0.875": ["72.5+ variable.is_using_vr * 7.5", " variable.is_using_vr * 7.5", "142.5 + variable.is_using_vr * -2.5"],
						"1.0": ["72.5+ variable.is_using_vr * 7.5", " variable.is_using_vr * 7.5", "142.5 + variable.is_using_vr * -2.5"],
						"1.125": ["60+ variable.is_using_vr * 7.5", "25+ variable.is_using_vr * 7.5", "175 + variable.is_using_vr * -2.5"]
					},
					"position": {
						"0.0": [16.4375, -2.875, 21.8125],
						"0.0833": [17.815, -3.52625, 21.81],
						"0.125": [18.2825, -3.64, 15.66125],
						"0.2083": [16.1025, -3.76, 10.94],
						"0.2917": [13.3825, -3.87375, 5.4975],
						"0.4167": [13.38, -4.1825, 5.5],
						"0.5417": [13.38, -4.18, 5.5],
						"0.6667": [13.05, -4.18, -0.685],
						"0.7917": [11.97375, -4.18, 2.90625],
						"0.8333": [11.97, -4.18, 2.41],
						"0.875": [11.6575, -4.18, 2.4725],
						"1.0": [11.97, -3.52375, 0.94125],
						"1.0417": [12.96875, -5.16, 2.54],
						"1.125": [11.3125, -8.4375, 5.75]
					}
				},
				"leftArm": {
					"rotation": {
						"0.0": ["37.5+ variable.is_using_vr * 7.5", "82.5+ variable.is_using_vr * 7.5", "187.5+ variable.is_using_vr * -2.5"],
						"0.0833": ["37.5+ variable.is_using_vr * 7.5", "55+ variable.is_using_vr * 7.5", "187.5+ variable.is_using_vr * -2.5"],
						"0.1667": ["37.5+ variable.is_using_vr * 7.5", "27.5+ variable.is_using_vr * 7.5", "187.5+ variable.is_using_vr * -2.5"],
						"0.2917": ["37.5+ variable.is_using_vr * 7.5", "17.5+ variable.is_using_vr * 7.5", "187.5+ variable.is_using_vr * -2.5"],
						"0.375": ["37.5+ variable.is_using_vr * 7.5", "17.5+ variable.is_using_vr * 7.5", "192.5+ variable.is_using_vr * -2.5"],
						"0.5417": ["37.5+ variable.is_using_vr * 7.5", "17.5+ variable.is_using_vr * 7.5", "192.5+ variable.is_using_vr * -2.5"],
						"0.625": ["37.5+ variable.is_using_vr * 7.5", "17.5+ variable.is_using_vr * 7.5", "192.5+ variable.is_using_vr * -2.5"],
						"0.6667": ["37.5+ variable.is_using_vr * 7.5", "17.5+ variable.is_using_vr * 7.5", "192.5+ variable.is_using_vr * -2.5"],
						"0.75": ["42.5+ variable.is_using_vr * 7.5", 23.5, 196],
						"0.7917": [40.83, 22.33, 204],
						"0.9583": ["37.5+ variable.is_using_vr * 7.5", "20+ variable.is_using_vr * 7.5", "220+ variable.is_using_vr * -2.5"]
					},
					"position": {
						"0.0": [-3.625, -12.96875, 18.625],
						"0.0833": [-1.87, -11.7175, 20.41125],
						"0.1667": [-1.02625, -11.25125, 21.4725],
						"0.2917": [-1.03, -11.25, 21.47],
						"0.375": [-1.905, -11.25, 21.47],
						"0.5417": [-1.91, -11.25, 21.47],
						"0.625": [-1.91, -10.59375, 20.4075],
						"0.6667": [-1.91, -10.59, 20.41],
						"0.75": [-2.89125, -10.94375, 20.08],
						"0.7917": [-3.56, -10, 19.92],
						"0.9583": [-4.90625, -8.125, 19.59375]
					}
				},
				"root": {
					"rotation": {
						"0.0": [0, 0, -7.5],
						"0.0833": [0, 0, 0],
						"0.1667": [0, 0, 0],
						"0.8333": [0, 0, 0],
						"0.875": [-2.5, 0, 0],
						"0.9167": [0, 0, 0],
						"0.9583": [0, 0, 0],
						"1.0417": [0, 0, 0],
						"1.0833": [0, 0, -2.5],
						"1.125": [0, 0, 0],
						"1.1667": [0, 0, 2.5],
						"1.2083": [0, 0, 0]
					},
					"position": {
						"0.0": [-2, 1, -2],
						"0.0833": [-2, 1, -2],
						"0.1667": [-2, 1, -2],
						"0.8333": [-2, 1, -2],
						"0.875": [-2, 1, -1.09375],
						"0.9167": [-2, 1, -2.46875],
						"0.9583": [-2, 1, -2],
						"1.0417": [-2, 1, -3.6875],
						"1.0833": [-1.125, 0.59375, -3.26],
						"1.125": [-2, 1, -2.84],
						"1.1667": [-2.9375, 1, -2.42],
						"1.2083": [-2, 1, -2]
					}
				},
				"waist": {
					"rotation": {
						"0.0": [0, 0, 0],
						"0.625": [0, 0, 0],
						"0.6667": [0, -6.25, 0],
						"0.7083": [0, -20, 0],
						"0.75": [0, -20, 0],
						"0.7917": [0, -16.25, 0],
						"0.8333": [0, -12.5, 0],
						"1.0417": [0, 0, 0]
					},
					"position": {
						"0.0": [0, -4.44, -3.25],
						"0.625": [0, -4.44, -3.25],
						"0.6667": [2.73, -4.44, -3.25],
						"0.7083": [8.21875, -4.44, -3.25],
						"0.75": [7.93875, -4.44, -3.25],
						"0.7917": [6.7, -4.53, -3.25],
						"0.8333": [5.47, -4.44, -3.25],
						"1.0417": [0, -4.44, -3.25]
					},
					"scale": 1.5
				},
				"M4a1": {
					"position": [2, 0, 0]
				},
				"body": {
					"rotation": {
						"0.0417": [5, 5, 0],
						"0.0833": [0, 5, 0],
						"0.125": [-5, 5, 0],
						"0.1667": [0, 5, 0],
						"0.2083": [2.5, 5, -5],
						"0.25": [1.25, 5, 0],
						"0.2917": [0, 5, 5],
						"0.3333": [0, 5, 0],
						"0.4583": [0, 5, 0],
						"0.5": [0, 7.5, 5],
						"0.5417": [0, 5, 0],
						"0.6667": [0, 5, 0],
						"0.7083": [0, 15, 0],
						"0.8333": [0, 5, 0]
					},
					"position": {
						"0.0": [-0.28125, -1.25, -1.25],
						"0.0417": [-0.28, -2.53125, -1.25],
						"0.0833": [-0.28, -1.25, -1.25],
						"0.125": [-0.28, -0.15625, -1.25],
						"0.1667": [-0.28, -1.4375, -1.25],
						"0.2083": [-0.905, -1.875, -1.25],
						"0.25": [-0.28, -1.37, -1.25],
						"0.2917": [0.095, -0.65625, -1.25],
						"0.3333": [-0.28, -1.25, -1.25],
						"0.4583": [-0.28, -1.25, -1.25],
						"0.5": [-0.87375, -0.5, -1.25],
						"0.5417": [-0.28, -1.25, -1.25],
						"0.6667": [-0.28, -1.25, -1.25],
						"0.7083": [-2.99875, -1.71875, -0.03125],
						"0.7917": [-0.28, -1.25, -1.25]
					}
				},
				"Stock": {
					"position": [1, 0, 0]
				},
				"A": {
					"position": [0, 0, 0]
				},
				"Gun": {
					"rotation": [0, 180, -2.5],
					"position": [10.78125, 10.90625, 11.78125],
					"scale": 0.6
				},
				"mk4smr2": {
					"rotation": {
						"0.0": [-75, -2.5, 92.5],
						"0.0833": [-64.25, 2.04, 81.63],
						"0.125": [-42.27, 7.27, 78.36],
						"0.1667": [-27.5, 10, 77.5],
						"0.2083": [-26.07, 10.25, 76.31],
						"0.25": [-24.31, 10.45, 70.59],
						"0.3333": [-24.66, 10.2, 64.11],
						"0.375": [-25, 10, 60],
						"0.4583": [-25.41, 10.23, 61.31],
						"0.5": [-26.41, 10.63, 65.47],
						"0.5833": [-26.7, 10.7, 68.14],
						"0.625": [-25, 10, 65],
						"0.7083": [-21.99, 8.8, 57.47],
						"0.75": [-17.59, 7.04, 46.11],
						"0.8333": [-12.5, 5, 32.81],
						"0.875": [-7.41, 2.96, 19.44],
						"0.9583": [-3.01, 1.2, 7.88],
						"1.0": [0, 0, 0]
					},
					"position": {
						"0.0": [2.72, -5.84, 0],
						"0.0833": [2.72, -5.6, -3.45],
						"0.125": [2.72, -5.35, -6.89],
						"0.1667": [2.72, -5.18, -9.19],
						"0.2083": [2.72, -5.18, -9.19],
						"0.25": [2.72, -5.18, -9.19],
						"0.2917": [2.72, -5.18, -9.19],
						"0.3333": [2.72, -5.18, -9.19],
						"0.375": [2.72, -5.18, -9.19],
						"0.4583": [2.72, -5.18, -9.19],
						"0.5": [2.72, -5.18, -9.19],
						"0.5417": [2.72, -5.18, -9.19],
						"0.5833": [2.55, -4.86, -8.82],
						"0.625": [2.04, -3.88, -7.72],
						"0.7083": [1.53, -2.91, -6.61],
						"0.75": [1.17, -2.22, -5.35],
						"0.8333": [0.87, -1.66, -4.02],
						"0.875": [0.58, -1.11, -2.68],
						"0.9583": [0.29, -0.56, -1.34],
						"1.0": [0, 0, 0]
					}
				},
				"Charginghandle2": {
					"position": {
						"0.0": [0, 0, 0],
						"0.0833": [0, 0, 0.84],
						"0.125": [0, 0, 2.06],
						"0.2083": [0, 0, 3.29],
						"0.25": [0, 0, 4.13],
						"0.3333": [0, 0, 4.43],
						"0.375": [0, 0, 4.22],
						"0.4167": [0, 0, 4.13],
						"0.4583": [0, 0, 4.17],
						"0.5": [0, 0, 4.43],
						"0.5417": [0, 0, 4.13],
						"0.5833": [0, 0, 3.78],
						"0.625": [0, 0, 2.06],
						"0.7083": [0, 0, 0]
					},
					"scale": 1
				},
				"bone5": {
					"rotation": [0, 0, 0],
					"position": [0, 0, 0]
				},
				"Chamber2": {
					"rotation": {
						"0.1667": [0, 0, 0],
						"0.3333": [0, 0, 0],
						"0.5833": [0, 0, 0],
						"0.7083": [0, 0, 0]
					},
					"position": {
						"0.1667": [0, 0, 0],
						"0.3333": [0, 0, 3.4375],
						"0.5833": [0, 0, 3.44],
						"0.7083": [0, 0, 0]
					}
				}
			},
			"sound_effects": {
				"0.0": {
					"effect": "mk4_deploy"
				},
				"0.125": {
					"effect": "mk4_c_pull"
				},
				"0.5833": {
					"effect": "mk4_c_release"
				},
				"0.7917": {
					"effect": "mk4_deploy"
				},
				"0.8333": {
					"effect": "mk4_release"
				}
			}
		},
		"animation.mk4_draw2": {
			"loop": "hold_on_last_frame",
			"animation_length": 0.75,
			"anim_time_update": "query.anim_time + query.delta_time * 0.9",
			"bones": {
				"rightArm": {
					"rotation": {
						"0.1": [110, 25, 175],
						"0.1167": [104.72, 25, 175],
						"0.1333": [100.54, 25, 175],
						"0.15": [96.21, 25, 175],
						"0.1833": [83.7, 25, 175],
						"0.2167": [78.92, 25, 175],
						"0.25": [76.91, 25, 175],
						"0.2667": [76.54, 24.98, 174.94],
						"0.3167": [76.68, 24.9, 174.62],
						"0.35": [76.91, 25, 175],
						"0.3667": [75.28, 26.37, 180.34],
						"0.3833": [73.67, 25.76, 177.96],
						"0.4": [73.49, 25.75, 177.9],
						"0.4333": [72.31, 25.66, 177.57],
						"0.4833": [70.78, 25.57, 177.19],
						"0.5167": [69.01, 25.46, 176.8],
						"0.5667": [67.12, 25.36, 176.41],
						"0.6": [65.21, 25.27, 176.03],
						"0.65": [63.41, 25.17, 175.68],
						"0.6833": [61.82, 25.09, 175.37],
						"0.7167": [60.55, 25.03, 175.12],
						"0.75": [60, 25, 175]
					},
					"position": {
						"0.1": [12.41, -6.24, 5.25],
						"0.1333": [12.35, -6.35, 4.98],
						"0.15": [12.34, -6.57, 4.81],
						"0.1833": [12.27, -6.22, 4.73],
						"0.2167": [12.19, -5.51, 4.83],
						"0.25": [12.15, -5.21, 4.88],
						"0.2667": [12.12, -5.03, 4.92],
						"0.2833": [12.1, -5.02, 4.94],
						"0.3": [12.07, -5.03, 4.97],
						"0.3167": [12.07, -5.12, 4.98],
						"0.35": [11.78, -5.7, 5.06],
						"0.3667": [11.56, -6.11, 5.09],
						"0.3833": [11.75, -6.21, 5.12],
						"0.4": [11.85, -6.26, 5.14],
						"0.4167": [11.9, -6.41, 5.18],
						"0.4333": [11.87, -6.51, 5.21],
						"0.45": [11.94, -6.61, 5.24],
						"0.4667": [12.01, -6.71, 5.27],
						"0.4833": [11.99, -6.81, 5.28],
						"0.5": [12.03, -7.01, 5.33],
						"0.5167": [11.99, -7.15, 5.31],
						"0.5333": [11.93, -7.3, 5.39],
						"0.5667": [11.86, -7.43, 6.08],
						"0.6": [11.75, -7.64, 6.16],
						"0.6333": [11.65, -7.82, 5.17],
						"0.65": [11.64, -7.84, 4.95],
						"0.6833": [11.51, -8.07, 5.17],
						"0.7167": [11.37, -8.33, 5.58],
						"0.75": [11.31, -8.44, 5.75]
					}
				},
				"leftArm": {
					"rotation": {
						"0.1": [41.66, -20.57, 267.03],
						"0.15": [49.57, -12.73, 267.42],
						"0.1833": [61.24, -1.17, 267.96],
						"0.2167": [73.98, 11.45, 268.61],
						"0.2667": [85.14, 22.45, 269.33],
						"0.3": [91.13, 28.31, 269.94],
						"0.3167": [94.62, 31.19, 272.28],
						"0.3333": [90.61, 27.51, 275.02],
						"0.35": [90.95, 27.28, 278.98],
						"0.3667": [97.02, 26.08, 295.81],
						"0.3833": [89.03, 26.89, 281.37],
						"0.4": [89.26, 27.06, 283.53],
						"0.4167": [91.63, 27.5, 293.52],
						"0.4333": [90.88, 27.54, 292.1],
						"0.45": [90.06, 27.54, 290.14],
						"0.4833": [91.23, 27.63, 291.79],
						"0.5": [79.41, 26.29, 279.39],
						"0.5167": [74.96, 25.03, 267.5],
						"0.5333": [72.04, 23.77, 255.63],
						"0.55": [73.03, 22.51, 243.75],
						"0.5667": [67.51, 21.52, 238.4],
						"0.5833": [45.12, 18.17, 221.44],
						"0.6": [41.72, 18.26, 219.78],
						"0.6167": [41.31, 19.08, 220.72],
						"0.65": [37.97, 20.28, 219.5],
						"0.6667": [36.95, 21.11, 218.44],
						"0.6833": [37.06, 20.89, 218.75],
						"0.7167": [37.35, 20.3, 219.58],
						"0.75": [37.5, 20, 220]
					},
					"position": {
						"0.1": [-4.85, -18.12, 11.05],
						"0.15": [-4.74, -17.13, 11.09],
						"0.1833": [-4.56, -15.67, 11.14],
						"0.2167": [-4.39, -14.08, 11.2],
						"0.2667": [-4.25, -12.68, 11.26],
						"0.3": [-4.21, -11.92, 11.29],
						"0.3167": [-4.47, -11.45, 11.36],
						"0.3333": [-5.14, -11.56, 11.31],
						"0.35": [-5.13, -10.98, 11.25],
						"0.3667": [-4.92, -8.82, 11.21],
						"0.3833": [-5.11, -9.55, 11],
						"0.4": [-5.05, -9.48, 11.05],
						"0.4167": [-5.19, -9.67, 11.2],
						"0.4333": [-5.27, -9.76, 11.35],
						"0.45": [-5.15, -9.85, 11.5],
						"0.4833": [-5.09, -10.24, 10.89],
						"0.5167": [-5.2, -9.57, 14.29],
						"0.5667": [-5.35, -8.52, 18.91],
						"0.5833": [-5.41, -8.12, 20.79],
						"0.6": [-5.31, -8.42, 20.99],
						"0.6167": [-5.18, -8.42, 20.92],
						"0.65": [-4.96, -8.35, 19.61],
						"0.6667": [-4.91, -8.29, 19.54],
						"0.6833": [-4.71, -8.36, 19.67],
						"0.7": [-4.76, -8.2, 19.65],
						"0.7167": [-4.84, -8.15, 19.62],
						"0.75": [-4.91, -8.12, 19.59]
					}
				},
				"root": {
					"position": [-2, 1, -2]
				},
				"waist": {
					"rotation": [0, 0, 0],
					"position": [0, -4.44, -3.25],
					"scale": 1.5
				},
				"M4a1": {
					"position": [2, 0, 0]
				},
				"body": {
					"rotation": {
						"0.0": [0, 5, 0],
						"0.05": [0, 5, 0],
						"0.0833": [0, 5, 0],
						"0.1": [0, 5, 0]
					},
					"position": {
						"0.0": [-1.98, -6.55, -1.25],
						"0.05": [-1.31, -4.45, -1.25],
						"0.0833": [-0.49, -1.89, -1.25],
						"0.1": [-0.28, -1.25, -1.25]
					}
				},
				"Stock": {
					"position": [1, 0, 0]
				},
				"A": {
					"position": [0, 0, 0]
				},
				"Gun": {
					"rotation": [0, 180, -2.5],
					"position": [10.78, 10.91, 11.78],
					"scale": 0.6
				},
				"mk4smr2": {
					"rotation": {
						"0.1": [11.36, -3.88, 18.61],
						"0.15": [7.2, -4.3, 13.22],
						"0.1833": [1.21, -4.91, 5.44],
						"0.2167": [-4.36, -5.51, -1.88],
						"0.25": [-6.56, -5.78, -4.87],
						"0.2667": [-8.05, -6.3, -7.77],
						"0.2833": [-7.25, -6.6, -7.8],
						"0.3": [-6.71, -6.88, -8.26],
						"0.3167": [-7.27, -7.18, -9.38],
						"0.35": [-8.16, -7.2, -12.79],
						"0.3667": [-8.13, -7.26, -16.86],
						"0.3833": [-6.38, -6.95, -14.87],
						"0.4": [-6.41, -6.73, -13.06],
						"0.4333": [-7.38, -6.97, -14.88],
						"0.4833": [-7.23, -6.74, -12.56],
						"0.5": [-6.84, -6.44, -10.89],
						"0.5167": [-5.8, -5.85, -9.94],
						"0.5333": [-4.48, -5.15, -8.71],
						"0.5667": [-2.18, -4.03, -3.94],
						"0.5833": [-1.17, -3.47, 0.36],
						"0.6": [-0.01, -2.6, 3.27],
						"0.65": [0.01, -0.3, 0.31],
						"0.6667": [0, 0, 2],
						"0.6833": [0, 0, 0.33],
						"0.7": [0, 0, 1.25],
						"0.7167": [0, 0, 0.68],
						"0.75": [0, 0, 0]
					},
					"position": {
						"0.1": [0, -8.6, -1.7],
						"0.15": [-0.1, -6.16, -1.61],
						"0.1833": [-0.22, -3.19, -1.36],
						"0.2167": [-0.34, -0.15, -0.48],
						"0.25": [-0.4, 1.13, 0],
						"0.2667": [-0.47, 1.6, 0.29],
						"0.2833": [-0.53, 1.53, 0.4],
						"0.3167": [-0.65, 1.52, 0.35],
						"0.35": [-0.56, 1.23, 0.09],
						"0.3667": [-0.5, 1.13, 0],
						"0.3833": [-0.4, 1.13, 0],
						"0.4": [-0.43, 1.17, -0.04],
						"0.4333": [-0.7, 1.33, -0.2],
						"0.4833": [-0.65, 1.23, -0.34],
						"0.5": [-0.6, 1.13, -0.4],
						"0.5167": [-0.54, 0.94, -0.33],
						"0.5333": [-0.48, 0.7, -0.32],
						"0.5667": [-0.39, 0.17, -0.88],
						"0.5833": [-0.24, -0.15, -1.23],
						"0.6": [-0.18, -0.14, -1],
						"0.65": [-0.02, -0.2, 0.16],
						"0.6667": [0, -0.1, 0],
						"0.6833": [0, 0, -0.17],
						"0.7167": [0, 0, -0.07],
						"0.75": [0, 0, 0]
					}
				},
				"bone5": {
					"rotation": {
						"0.3": [0, 0, 2],
						"0.3333": [0, 0, 0],
						"0.35": [0, 0, -1]
					}
				},
				"Magazine3": {
					"position": {
						"0.0167": [0, -12.6, 0],
						"0.25": [0, -9.49, 0],
						"0.3": [0, -4.05, 0],
						"0.3167": [0, -4.24, 0],
						"0.3333": [0, -4.03, 0],
						"0.35": [0, -3.32, 0],
						"0.3667": [0, 0, 0]
					}
				}
			},
			"sound_effects": {
				"0.0": {
					"effect": "m4a1_raise"
				},
				"0.2167": {
					"effect": "mk4_magin"
				},
				"0.3": {
					"effect": "m4a1_regrip"
				}
			}
		},
		"animation.mk4_hold": {
			"loop": true,
			"bones": {
				"rightArm": {
					"rotation": ["60+ variable.is_using_vr * 7.5", "25+ variable.is_using_vr * 7.5", "175 + variable.is_using_vr * -2.5"],
					"position": [11.3125, -8.4375, 5.75]
				},
				"leftArm": {
					"rotation": ["37.5+ variable.is_using_vr * 7.5", "20+ variable.is_using_vr * 7.5", "220+ variable.is_using_vr * -2.5"],
					"position": [-4.90625, -8.125, 19.59375]
				},
				"root": {
					"position": [-2, 1, -2]
				},
				"waist": {
					"rotation": [0, 0, 0],
					"position": [0, -4.44, -3.25],
					"scale": 1.5
				},
				"M4a1": {
					"position": [2, 0, 0]
				},
				"body": {
					"rotation": [0, 5, 0],
					"position": [-0.28125, -1.25, -1.25]
				},
				"Stock": {
					"position": [1, 0, 0]
				},
				"A": {
					"position": [0, 0, 0]
				},
				"Gun": {
					"rotation": [0, 180, -2.5],
					"position": [10.78125, 10.90625, 11.78125],
					"scale": 0.6
				},
				"mk4smr2": {
					"rotation": [0, 0, 0],
					"position": [0, 0, 0]
				}
			}
		},
		"animation.mk4_shoot1": {
			"loop": "hold_on_last_frame",
			"animation_length": 0.7667,
			"bones": {
				"rightArm": {
					"rotation": ["60+ variable.is_using_vr * 7.5", "25+ variable.is_using_vr * 7.5", "175 + variable.is_using_vr * -2.5"],
					"position": [11.3125, -8.4375, 5.75]
				},
				"leftArm": {
					"rotation": ["37.5+ variable.is_using_vr * 7.5", "20+ variable.is_using_vr * 7.5", "220+ variable.is_using_vr * -2.5"],
					"position": [-4.90625, -8.125, 19.59375]
				},
				"root": {
					"position": {
						"0.0": [-2, 1, -3.0625],
						"0.7667": [-2, 1, -5.435]
					}
				},
				"waist": {
					"rotation": [0, 0, 0],
					"position": {
						"0.0": [0, -4.44, -3.25],
						"0.1": [0, -4.44, -2.59375],
						"0.1333": [0, -4.44, -3.4025],
						"0.1667": [0, -4.44, -2.93125],
						"0.2": [0, -4.44, -3.58625],
						"0.2667": [0, -4.44, -2.9025],
						"0.3": [0, -4.44, -3.775],
						"0.3333": [0, -4.44, -2.98875],
						"0.3667": [0, -4.44, -4.08375],
						"0.4333": [0, -4.44, -3.48625],
						"0.4667": [0, -4.44, -4.0525],
						"0.5": [0, -4.44, -3.33125],
						"0.5333": [0, -4.44, -4.1425],
						"0.6": [0, -4.44, -3.98],
						"0.6333": [0, -4.44, -2.3275],
						"0.6667": [0, -4.44, -3.955],
						"0.7": [0, -4.44, -3.0175]
					},
					"scale": 1.5
				},
				"M4a1": {
					"position": [2, 0, 0]
				},
				"body": {
					"rotation": [0, 5, 0],
					"position": [-0.28125, -1.25, -1.25]
				},
				"Stock": {
					"position": [1, 0, 0]
				},
				"A": {
					"position": [0, 0, 0]
				},
				"Gun": {
					"rotation": [0, 180, -2.5],
					"position": [10.78125, 10.90625, 11.78125],
					"scale": 0.6
				},
				"mk4smr2": {
					"rotation": {
						"0.0": [0, 0, 0],
						"0.0333": [0, 0, 3.75],
						"0.1": [0, 0, -3.75],
						"0.1333": [0, 0, 1.25],
						"0.2": [0, 0, -1.25],
						"0.3333": [0, 0, 1.5],
						"0.4667": [0, 0, -1.25],
						"0.6": [0, 0, 0.75],
						"0.7": [0, 0, 2.25]
					}
				},
				"Chamber2": {
					"position": {
						"0.0": [0, 0, 0],
						"0.1": [0, 0, 3.625],
						"0.1667": [0, 0, 0],
						"0.2667": [0, 0, 3.625],
						"0.3333": [0, 0, 0],
						"0.4333": [0, 0, 3.625],
						"0.5": [0, 0, 0],
						"0.6": [0, 0, 3.625],
						"0.6667": [0, 0, 0],
						"0.7667": [0, 0, 0]
					}
				},
				"Bullet": {
					"rotation": {
						"0.0": [0, 0, 0],
						"0.1": [0, 37.5, 0],
						"0.1333": [0, 0, 0],
						"0.2": [62.5, 37.5, 0],
						"0.2667": [0, 0, 0],
						"0.3333": [157.5, 37.5, 0],
						"0.3667": [0, 0, 0],
						"0.4667": [72.5, 150, 0],
						"0.5": [72.5, 150, 0],
						"0.6": [-62.5, 150, 167.5],
						"0.6333": [-62.5, 150, 167.5],
						"0.7": [72.5, 347.5, 225],
						"0.7667": [0, 0, 0]
					},
					"position": {
						"0.0": [0, 0, 0],
						"0.0333": [-6.625, 2.875, 4.25],
						"0.1": [-5.92, -12.17, 2.67],
						"0.1333": [0, 0, 0],
						"0.1667": [-6.625, 2.875, 4.25],
						"0.2": [-12.33875, -4.9375, 5.5625],
						"0.2333": [-6.66, -15.17, 3],
						"0.2667": [0, 0, 0],
						"0.3": [-6.625, 2.875, 4.25],
						"0.3333": [-12.33875, -4.9375, 5.5625],
						"0.3667": [-6.66, -17.77, 3],
						"0.4333": [-6.625, 2.875, 4.25],
						"0.4667": [-5.92, -16.57, 2.67],
						"0.5": [0, 0, 0],
						"0.5333": [-6.625, 2.875, 4.25],
						"0.6": [-12.33875, -4.9375, 5.5625],
						"0.6333": [0, 0, 0],
						"0.6667": [-6.625, 2.875, 4.25],
						"0.7": [-12.33875, -4.9375, 5.5625],
						"0.7667": [0, 0, 0]
					}
				}
			},
			"sound_effects": {
				"0.0": {
					"effect": "mk4_fire"
				},
				"0.1333": {
					"effect": "mk4_fire2"
				},
				"0.2667": {
					"effect": "mk4_fire2"
				},
				"0.3667": {
					"effect": "mk4_fire2"
				},
				"0.5": {
					"effect": "mk4_fire2"
				},
				"0.6333": {
					"effect": "mk4_fire2"
				},
				"0.7667": {
					"effect": "mk4_fire2"
				}
			},
			"particle_effects": {
				"0.0": {
					"effect": "flash",
					"locator": "flash_3"
				},
				"0.0667": {
					"effect": "smoke_chamber",
					"locator": "chamber_smoke1"
				},
				"0.1333": {
					"effect": "flash",
					"locator": "flash_3"
				},
				"0.2": {
					"effect": "smoke_chamber",
					"locator": "chamber_smoke1"
				},
				"0.2667": {
					"effect": "flash",
					"locator": "flash_3"
				},
				"0.3333": {
					"effect": "smoke_chamber",
					"locator": "chamber_smoke1"
				},
				"0.4": {
					"effect": "flash",
					"locator": "flash_3"
				},
				"0.4667": {
					"effect": "smoke_chamber",
					"locator": "chamber_smoke1"
				},
				"0.5333": {
					"effect": "flash",
					"locator": "flash_3"
				},
				"0.6": {
					"effect": "smoke_chamber",
					"locator": "chamber_smoke1"
				},
				"0.6667": {
					"effect": "flash",
					"locator": "flash_3"
				},
				"0.7333": {
					"effect": "smoke_chamber",
					"locator": "chamber_smoke1"
				}
			}
		},
		"animation.mk4_shoot2": {
			"loop": true,
			"animation_length": 0.75,
			"bones": {
				"rightArm": {
					"rotation": ["60+ variable.is_using_vr * 7.5", "25+ variable.is_using_vr * 7.5", "175 + variable.is_using_vr * -2.5"],
					"position": [11.3125, -8.4375, 5.75]
				},
				"leftArm": {
					"rotation": ["37.5+ variable.is_using_vr * 7.5", "20+ variable.is_using_vr * 7.5", "220+ variable.is_using_vr * -2.5"],
					"position": [-4.90625, -8.125, 19.59375]
				},
				"root": {
					"position": [-2, 1, -5.435]
				},
				"waist": {
					"rotation": [0, 0, 0],
					"position": {
						"0.0": [0, -4.44, -3.25],
						"0.0417": [0, -4.44, -3.57625],
						"0.0833": [0, -4.44, -2.59375],
						"0.125": [0, -4.44, -3.4025],
						"0.1667": [0, -4.44, -2.93125],
						"0.2083": [0, -4.44, -3.58625],
						"0.25": [0, -4.44, -2.9025],
						"0.2917": [0, -4.44, -3.775],
						"0.3333": [0, -4.44, -2.98875],
						"0.375": [0, -4.44, -4.08375],
						"0.4167": [0, -4.44, -3.48625],
						"0.4583": [0, -4.44, -4.0525],
						"0.5": [0, -4.44, -3.33125],
						"0.5417": [0, -4.44, -4.1425],
						"0.5833": [0, -4.44, -3.98],
						"0.625": [0, -4.44, -2.3275],
						"0.6667": [0, -4.44, -3.955],
						"0.7083": [0, -4.44, -3.0175]
					},
					"scale": 1.5
				},
				"M4a1": {
					"position": [2, 0, 0]
				},
				"body": {
					"rotation": [0, 5, 0],
					"position": [-0.28125, -1.25, -1.25]
				},
				"Stock": {
					"position": [1, 0, 0]
				},
				"A": {
					"position": [0, 0, 0]
				},
				"Gun": {
					"rotation": [0, 180, -2.5],
					"position": [10.78125, 10.90625, 11.78125],
					"scale": 0.6
				},
				"mk4smr2": {
					"rotation": {
						"0.0": [0, 0, 0],
						"0.0417": [0, 0, 3.75],
						"0.0833": [0, 0, -3.75],
						"0.125": [0, 0, 1.25],
						"0.2083": [0, 0, -1.25],
						"0.3333": [0, 0, 1.5],
						"0.4583": [0, 0, -1.25],
						"0.5833": [0, 0, 0.75],
						"0.7083": [0, 0, 2.25]
					}
				},
				"bone10": {
					"position": [0, 0, 0]
				},
				"Chamber2": {
					"position": {
						"0.0": [0, 0, 0],
						"0.0833": [0, 0, 3.625],
						"0.1667": [0, 0, 0],
						"0.25": [0, 0, 3.625],
						"0.3333": [0, 0, 0],
						"0.4167": [0, 0, 3.625],
						"0.5": [0, 0, 0],
						"0.5833": [0, 0, 3.625],
						"0.6667": [0, 0, 0],
						"0.75": [0, 0, 3.625]
					}
				},
				"Bullet": {
					"rotation": {
						"0.0": [0, 0, 0],
						"0.0833": [0, 37.5, 0],
						"0.125": [0, 0, 0],
						"0.2083": [62.5, 37.5, 0],
						"0.25": [0, 0, 0],
						"0.3333": [157.5, 37.5, 0],
						"0.375": [0, 0, 0],
						"0.4583": [72.5, 150, 0],
						"0.5": [72.5, 150, 0],
						"0.5833": [-62.5, 150, 167.5],
						"0.625": [-62.5, 150, 167.5],
						"0.7083": [72.5, 347.5, 225],
						"0.75": [0, 0, 0]
					},
					"position": {
						"0.0": [0, 0, 0],
						"0.0417": [-6.625, 2.875, 4.25],
						"0.0833": [-5.92, -12.17, 2.67],
						"0.125": [0, 0, 0],
						"0.1667": [-6.625, 2.875, 4.25],
						"0.2083": [-12.33875, -4.9375, 5.5625],
						"0.25": [-6.66, -15.17, 3],
						"0.2917": [-6.625, 2.875, 4.25],
						"0.3333": [-12.33875, -4.9375, 5.5625],
						"0.375": [0, 0, 0],
						"0.4167": [-6.625, 2.875, 4.25],
						"0.4583": [-5.92, -16.57, 2.67],
						"0.5": [0, 0, 0],
						"0.5417": [-6.625, 2.875, 4.25],
						"0.5833": [-12.33875, -4.9375, 5.5625],
						"0.625": [0, 0, 0],
						"0.6667": [-6.625, 2.875, 4.25],
						"0.7083": [-12.33875, -4.9375, 5.5625],
						"0.75": [0, 0, 0]
					}
				}
			},
			"sound_effects": {
				"0.0": {
					"effect": "mk4_fire"
				},
				"0.125": {
					"effect": "mk4_fire2"
				},
				"0.25": {
					"effect": "mk4_fire2"
				},
				"0.375": {
					"effect": "mk4_fire2"
				},
				"0.5": {
					"effect": "mk4_fire2"
				},
				"0.625": {
					"effect": "mk4_fire2"
				},
				"0.75": {
					"effect": "mk4_fire2"
				}
			},
			"particle_effects": {
				"0.0417": {
					"effect": "flash",
					"locator": "flash_3"
				},
				"0.0833": {
					"effect": "smoke_chamber",
					"locator": "chamber_smoke1"
				},
				"0.1667": {
					"effect": "flash",
					"locator": "flash_3"
				},
				"0.2083": {
					"effect": "smoke_chamber",
					"locator": "chamber_smoke1"
				},
				"0.2917": {
					"effect": "flash",
					"locator": "flash_3"
				},
				"0.3333": {
					"effect": "smoke_chamber",
					"locator": "chamber_smoke1"
				},
				"0.4167": {
					"effect": "flash",
					"locator": "flash_3"
				},
				"0.4583": {
					"effect": "smoke_chamber",
					"locator": "chamber_smoke1"
				},
				"0.5417": {
					"effect": "flash",
					"locator": "flash_3"
				},
				"0.5833": {
					"effect": "smoke_chamber",
					"locator": "chamber_smoke1"
				},
				"0.6667": {
					"effect": "flash",
					"locator": "flash_3"
				},
				"0.7083": {
					"effect": "smoke_chamber",
					"locator": "chamber_smoke1"
				}
			}
		},
		"animation.mk4_aim": {
			"loop": "hold_on_last_frame",
			"animation_length": 0.20833,
			"bones": {
				"rightArm": {
					"rotation": ["60+ variable.is_using_vr * 7.5", "25+ variable.is_using_vr * 7.5", "175 + variable.is_using_vr * -2.5"],
					"position": [11.3125, -8.4375, 5.75]
				},
				"leftArm": {
					"rotation": ["37.5+ variable.is_using_vr * 7.5", "20+ variable.is_using_vr * 7.5", "220+ variable.is_using_vr * -2.5"],
					"position": [-4.90625, -8.125, 19.59375]
				},
				"root": {
					"rotation": {
						"0.0": [0, 0, 0],
						"0.2083": [0, 0.25, 0]
					},
					"position": {
						"0.0": [-2, 1, -2],
						"0.0833": [-2, 1, -0.24375],
						"0.125": [-2, 1, -0.24375],
						"0.2083": [-2, 1, -6.125]
					}
				},
				"waist": {
					"rotation": {
						"0.0": [0, 0, 0],
						"0.2083": [0, -5, 0]
					},
					"position": {
						"0.0": [0, -4.44, -3.25],
						"0.2083": [-2.225, -2.44, -3.75]
					},
					"scale": 1.5
				},
				"M4a1": {
					"position": [2, 0, 0]
				},
				"body": {
					"rotation": {
						"0.0": [0, 5, 0],
						"0.2083": [0, 4, 0]
					},
					"position": {
						"0.0": [-0.28125, -1.25, -1.25],
						"0.2083": [-0.08125, -1.25, -1.25]
					}
				},
				"Stock": {
					"position": [1, 0, 0]
				},
				"A": {
					"position": [0, 0, 0]
				},
				"Gun": {
					"rotation": [0, 180, -2.5],
					"position": [10.78125, 10.90625, 11.78125],
					"scale": 0.6
				},
				"mk4smr2": {
					"rotation": {
						"0.0": [0, 0, 0],
						"0.1667": [0, 0, -2.5]
					},
					"position": {
						"0.0": [0, 0, 0],
						"0.1667": [0.1875, 0, 0]
					}
				},
				"bone5": {
					"rotation": {
						"0.0": [0, 0, 0],
						"0.1667": [0, 0.25, 0]
					},
					"position": {
						"0.0": [0, 0, 0],
						"0.1667": [0, 0, 0]
					}
				}
			},
			"sound_effects": {
				"0.0": {
					"effect": "m4a1_raise"
				}
			}
		},
		"animation.mk4_aim1": {
			"loop": "hold_on_last_frame",
			"bones": {
				"rightArm": {
					"rotation": ["60+ variable.is_using_vr * 7.5", "25+ variable.is_using_vr * 7.5", "175 + variable.is_using_vr * -2.5"],
					"position": [11.3125, -8.4375, 5.75]
				},
				"leftArm": {
					"rotation": ["37.5+ variable.is_using_vr * 7.5", "20+ variable.is_using_vr * 7.5", "220+ variable.is_using_vr * -2.5"],
					"position": [-4.90625, -8.125, 19.59375]
				},
				"root": {
					"rotation": [0, 0.25, 0],
					"position": [-2, 1, -6.125]
				},
				"waist": {
					"rotation": [0, -5, 0],
					"position": [-2.225, -2.44, -3.75],
					"scale": 1.5
				},
				"M4a1": {
					"position": [2, 0, 0]
				},
				"body": {
					"rotation": [0, 4, 0],
					"position": [-0.08125, -1.25, -1.25]
				},
				"Stock": {
					"position": [1, 0, 0]
				},
				"A": {
					"position": [0, 0, 0]
				},
				"Gun": {
					"rotation": [0, 180, -2.5],
					"position": [10.78125, 10.90625, 11.78125],
					"scale": 0.6
				},
				"mk4smr2": {
					"rotation": [0, 0, -2.5],
					"position": [0.1875, 0, 0]
				},
				"bone5": {
					"rotation": [0, 0.25, 0],
					"position": [0, 0, 0]
				}
			}
		},
		"animation.mk4_aim2": {
			"loop": "hold_on_last_frame",
			"animation_length": 0.25,
			"bones": {
				"rightArm": {
					"rotation": ["60+ variable.is_using_vr * 7.5", "25+ variable.is_using_vr * 7.5", "175 + variable.is_using_vr * -2.5"],
					"position": [11.3125, -8.4375, 5.75]
				},
				"leftArm": {
					"rotation": ["37.5+ variable.is_using_vr * 7.5", "20+ variable.is_using_vr * 7.5", "220+ variable.is_using_vr * -2.5"],
					"position": [-4.90625, -8.125, 19.59375]
				},
				"root": {
					"rotation": {
						"0.0": [0, 0.25, 0],
						"0.2083": [0, 0, 0]
					},
					"position": {
						"0.0": [-2, 1, -6.125],
						"0.0833": [-2, 1, -0.24375],
						"0.125": [-2, 1, -0.24375],
						"0.2083": [-2, 1, -2]
					}
				},
				"waist": {
					"rotation": {
						"0.0": [0, -5, 0],
						"0.2083": [0, 0, 0]
					},
					"position": {
						"0.0": [-2.225, -2.44, -3.75],
						"0.2083": [0, -4.44, -3.25]
					},
					"scale": 1.5
				},
				"M4a1": {
					"position": [2, 0, 0]
				},
				"body": {
					"rotation": {
						"0.0": [0, 4, 0],
						"0.2083": [0, 5, 0]
					},
					"position": {
						"0.0": [-0.08125, -1.25, -1.25],
						"0.2083": [-0.28125, -1.25, -1.25]
					}
				},
				"Stock": {
					"position": [1, 0, 0]
				},
				"A": {
					"position": [0, 0, 0]
				},
				"Gun": {
					"rotation": [0, 180, -2.5],
					"position": [10.78125, 10.90625, 11.78125],
					"scale": 0.6
				},
				"mk4smr2": {
					"rotation": {
						"0.0417": [0, 0, -2.5],
						"0.2083": [0, 0, 0]
					},
					"position": {
						"0.0417": [0.1875, 0, 0],
						"0.2083": [0, 0, 0]
					}
				},
				"bone5": {
					"rotation": {
						"0.0417": [0, 0.25, 0],
						"0.2083": [0, 0, 0]
					},
					"position": {
						"0.0417": [0, 0, 0],
						"0.2083": [0, 0, 0]
					}
				}
			},
			"sound_effects": {
				"0.0": {
					"effect": "m4a1_regrip"
				}
			}
		},
		"animation.mk4_s_aim": {
			"loop": true,
			"animation_length": 0.1667,
			"anim_time_update": "query.anim_time + query.delta_time * 1.8",
			"bones": {
				"rightArm": {
					"rotation": ["60+ variable.is_using_vr * 7.5", "25+ variable.is_using_vr * 7.5", "175 + variable.is_using_vr * -2.5"],
					"position": [11.3125, -8.4375, 5.75]
				},
				"leftArm": {
					"rotation": ["37.5+ variable.is_using_vr * 7.5", "20+ variable.is_using_vr * 7.5", "220+ variable.is_using_vr * -2.5"],
					"position": [-4.90625, -8.125, 19.59375]
				},
				"root": {
					"rotation": [0, 0.25, 0],
					"position": [-2, 1, -6.125]
				},
				"waist": {
					"rotation": [0, -5, 0],
					"position": [-2.225, -2.44, -3.75],
					"scale": 1.5
				},
				"M4a1": {
					"position": [2, 0, 0]
				},
				"body": {
					"rotation": [0, 4, 0],
					"position": {
						"0.0": [-0.08125, -1.25, -1.25],
						"0.0417": [-0.08, -1.25, -1.9],
						"0.0833": [-0.08125, -1.25, -1.25],
						"0.125": [-0.08, -1.25, -1.975],
						"0.1667": [-0.08125, -1.25, -1.25]
					}
				},
				"Stock": {
					"position": [1, 0, 0]
				},
				"A": {
					"position": [0, 0, 0]
				},
				"Gun": {
					"rotation": [0, 180, -2.5],
					"position": [10.78125, 10.90625, 11.78125],
					"scale": 0.6
				},
				"mk4smr2": {
					"rotation": {
						"0.0": [0, 0, -2.5],
						"0.0417": [0, 0, 1],
						"0.0833": [0, 0, -1.5],
						"0.125": [0, 0, -0.5]
					},
					"position": [0.1875, 0, 0]
				},
				"bone5": {
					"rotation": [0, 0.25, 0]
				},
				"Bullet": {
					"rotation": {
						"0.0": [0, 0, 0],
						"0.125": [-180, 77.5, -180],
						"0.1667": [0, 0, 0]
					},
					"position": {
						"0.0": [0, 0, 0],
						"0.0417": [-6.625, 2.875, 4.25],
						"0.0833": [-5.92, -12.17, 2.67],
						"0.125": [0, 0, 0],
						"0.1667": [0, 0, 0]
					}
				}
			},
			"sound_effects": {
				"0.0": {
					"effect": "mk4_fire"
				}
			},
			"particle_effects": {
				"0.0": {
					"effect": "flash",
					"locator": "flash_3"
				},
				"0.0417": {
					"effect": "smoke_chamber",
					"locator": "chamber_smoke1"
				}
			}
		},
		"animation.mk4_reload_ads": {
			"loop": "hold_on_last_frame",
			"animation_length": 1.875,
			"override_previous_animation": true,
			"bones": {
				"rightArm": {
					"rotation": {
						"0.0": ["60+ variable.is_using_vr * 7.5", "25+ variable.is_using_vr * 7.5", "175 + variable.is_using_vr * -2.5"],
						"0.2083": ["60+ variable.is_using_vr * 7.5", "25+ variable.is_using_vr * 7.5", "175 + variable.is_using_vr * -2.5"],
						"0.8333": ["60+ variable.is_using_vr * 7.5", "25+ variable.is_using_vr * 7.5", "175 + variable.is_using_vr * -2.5"],
						"1.125": ["60+ variable.is_using_vr * 7.5", "25+ variable.is_using_vr * 7.5", "175 + variable.is_using_vr * -2.5"],
						"1.1667": ["60+ variable.is_using_vr * 7.5", "25+ variable.is_using_vr * 7.5", "175 + variable.is_using_vr * -2.5"],
						"1.2083": ["60+ variable.is_using_vr * 7.5", "25+ variable.is_using_vr * 7.5", "175 + variable.is_using_vr * -2.5"],
						"1.4583": ["60+ variable.is_using_vr * 7.5", "25+ variable.is_using_vr * 7.5", "175 + variable.is_using_vr * -2.5"],
						"1.5417": ["60.5498+ variable.is_using_vr * 7.5", "22.8289+ variable.is_using_vr * 7.5", "176.3559 + variable.is_using_vr * -2.5"],
						"1.625": ["60+ variable.is_using_vr * 7.5", "25+ variable.is_using_vr * 7.5", "175 + variable.is_using_vr * -2.5"],
						"1.8333": ["60+ variable.is_using_vr * 7.5", "25+ variable.is_using_vr * 7.5", "175 + variable.is_using_vr * -2.5"]
					},
					"position": {
						"0.0": [11.3125, -8.4375, 5.75],
						"0.2083": [11.31, -8.44, 6.8125],
						"0.8333": [11.31, -8.44, 6.185],
						"1.125": [11.31, -8.44, 6.185],
						"1.1667": [11.31, -8.44, 6.185],
						"1.2083": [11.31, -8.44, 6.185],
						"1.4583": [11.31, -8.44, 6.185],
						"1.5417": [11.31, -8.44, 6.185],
						"1.625": [11.31, -8.44, 6.185],
						"1.8333": [11.3125, -8.4375, 5.75]
					}
				},
				"leftArm": {
					"rotation": {
						"0.0": ["37.5+ variable.is_using_vr * 7.5", "20+ variable.is_using_vr * 7.5", "220+ variable.is_using_vr * -2.5"],
						"0.2083": ["73.6554+ variable.is_using_vr * 7.5", "40.3619+ variable.is_using_vr * 7.5", "241.6481+ variable.is_using_vr * -2.5"],
						"1.0833": ["73.6554+ variable.is_using_vr * 7.5", "40.3619+ variable.is_using_vr * 7.5", "241.6481+ variable.is_using_vr * -2.5"],
						"1.1667": ["104.9918+ variable.is_using_vr * 7.5", "40.8047+ variable.is_using_vr * 7.5", "288.2946+ variable.is_using_vr * -2.5"],
						"1.2083": [103.4918, "40.8047+ variable.is_using_vr * 7.5", "288.2946+ variable.is_using_vr * -2.5"],
						"1.25": ["101.9918+ variable.is_using_vr * 7.5", "40.8047+ variable.is_using_vr * 7.5", "288.2946+ variable.is_using_vr * -2.5"],
						"1.2917": [93.21103, 29.62529, 300.08832],
						"1.375": ["144.8712+ variable.is_using_vr * 7.5", "33.3351+ variable.is_using_vr * 7.5", "353.1632+ variable.is_using_vr * -2.5"],
						"1.4167": [141.00945, 23.01476, 343.56758],
						"1.4583": [139.34432, 15.01128, 337.81722],
						"1.5": [145.41832, 19.29298, 354.02208],
						"1.5417": ["149.5239+ variable.is_using_vr * 7.5", "18.58+ variable.is_using_vr * 7.5", "363.6812+ variable.is_using_vr * -2.5"],
						"1.75": ["37.5+ variable.is_using_vr * 7.5", "20+ variable.is_using_vr * 7.5", "220+ variable.is_using_vr * -2.5"],
						"1.7917": ["37.7834+ variable.is_using_vr * 7.5", "19.3893+ variable.is_using_vr * 7.5", "220.841+ variable.is_using_vr * -2.5"],
						"1.875": ["37.5+ variable.is_using_vr * 7.5", "20+ variable.is_using_vr * 7.5", "220+ variable.is_using_vr * -2.5"]
					},
					"position": {
						"0.0": [-4.90625, -8.125, 19.59375],
						"0.125": [-2.94, -11.955, 13.22625],
						"0.2083": [-1.62875, -21.8075, 12.465],
						"1.0833": [-1.63, -21.81, 12.47],
						"1.1667": [-2.505, -10.32875, 12.47],
						"1.2083": [-2.7, -11.53, 12.47],
						"1.25": [-3.1, -11.83, 12.47],
						"1.3333": [-10.03, -9.26, 12.47],
						"1.375": [-12.05, -7.9675, 12.47],
						"1.4167": [-12.61, -7.97, 12.47],
						"1.4583": [-10.07, -7.97, 12.47],
						"1.5": [-5.79375, -7.97, 12.47],
						"1.5417": [-9.36, -7.97, 12.47],
						"1.5833": [-8.62125, -7.97, 12.47],
						"1.75": [-4.90625, -8.125, 19.29375],
						"1.7917": [-4.91, -8.02, 19.39],
						"1.875": [-4.90625, -8.125, 19.59375]
					}
				},
				"root": {
					"rotation": [0, 0.25, 0],
					"position": [-2, 1, -6.125]
				},
				"waist": {
					"rotation": [0, -5, 0],
					"position": [-2.225, -2.44, -3.75],
					"scale": 1.5
				},
				"M4a1": {
					"position": [2, 0, 0]
				},
				"body": {
					"rotation": [0, 4, 0],
					"position": [-0.08125, -1.25, -1.25]
				},
				"Stock": {
					"position": [1, 0, 0]
				},
				"A": {
					"position": [0, 0, 0]
				},
				"Gun": {
					"rotation": {
						"0.0": [0, 180, -2.5],
						"0.125": [0, 180, -2.5]
					},
					"position": {
						"0.0": [10.78125, 10.90625, 11.78125],
						"0.125": [10.78, 10.91, 11.78]
					},
					"scale": 0.6
				},
				"mk4smr2": {
					"rotation": {
						"0.0": [0, 0, -2.5],
						"0.0417": [0, 0, 0],
						"0.125": [0, 0, -2.5],
						"0.25": [0, 0, -4.37],
						"0.2917": [0, 0, 0],
						"0.3333": [0, 0, -2.5],
						"0.4167": [0, 0, 0],
						"0.8333": [0, 0, -2.5],
						"1.125": [0, 0, -2.5],
						"1.2083": [0, 0, 2.5],
						"1.25": [0, 0, -2.5],
						"1.2917": [0, 0, 0],
						"1.4167": [0, 0, 0],
						"1.4583": [0, 0, 0],
						"1.5": [0.00872, -0.24985, -2.53002],
						"1.5417": [0, 0, 2.93],
						"1.5833": [0, 0, -1.87855],
						"1.6667": [0, 0, -0.5],
						"1.75": [0, 0, 0.5],
						"1.7917": [-0.24972, 0.05017, -1.00058],
						"1.875": [0, 0, -2.5]
					},
					"position": {
						"0.0": [0.1875, 0, 0],
						"0.0417": [0.09625, 0, -0.35],
						"0.0833": [0.14, -0.3125, -0.71],
						"0.1667": [0.19, 0, -1.0625],
						"0.25": [0.27, 0, -1.06],
						"0.2917": [0.03375, 0, -1.06],
						"0.3333": [0.22625, 0, -1.06],
						"0.4167": [0.0425, 0, -1.06],
						"0.7917": [0.19625, -0.125, -0.59125],
						"1.0417": [0.2, 0.125, -0.59],
						"1.125": [0.2, 0, -0.59],
						"1.1667": [-0.1125, 0.09375, -0.99625],
						"1.2083": [0.2, 0, -0.59],
						"1.2917": [0.30625, -0.1625, -0.59],
						"1.4167": [0.11, -0.06, -0.59],
						"1.4583": [0.11, -0.06, -0.59],
						"1.5": [0.13, -0.04, -0.46],
						"1.5417": [0.14, -0.03, -0.34],
						"1.6667": [0.1875, 0, 0],
						"1.75": [0.19, 0, 0.34375],
						"1.7917": [0.065, 0, 0.17],
						"1.875": [0.19, 0, 0]
					}
				},
				"bone5": {
					"rotation": [0, 0.25, 0]
				}
			},
			"sound_effects": {
				"0.0": {
					"effect": "mk4_deploy"
				},
				"0.125": {
					"effect": "mk4_magout"
				},
				"1.0833": {
					"effect": "mk4_magin"
				},
				"1.4167": {
					"effect": "mk4_release"
				},
				"1.6667": {
					"effect": "mk4_deploy"
				}
			}
		},
		"animation.mk4_sprint": {
			"loop": "hold_on_last_frame",
			"animation_length": 0.20833,
			"anim_time_update": "query.anim_time + query.delta_time * 0.7",
			"bones": {
				"rightArm": {
					"rotation": ["60+ variable.is_using_vr * 7.5", "25+ variable.is_using_vr * 7.5", "175 + variable.is_using_vr * -2.5"],
					"position": [11.3125, -8.4375, 5.75]
				},
				"leftArm": {
					"rotation": ["37.5+ variable.is_using_vr * 7.5", "20+ variable.is_using_vr * 7.5", "220+ variable.is_using_vr * -2.5"],
					"position": [-4.90625, -8.125, 19.59375]
				},
				"root": {
					"rotation": {
						"0.0": [0, 0, 0],
						"0.1667": [25.11568, -47.49345, -50.29643]
					},
					"position": {
						"0.0": [-2, 1, -2],
						"0.0417": [3.38, -0.48125, 0.49],
						"0.1667": [19.99625, 3.47, 5.5275]
					}
				},
				"waist": {
					"rotation": {
						"0.0": [0, 0, 0],
						"0.1667": [0, 0, 0]
					},
					"position": {
						"0.0": [0, -4.44, -3.25],
						"0.1667": [0, -4.44, -3.25]
					},
					"scale": 1.5
				},
				"M4a1": {
					"position": [2, 0, 0]
				},
				"body": {
					"rotation": {
						"0.0": [0, 5, 0],
						"0.2083": [0, 5, 0]
					},
					"position": {
						"0.0": [-0.28125, -1.25, -1.25],
						"0.2083": [-0.28125, -1.25, -1.25]
					}
				},
				"Stock": {
					"position": [1, 0, 0]
				},
				"A": {
					"position": [0, 0, 0]
				},
				"Gun": {
					"rotation": [0, 180, -2.5],
					"position": [10.78125, 10.90625, 11.78125],
					"scale": 0.6
				},
				"mk4smr2": {
					"rotation": [0, 0, 0],
					"position": [0, 0, 0]
				}
			},
			"sound_effects": {
				"0.0": {
					"effect": "m4a1_raise"
				}
			}
		},
		"animation.mk4_sprint1": {
			"loop": true,
			"animation_length": 1.45,
			"override_previous_animation": true,
			"anim_time_update": "query.anim_time + query.delta_time * 0.9",
			"bones": {
				"rightArm": {
					"rotation": ["60+ variable.is_using_vr * 7.5", "25+ variable.is_using_vr * 7.5", "175 + variable.is_using_vr * -2.5"],
					"position": [11.3125, -8.4375, 5.75]
				},
				"leftArm": {
					"rotation": ["37.5+ variable.is_using_vr * 7.5", "20+ variable.is_using_vr * 7.5", "220+ variable.is_using_vr * -2.5"],
					"position": [-4.90625, -8.125, 19.59375]
				},
				"root": {
					"rotation": [25.12, -47.49, -50.3],
					"position": [20, 3.47, 5.53]
				},
				"waist": {
					"rotation": {
						"0.0": [0, 0, 0],
						"0.075": [0, -0.31, -0.62],
						"0.125": [0, -0.62, -1.25],
						"0.2": [0, -0.94, -1.87],
						"0.25": [0, -1.25, -2.5],
						"0.325": [0, -1.56, -3.12],
						"0.375": [0, -1.87, -3.75],
						"0.45": [0, -2.19, -4.37],
						"0.5": [0, -2.5, -5],
						"0.575": [0, -2.81, -5.62],
						"0.6": [0, -3, -6],
						"0.625": [0.19, -2.77, -6],
						"0.7": [0.67, -2.19, -6],
						"0.75": [1.15, -1.62, -6],
						"0.825": [1.63, -1.04, -6],
						"0.875": [2.12, -0.46, -6],
						"0.95": [2.6, 0.12, -6],
						"1.0": [3.08, 0.69, -6],
						"1.075": [3.56, 1.27, -6],
						"1.125": [4.04, 1.85, -6],
						"1.2": [4.52, 2.42, -6],
						"1.25": [5, 3, -6],
						"1.325": [3.44, 2.06, -4.12],
						"1.375": [1.87, 1.12, -2.25],
						"1.45": [0.31, 0.19, -0.37]
					},
					"position": {
						"0.0": [0, -4.44, -3.25],
						"0.075": [-0.19, -4.44, -3.16],
						"0.125": [-0.37, -4.44, -3.06],
						"0.2": [-0.56, -4.44, -2.97],
						"0.25": [-0.75, -4.44, -2.87],
						"0.325": [-0.94, -4.44, -2.78],
						"0.375": [-1.12, -4.44, -2.69],
						"0.45": [-1.31, -4.44, -2.59],
						"0.5": [-1.5, -4.44, -2.5],
						"0.575": [-1.69, -4.44, -2.41],
						"0.6": [-1.8, -4.44, -2.35],
						"0.625": [-1.8, -4.44, -2.25],
						"0.7": [-1.8, -4.44, -2],
						"0.75": [-1.8, -4.44, -1.75],
						"0.825": [-1.8, -4.44, -1.5],
						"0.875": [-1.8, -4.44, -1.25],
						"0.95": [-1.8, -4.44, -1],
						"1.0": [-1.8, -4.44, -0.75],
						"1.075": [-1.8, -4.44, -0.5],
						"1.125": [-1.8, -4.44, -0.25],
						"1.2": [-1.8, -4.44, 0],
						"1.25": [-1.8, -4.44, 0.25],
						"1.325": [-1.24, -4.44, -0.84],
						"1.375": [-0.67, -4.44, -1.94],
						"1.45": [-0.11, -4.44, -3.03]
					},
					"scale": 1.5
				},
				"M4a1": {
					"position": [2, 0, 0]
				},
				"body": {
					"rotation": {
						"0.0": [0, 5, 0],
						"0.05": [4.56, 4.98, -5.02],
						"0.075": [4.98, 4.86, -6.61],
						"0.1": [4.95, 4.35, -11.35],
						"0.125": [4.42, 4.14, -13.45],
						"0.2": [-2.75, 5.21, -10.52],
						"0.25": [-0.19, 5.19, -9.86],
						"0.275": [1.71, 5.33, -9.02],
						"0.325": [2.92, 6.74, -4.45],
						"0.35": [3, 8, 0],
						"0.375": [1.21, 7.6, 0.56],
						"0.4": [-0.95, 6.8, 0],
						"0.425": [-2.63, 6.2, 0],
						"0.45": [-2.24, 6.1, -0.29],
						"0.5": [1.75, 5.46, -2.68],
						"0.55": [4.56, 4.98, -5.02],
						"0.575": [4.66, 4.82, -6.6],
						"0.6": [4.95, 4.35, -11.35],
						"0.625": [4.42, 4.14, -13.45],
						"0.675": [-3.39, 5.36, -10.03],
						"0.7": [-2.54, 5.35, -9.86],
						"0.75": [1.71, 5.33, -9.02],
						"0.825": [2.78, 7.56, -1.5],
						"0.85": [1.4, 7.4, 0],
						"0.875": [-0.95, 6.8, 0],
						"0.9": [-2.63, 6.2, 0],
						"0.95": [-0.47, 5.83, -1.51],
						"1.0": [3.12, 5.22, -4.02],
						"1.025": [4.56, 4.98, -5.02],
						"1.075": [4.86, 4.51, -9.76],
						"1.1": [4.42, 4.14, -13.45],
						"1.125": [0.52, 4.75, -11.74],
						"1.15": [-3.39, 5.36, -10.03],
						"1.2": [-0.84, 5.34, -9.52],
						"1.225": [1.71, 5.33, -9.02],
						"1.25": [2.14, 6.22, -6.01],
						"1.3": [3, 8, 0],
						"1.325": [2.6, 7.85, 0],
						"1.35": [1.4, 7.4, 0],
						"1.375": [-0.95, 6.8, 0],
						"1.4": [-2.63, 6.2, 0],
						"1.45": [-0.66, 5.3, 0]
					},
					"position": {
						"0.0": [-0.28, -1.25, -1.25],
						"0.05": [-0.28, -2.25, -0.25],
						"0.075": [-0.35, -2.44, -0.12],
						"0.125": [-0.95, -3.25, 0.42],
						"0.2": [-2.17, -2.38, 0.83],
						"0.25": [-1.86, -2.21, -0.59],
						"0.275": [-1.48, -2.25, -1.25],
						"0.325": [-0.83, -2.26, -1.75],
						"0.35": [-0.28, -2.25, -2.05],
						"0.375": [-0.21, -2.18, -2.35],
						"0.4": [-0.28, -2.05, -2.5],
						"0.425": [-0.28, -1.61, -2.14],
						"0.45": [-0.28, -1.47, -2.05],
						"0.475": [-0.28, -1.2, -1.67],
						"0.5": [-0.26, -1.44, -1.24],
						"0.55": [-0.28, -2.25, -0.25],
						"0.575": [-0.39, -2.42, -0.14],
						"0.625": [-0.95, -3.25, 0.42],
						"0.675": [-2.28, -2.25, 0.75],
						"0.7": [-2.15, -2.25, 0.42],
						"0.75": [-1.48, -2.25, -1.25],
						"0.825": [-0.48, -2.25, -1.92],
						"0.85": [-0.28, -2.05, -2.39],
						"0.875": [-0.28, -2.05, -2.5],
						"0.9": [-0.28, -1.61, -2.14],
						"0.95": [-0.28, -1.3, -1.79],
						"1.0": [-0.28, -1.9, -0.72],
						"1.025": [-0.28, -2.25, -0.25],
						"1.075": [-0.53, -2.88, 0.15],
						"1.1": [-0.95, -3.25, 0.42],
						"1.125": [-1.71, -2.81, 0.75],
						"1.15": [-2.28, -2.25, 0.75],
						"1.2": [-2.04, -2.19, -0.18],
						"1.225": [-1.48, -2.25, -1.25],
						"1.25": [-1.07, -2.26, -1.62],
						"1.3": [-0.28, -2.25, -2.05],
						"1.325": [-0.2, -2.21, -2.17],
						"1.35": [-0.28, -2.05, -2.39],
						"1.375": [-0.28, -2.05, -2.5],
						"1.4": [-0.28, -1.61, -2.14],
						"1.425": [-0.28, -1.2, -1.67],
						"1.45": [-0.28, -1.2, -1.43]
					}
				},
				"Stock": {
					"position": [1, 0, 0]
				},
				"A": {
					"position": [0, 0, 0]
				},
				"Gun": {
					"rotation": [0, 180, -2.5],
					"position": [10.78125, 10.90625, 11.78125],
					"scale": 0.6
				},
				"mk4smr2": {
					"rotation": [0, 0, 0],
					"position": [0, 0, 0]
				}
			}
		},
		"animation.mk4_sprint2": {
			"loop": "hold_on_last_frame",
			"animation_length": 0.20833,
			"anim_time_update": "query.anim_time + query.delta_time * 0.7",
			"bones": {
				"rightArm": {
					"rotation": ["60+ variable.is_using_vr * 7.5", "25+ variable.is_using_vr * 7.5", "175 + variable.is_using_vr * -2.5"],
					"position": [11.3125, -8.4375, 5.75]
				},
				"leftArm": {
					"rotation": ["37.5+ variable.is_using_vr * 7.5", "20+ variable.is_using_vr * 7.5", "220+ variable.is_using_vr * -2.5"],
					"position": [-4.90625, -8.125, 19.59375]
				},
				"root": {
					"rotation": {
						"0.0417": [25.11568, -47.49345, -50.29643],
						"0.2083": [0, 0, 0]
					},
					"position": {
						"0.0417": [19.99625, 3.47, 5.5275],
						"0.1667": [3.38, -0.48125, 0.49],
						"0.2083": [-2, 1, -2]
					}
				},
				"waist": {
					"rotation": {
						"0.0417": [0, 0, 0],
						"0.2083": [0, 0, 0]
					},
					"position": {
						"0.0417": [0, -4.44, -3.25],
						"0.2083": [0, -4.44, -3.25]
					},
					"scale": 1.5
				},
				"M4a1": {
					"position": [2, 0, 0]
				},
				"body": {
					"rotation": {
						"0.0": [0, 5, 0],
						"0.2083": [0, 5, 0]
					},
					"position": {
						"0.0": [-0.28125, -1.25, -1.25],
						"0.2083": [-0.28125, -1.25, -1.25]
					}
				},
				"Stock": {
					"position": [1, 0, 0]
				},
				"A": {
					"position": [0, 0, 0]
				},
				"Gun": {
					"rotation": [0, 180, -2.5],
					"position": [10.78125, 10.90625, 11.78125],
					"scale": 0.6
				},
				"mk4smr2": {
					"rotation": [0, 0, 0],
					"position": [0, 0, 0]
				}
			},
			"sound_effects": {
				"0.0": {
					"effect": "m4a1_regrip"
				}
			}
		},
		"animation.mk4_reload": {
			"loop": "hold_on_last_frame",
			"animation_length": 1.875,
			"override_previous_animation": true,
			"bones": {
				"rightArm": {
					"rotation": {
						"0.0": [60, 25, 175],
						"0.0333": [59.21, 23.99, 173.1],
						"0.1": [59.24, 24.03, 173.18],
						"0.2": [59.29, 24.09, 173.29],
						"0.3": [59.34, 24.15, 173.4],
						"0.4": [59.38, 24.21, 173.51],
						"0.5": [59.43, 24.27, 173.62],
						"0.6": [59.48, 24.33, 173.74],
						"0.7": [59.52, 24.38, 173.85],
						"0.8": [59.57, 24.44, 173.96],
						"0.9": [59.61, 24.5, 174.07],
						"1.0": [59.66, 24.56, 174.18],
						"1.1": [59.71, 24.62, 174.29],
						"1.2": [59.75, 24.68, 174.41],
						"1.3": [59.8, 24.74, 174.52],
						"1.4": [59.85, 24.8, 174.63],
						"1.5": [59.89, 24.86, 174.74],
						"1.6": [59.94, 24.92, 174.85],
						"1.7": [59.98, 24.98, 174.96],
						"1.7333": [60, 25, 175],
						"1.8": [60, 25, 175],
						"1.8667": [60, 25, 175]
					},
					"position": {
						"0.0": [11.31, -8.44, 5.75],
						"0.0333": [11.21, -8.44, 5.75],
						"0.1": [11.13, -8.36, 5.75],
						"0.2": [11.01, -8.24, 5.75],
						"0.3": [10.94, -8.11, 5.75],
						"0.4": [10.88, -7.97, 5.75],
						"0.5": [10.81, -7.84, 5.75],
						"0.6": [10.88, -7.84, 5.75],
						"0.7": [10.95, -7.84, 5.75],
						"0.8": [11.02, -7.84, 5.75],
						"0.85": [11.05, -7.84, 5.75],
						"0.9": [10.7, -7.84, 5.75],
						"1.0": [10.01, -7.84, 5.75],
						"1.0667": [10.21, -7.84, 5.75],
						"1.1": [10.17, -7.84, 5.75],
						"1.15": [10.11, -7.84, 5.75],
						"1.1667": [10.01, -7.84, 5.75],
						"1.1833": [9.81, -7.84, 5.75],
						"1.2": [10.21, -7.84, 5.75],
						"1.2167": [10.11, -7.84, 5.75],
						"1.3": [10.12, -7.86, 5.75],
						"1.3667": [10.13, -7.88, 5.75],
						"1.4": [10.19, -8, 5.75],
						"1.4667": [10.31, -8.24, 5.75],
						"1.5": [10.51, -8.54, 5.75],
						"1.5167": [11.51, -8.74, 5.75],
						"1.5333": [11.19, -8.72, 5.75],
						"1.55": [11.4, -8.7, 5.75],
						"1.6": [11.75, -8.63, 5.75],
						"1.6167": [11.87, -8.6, 5.75],
						"1.7": [11.47, -8.48, 5.75],
						"1.7333": [11.31, -8.44, 5.75],
						"1.8": [11.31, -8.44, 5.75],
						"1.8667": [11.31, -8.44, 5.75]
					}
				},
				"leftArm": {
					"rotation": {
						"0.0": [37.5, 20, 220],
						"0.0333": [37.78, 19.39, 220.84],
						"0.0667": [37.21, 20.61, 219.15],
						"0.1": [50.95, 20.61, 219.15],
						"0.2": [92.21, 20.61, 219.15],
						"0.3": [89.54, 19.39, 219.11],
						"0.4": [86.87, 18.18, 219.06],
						"0.5": [84.2, 16.96, 219.01],
						"0.6": [81.53, 15.75, 218.97],
						"0.7": [78.86, 14.53, 218.92],
						"0.8": [76.2, 13.32, 218.87],
						"0.9": [73.53, 12.11, 218.83],
						"1.0": [70.86, 10.89, 218.78],
						"1.1": [68.19, 9.68, 218.74],
						"1.2": [65.52, 8.46, 218.69],
						"1.25": [64.19, 7.86, 218.67],
						"1.2667": [61.73, 7.83, 218.56],
						"1.3": [59.82, 7.78, 218.36],
						"1.3333": [58.03, 6.03, 219.22],
						"1.3833": [60.35, -9.69, 227.59],
						"1.4": [59.2, -1.39, 222.39],
						"1.4167": [58.05, 6.9, 217.19],
						"1.45": [56.47, 13.77, 212.56],
						"1.5": [55.79, 15.46, 211.25],
						"1.5167": [52.2, 7.61, 218.13],
						"1.5333": [55.02, 9.21, 216.73],
						"1.5667": [60.93, 9.96, 215.66],
						"1.6": [59.99, 20.52, 209.45],
						"1.6167": [59.64, 24.9, 207.09],
						"1.65": [63.12, 24.43, 209.13],
						"1.7": [42.8, 20.89, 217.84],
						"1.7167": [37.5, 20, 220],
						"1.8": [37.5, 20, 220],
						"1.8667": [37.5, 20, 220]
					},
					"position": {
						"0.0": [-4.91, -8.12, 19.59],
						"0.0333": [-5.21, -8.22, 19.59],
						"0.05": [-5.11, -8.32, 19.59],
						"0.0667": [-5.01, -8.22, 19.59],
						"0.1": [-6.13, -11.74, 19.59],
						"0.2": [-9.51, -22.32, 19.59],
						"0.3": [-9.25, -21.52, 18.2],
						"0.4": [-8.99, -20.73, 16.82],
						"0.5": [-8.74, -19.93, 15.43],
						"0.6": [-8.48, -19.14, 14.04],
						"0.7": [-8.22, -18.34, 12.66],
						"0.8": [-7.96, -17.55, 11.27],
						"0.9": [-7.71, -16.75, 9.88],
						"0.9333": [-7.62, -16.49, 9.42],
						"0.95": [-7.42, -15.59, 9.42],
						"0.9833": [-5.75, -12.42, 9.42],
						"1.0": [-5.75, -12.46, 9.36],
						"1.0667": [-5.75, -12.62, 9.12],
						"1.0833": [-5.95, -12.91, 9.14],
						"1.1": [-6.05, -13.08, 9.16],
						"1.1167": [-6.15, -13.14, 9.28],
						"1.1333": [-6.25, -13.09, 9.29],
						"1.15": [-6.35, -13.05, 9.3],
						"1.1667": [-6.45, -12.4, 9.31],
						"1.1833": [-6.8, -11.3, 9.32],
						"1.2": [-5.44, -11.39, 9.33],
						"1.2167": [-5.33, -11.48, 9.34],
						"1.2333": [-5.99, -11.57, 9.35],
						"1.2667": [-6.67, -11.9, 9.35],
						"1.3": [-6.79, -12.03, 9.36],
						"1.3333": [-7.32, -12.16, 9.36],
						"1.3833": [-10.35, -10.02, 9.42],
						"1.4": [-11.1, -9.11, 9.19],
						"1.4167": [-11.85, -8.21, 8.96],
						"1.45": [-11.19, -6.95, 8.78],
						"1.4667": [-10.43, -6.74, 8.75],
						"1.4833": [-8.77, -6.53, 8.72],
						"1.5": [-4.11, -6.32, 8.69],
						"1.5167": [-6.18, -6.58, 10.25],
						"1.5333": [-5.94, -6.67, 10.77],
						"1.55": [-6.46, -6.7, 10.98],
						"1.6": [-7.58, -6.8, 11.6],
						"1.6167": [-7.95, -6.84, 11.81],
						"1.7": [-5.41, -7.66, 18.29],
						"1.7167": [-4.91, -7.82, 19.59],
						"1.7333": [-4.91, -7.82, 19.29],
						"1.7667": [-4.91, -8.12, 19.47],
						"1.8": [-4.81, -8.12, 19.64],
						"1.8667": [-4.91, -8.12, 19.59]
					}
				},
				"root": {
					"position": [-2, 1, -2]
				},
				"waist": {
					"rotation": [0, 0, 0],
					"position": [0, -4.44, -3.25],
					"scale": 1.5
				},
				"M4a1": {
					"position": [2, 0, 0]
				},
				"body": {
					"rotation": [0, 5, 0],
					"position": [-0.28125, -1.25, -1.25]
				},
				"Stock": {
					"position": [1, 0, 0]
				},
				"A": {
					"position": [0, 0, 0]
				},
				"Gun": {
					"rotation": [0, 180, -2.5],
					"position": [10.78125, 10.90625, 11.78125],
					"scale": 0.6
				},
				"mk4smr2": {
					"rotation": {
						"0.0": [0, 0, 0],
						"0.0333": [-0.57, 0, 2.19],
						"0.05": [-0.71, -0.01, 1.24],
						"0.0833": [-1.42, -0.14, -3.35],
						"0.1167": [-1.99, -0.24, -7],
						"0.1333": [-2.09, -0.41, -8.11],
						"0.1667": [-2.62, -1.25, -13.71],
						"0.2": [-3.15, -2.09, -19.32],
						"0.25": [-3.69, -2.93, -24.92],
						"0.2833": [-3.54, -3.06, -27.18],
						"0.3333": [-3.97, -2.5, -18.51],
						"0.3667": [-4.04, -2.38, -16.88],
						"0.3833": [-4.02, -2.41, -17.31],
						"0.4167": [-3.93, -2.56, -19.44],
						"0.4667": [-4, -2.46, -17.9],
						"0.5": [-4.02, -2.41, -17.3],
						"0.55": [-4.03, -2.4, -17.07],
						"0.5833": [-4.05, -2.38, -16.83],
						"0.6167": [-4.07, -2.34, -16.28],
						"0.6667": [-4.1, -2.3, -15.67],
						"0.7": [-4.1, -2.3, -15.71],
						"0.7167": [-4.09, -2.31, -15.86],
						"0.75": [-4.06, -2.36, -16.51],
						"0.7833": [-4.01, -2.44, -17.75],
						"0.8333": [-3.94, -2.55, -19.27],
						"0.8667": [-3.87, -2.65, -20.82],
						"0.9167": [-3.81, -2.74, -22.16],
						"0.9333": [-3.79, -2.77, -22.59],
						"0.95": [-3.66, -2.95, -25.33],
						"0.9667": [-3.63, -3, -25.99],
						"1.0": [-3.53, -3.11, -27.82],
						"1.0167": [-3.6, -3.03, -26.54],
						"1.0333": [-3.66, -2.96, -25.43],
						"1.0833": [-3.62, -3.01, -26.14],
						"1.1167": [-3.56, -3.08, -27.24],
						"1.15": [-3.53, -3.12, -27.96],
						"1.1667": [-3.3, -3.36, -31.92],
						"1.1833": [-4, -3.63, -36.92],
						"1.2167": [-3.65, -3.25, -30.17],
						"1.2333": [-3.62, -3.01, -26.17],
						"1.25": [-3.5, -3.15, -28.42],
						"1.2667": [-3.35, -3.22, -29.99],
						"1.3": [-3.33, -3.13, -28.84],
						"1.3167": [-3.3, -3.04, -27.69],
						"1.3333": [-3.27, -2.98, -26.99],
						"1.3833": [-3.19, -2.84, -25.22],
						"1.4167": [-3.11, -2.63, -22.32],
						"1.4333": [-3.08, -2.53, -21.05],
						"1.4667": [-3.02, -2.45, -19.98],
						"1.4833": [-2.97, -2.36, -18.91],
						"1.5": [-2.98, -1.86, -10.52],
						"1.5167": [-3.89, -1.2, -19.28],
						"1.55": [-2.52, -1.54, -13.31],
						"1.5833": [-1.7, -1.21, -6.54],
						"1.6333": [-1.45, -1, -4.51],
						"1.6667": [-1.2, -0.79, -2.49],
						"1.7167": [-1, -0.03, -2.08],
						"1.7333": [-0.87, 0.42, -1.83],
						"1.75": [-0.25, 0.49, -0.6],
						"1.7667": [0.36, 0.55, 0.63],
						"1.8": [0.27, 0.42, -0.03],
						"1.8167": [0.18, 0.28, -0.69],
						"1.8333": [0.12, 0.19, -0.46],
						"1.8667": [0, 0, 0]
					},
					"position": {
						"0.0": [0, 0, 0],
						"0.0333": [0.01, -0.26, 0],
						"0.05": [0.01, -0.33, 0],
						"0.0833": [-0.09, 0.05, 0],
						"0.1167": [-0.2, 0.5, 0],
						"0.1333": [-0.24, 0.52, 0],
						"0.1667": [-0.43, 0.65, 0],
						"0.1833": [-0.5, 0.7, 0],
						"0.2": [-0.61, 0.62, 0],
						"0.25": [-0.8, 0.5, 0],
						"0.2833": [-0.88, 0.34, 0.58],
						"0.3": [-0.9, 0.31, 0.7],
						"0.3333": [-0.91, 0.37, 0.59],
						"0.3833": [-0.92, 0.44, 0.46],
						"0.4167": [-0.93, 0.52, 0.45],
						"0.45": [-0.94, 0.59, 0.46],
						"0.4667": [-0.94, 0.59, 0.46],
						"0.5": [-0.95, 0.57, 0.47],
						"0.55": [-0.96, 0.56, 0.48],
						"0.5833": [-0.97, 0.54, 0.49],
						"0.6167": [-0.98, 0.48, 0.44],
						"0.6667": [-0.99, 0.43, 0.39],
						"0.7": [-1.01, 0.37, 0.34],
						"0.7167": [-1.01, 0.36, 0.33],
						"0.75": [-1, 0.34, 0.31],
						"0.7833": [-0.98, 0.32, 0.27],
						"0.8333": [-0.96, 0.3, 0.24],
						"0.8667": [-0.94, 0.28, 0.21],
						"0.9167": [-0.93, 0.26, 0.18],
						"0.9333": [-0.92, 0.25, 0.17],
						"0.95": [-0.93, 0.31, 0.08],
						"0.9667": [-0.94, 0.33, 0.06],
						"1.0": [-1.01, 0.34, 0.04],
						"1.0167": [-1.12, 0.45, 0.04],
						"1.0333": [-1.09, 0.46, 0.04],
						"1.0833": [-1, 0.45, 0.03],
						"1.1167": [-0.92, 0.43, 0.02],
						"1.1333": [-0.91, 0.43, 0.02],
						"1.15": [-0.87, 0.34, 0.01],
						"1.1667": [-0.82, 0.23, 0],
						"1.1833": [-0.84, 0.35, 0],
						"1.2167": [-0.89, 0.65, 0],
						"1.25": [-0.92, 0.45, -0.01],
						"1.2833": [-0.9, 0.6, 0],
						"1.3": [-0.87, 0.61, 0.03],
						"1.3167": [-0.79, 0.64, 0.1],
						"1.3333": [-0.74, 0.61, 0.06],
						"1.35": [-0.68, 0.57, 0.01],
						"1.3833": [-0.6, 0.51, -0.05],
						"1.4167": [-0.56, 0.31, -0.15],
						"1.4667": [-0.53, 0.08, -0.24],
						"1.4833": [-0.52, -0.06, -0.3],
						"1.5": [-0.68, -0.03, -0.57],
						"1.5167": [-0.9, 0, -0.84],
						"1.55": [-0.71, 0.05, -1.22],
						"1.5833": [-0.29, 0.13, -1.9],
						"1.6167": [-0.26, 0.12, -2.12],
						"1.6333": [-0.25, 0.12, -2.02],
						"1.65": [-0.22, 0.1, -1.73],
						"1.6667": [-0.21, 0.09, -1.27],
						"1.7167": [-0.17, 0.08, -0.13],
						"1.7333": [-0.15, 0.07, 0.55],
						"1.75": [-0.13, 0.06, 0.38],
						"1.8": [-0.08, 0.04, -0.04],
						"1.8333": [-0.04, 0.02, -0.06],
						"1.8667": [0, 0, 0]
					}
				},
				"Magazine3": {
					"position": {
						"0.2833": [0, 0, 0],
						"0.4333": [0, -21.3, 0],
						"0.85": [0, -21.3, 0],
						"0.9833": [0, -3.5, 0],
						"1.0": [0, -3.1, 0],
						"1.0167": [0, -3.98, 0],
						"1.05": [0, -4.41, 0],
						"1.0833": [0, -4.09, 0],
						"1.1167": [0, -4.38, 0],
						"1.1333": [0, -4.5, 0],
						"1.15": [0, -4.1, 0],
						"1.2": [0, 0.2, 0],
						"1.2167": [0, 0, 0]
					}
				}
			},
			"sound_effects": {
				"0.0": {
					"effect": "m4a1_raise2"
				},
				"0.2167": {
					"effect": "m4a1_magout"
				},
				"0.6333": {
					"effect": "m4a1_regrip"
				},
				"1.05": {
					"effect": "m4a1_magin"
				},
				"1.4": {
					"effect": "m4a1_regrip"
				},
				"1.4667": {
					"effect": "m4a1_release"
				}
			}
		},
		"animation.mk4_inspect": {
			"loop": "hold_on_last_frame",
			"animation_length": 2.11667,
			"bones": {
				"rightArm": {
					"rotation": ["60+ variable.is_using_vr * 7.5", "25+ variable.is_using_vr * 7.5", "175 + variable.is_using_vr * -2.5"],
					"position": [11.3125, -8.4375, 5.75]
				},
				"leftArm": {
					"rotation": ["37.5+ variable.is_using_vr * 7.5", "20+ variable.is_using_vr * 7.5", "220+ variable.is_using_vr * -2.5"],
					"position": [-4.90625, -8.125, 19.59375]
				},
				"root": {
					"position": [-2, 1, -2]
				},
				"waist": {
					"rotation": {
						"0.0": [0, 0, 0],
						"0.05": [0, -0.45, 0.45],
						"0.0833": [0, -0.89, 0.89],
						"0.1333": [0, -1.34, 1.34],
						"0.1667": [0, -1.79, 1.79],
						"0.2": [0, -2.23, 2.23],
						"0.2333": [0, -2.5, 2.5],
						"0.25": [0, -2.46, 2.46],
						"0.2833": [0, -2.37, 2.37],
						"0.3333": [0, -2.28, 2.28],
						"0.3833": [0, -2.18, 2.18],
						"0.4167": [0, -2.09, 2.09],
						"0.4667": [0, -2, 2],
						"0.5": [0, -1.91, 1.91],
						"0.55": [0, -1.81, 1.81],
						"0.5833": [0, -1.72, 1.72],
						"0.6167": [0, -1.53, 1.53],
						"0.6667": [0, -1.35, 1.35],
						"0.7": [0, -1.16, 1.16],
						"0.75": [0, -0.97, 0.97],
						"0.7833": [0, -0.79, 0.79],
						"0.8333": [0, -0.6, 0.6],
						"0.8667": [0, -0.41, 0.41],
						"0.9167": [0, -0.22, 0.22],
						"0.95": [0, -0.04, 0.04],
						"0.9667": [0, 0, 0],
						"1.0": [0, 0, 0],
						"1.0333": [0, 0, 0],
						"1.0833": [0, 0, 0],
						"1.1167": [0, 0, 0],
						"1.1667": [0, 0, 0],
						"1.2167": [0, 0, 0],
						"1.25": [0, 0, 0],
						"1.3": [0, 0, 0],
						"1.3333": [0, 0, 0],
						"1.35": [0, 0, 0],
						"1.3833": [0, 0, 0],
						"1.4167": [0, 0, 0],
						"1.4667": [0, 0, 0],
						"1.5": [0, 0, 0],
						"1.55": [0, 0, 0],
						"1.5833": [0, 0, 0],
						"1.6333": [0, 0, 0],
						"1.6667": [0, 0, 0],
						"1.7167": [0, 0, 0],
						"1.75": [0, 0, 0],
						"1.8": [0, 0, 0],
						"1.8333": [0, 0, 0],
						"1.8833": [0, 0, 0],
						"1.9167": [0, 0, 0],
						"1.9667": [0, 0, 0],
						"2.0": [0, 0, 0],
						"2.05": [0, 0, 0],
						"2.0833": [0, 0, 0]
					},
					"position": {
						"0.0": [0, -4.44, -3.25],
						"0.05": [0.19, -4.44, -3.25],
						"0.0833": [0.38, -4.44, -3.25],
						"0.1333": [0.57, -4.44, -3.25],
						"0.1667": [0.76, -4.44, -3.25],
						"0.2": [0.95, -4.44, -3.25],
						"0.2333": [1.06, -4.44, -3.25],
						"0.25": [1.05, -4.44, -3.25],
						"0.2833": [1.01, -4.44, -3.25],
						"0.3333": [0.97, -4.44, -3.25],
						"0.3833": [0.93, -4.44, -3.25],
						"0.4167": [0.89, -4.44, -3.25],
						"0.4667": [0.85, -4.44, -3.25],
						"0.5": [0.81, -4.44, -3.25],
						"0.55": [0.77, -4.44, -3.25],
						"0.5833": [0.73, -4.44, -3.25],
						"0.6167": [1.49, -4.44, -3.25],
						"0.6667": [2.25, -4.44, -3.25],
						"0.7": [3.01, -4.44, -3.25],
						"0.75": [3.77, -4.44, -3.25],
						"0.7833": [4.53, -4.44, -3.25],
						"0.8333": [5.29, -4.44, -3.25],
						"0.8667": [6.05, -4.44, -3.25],
						"0.9167": [6.81, -4.44, -3.25],
						"0.95": [7.57, -4.44, -3.25],
						"0.9667": [7.72, -4.44, -3.25],
						"1.0": [7.72, -4.44, -3.25],
						"1.0333": [7.72, -4.44, -3.25],
						"1.0833": [7.72, -4.44, -3.25],
						"1.1167": [7.72, -4.44, -3.25],
						"1.1667": [7.72, -4.44, -3.25],
						"1.2167": [7.72, -4.44, -3.25],
						"1.25": [7.72, -4.44, -3.25],
						"1.3": [7.72, -4.44, -3.25],
						"1.3333": [7.72, -4.44, -3.25],
						"1.35": [7.72, -4.44, -3.25],
						"1.3833": [7.72, -4.44, -3.25],
						"1.4167": [7.72, -4.44, -3.25],
						"1.4667": [7.72, -4.44, -3.25],
						"1.5": [7.72, -4.44, -3.25],
						"1.55": [6.43, -4.44, -3.25],
						"1.5833": [5.15, -4.44, -3.25],
						"1.6333": [3.86, -4.44, -3.25],
						"1.6667": [2.57, -4.44, -3.25],
						"1.7167": [1.29, -4.44, -3.25],
						"1.75": [0, -4.44, -3.25],
						"1.8": [0, -4.44, -3.25],
						"1.8333": [0, -4.44, -3.25],
						"1.8833": [0, -4.44, -3.25],
						"1.9167": [0, -4.44, -3.25],
						"1.9667": [0, -4.44, -3.25],
						"2.0": [0, -4.44, -3.25],
						"2.05": [0, -4.44, -3.25],
						"2.0833": [0, -4.44, -3.25]
					},
					"scale": 1.5
				},
				"M4a1": {
					"position": [2, 0, 0]
				},
				"body": {
					"rotation": {
						"0.0": [0, 5, 0],
						"0.05": [0.37, 4.48, 0.15],
						"0.0833": [0.91, 3.72, 0.36],
						"0.1333": [1.48, 2.91, 0.61],
						"0.1667": [1.93, 2.25, 0.89],
						"0.1833": [2.05, 2.07, 1.01],
						"0.2": [2.17, 1.87, 1.25],
						"0.25": [2.22, 1.74, 1.74],
						"0.2833": [2.17, 1.73, 2.23],
						"0.3333": [2.11, 1.72, 2.58],
						"0.35": [2.1, 1.69, 2.64],
						"0.3833": [2.11, 1.65, 2.79],
						"0.4167": [2.13, 1.56, 3.41],
						"0.4667": [2.16, 1.46, 4.29],
						"0.5": [2.19, 1.36, 5.15],
						"0.55": [2.21, 1.27, 5.71],
						"0.5833": [2.21, 1.2, 5.71],
						"0.6167": [2.19, 1.15, 4.87],
						"0.6667": [2.13, 1.14, 2.93],
						"0.6833": [2.1, 1.15, 1.78],
						"0.7": [2.02, 1.19, -0.65],
						"0.75": [1.85, 1.3, -6.27],
						"0.7833": [1.63, 1.46, -13.33],
						"0.8333": [1.39, 1.64, -21.2],
						"0.8667": [1.15, 1.83, -29.23],
						"0.9167": [0.91, 2.02, -36.81],
						"0.95": [0.71, 2.17, -43.29],
						"1.0": [0.56, 2.28, -48.03],
						"1.0333": [0.35, 2.37, -53.9],
						"1.0833": [0.32, 2.32, -54.04],
						"1.1167": [0.23, 2.33, -56.16],
						"1.1667": [0.17, 2.34, -57.75],
						"1.1833": [0.16, 2.34, -58.04],
						"1.2167": [0.16, 2.34, -58.04],
						"1.25": [0.18, 2.34, -57.49],
						"1.3": [0.21, 2.33, -56.67],
						"1.3333": [0.24, 2.33, -56.04],
						"1.3833": [0.25, 2.33, -55.75],
						"1.4167": [0.26, 2.33, -55.57],
						"1.4333": [0.27, 2.33, -55.37],
						"1.4667": [0.33, 2.15, -57.61],
						"1.4833": [0.36, 2.32, -53.04],
						"1.5": [0.36, 2.41, -50.94],
						"1.55": [0.34, 2.77, -43.43],
						"1.5833": [0.31, 3.24, -33.71],
						"1.6333": [0.28, 3.76, -23.04],
						"1.6667": [0.25, 4.27, -12.69],
						"1.7167": [0.21, 4.7, -3.92],
						"1.75": [0.17, 5, 2.01],
						"1.8": [0, 5.12, 2.46],
						"1.8167": [-0.07, 5, -0.8],
						"1.8333": [-0.06, 5, -0.69],
						"1.8833": [0.05, 5, 0.52],
						"1.9": [0.09, 5, 1],
						"1.9167": [0.09, 5, 0.99],
						"1.9667": [0.04, 5, 0.49],
						"2.0": [0, 5, 0]
					},
					"position": {
						"0.0": [-0.28, -1.25, -1.25],
						"0.05": [-0.27, -1.25, -1.25],
						"0.0833": [-0.25, -1.24, -1.25],
						"0.1333": [-0.22, -1.24, -1.25],
						"0.1667": [-0.19, -1.25, -1.25],
						"0.1833": [-0.18, -1.25, -1.25],
						"0.2": [-0.12, -1.28, -1.25],
						"0.25": [-0.01, -1.34, -1.25],
						"0.2667": [0.02, -1.35, -1.25],
						"0.2833": [0.04, -1.33, -1.25],
						"0.3333": [0.03, -1.26, -1.25],
						"0.35": [0.02, -1.25, -1.25],
						"0.3833": [0.02, -1.23, -1.25],
						"0.4167": [0.07, -1.16, -1.25],
						"0.4667": [0.13, -1.04, -1.25],
						"0.5": [0.19, -0.93, -1.25],
						"0.55": [0.23, -0.86, -1.25],
						"0.5833": [0.22, -0.85, -1.25],
						"0.6167": [0.14, -0.95, -1.25],
						"0.6667": [-0.05, -1.19, -1.25],
						"0.6833": [-0.15, -1.33, -1.25],
						"0.7": [-0.42, -1.7, -1.25],
						"0.75": [-1.05, -2.59, -1.25],
						"0.7833": [-1.84, -3.69, -1.25],
						"0.8333": [-2.69, -4.89, -1.25],
						"0.8667": [-3.51, -6.03, -1.25],
						"0.9167": [-4.19, -6.99, -1.25],
						"0.95": [-5, -8.14, -1.25],
						"0.9667": [-4.95, -7.97, -1.25],
						"1.0": [-5.68, -7.95, -1.25],
						"1.0333": [-6.1, -7.59, -1.25],
						"1.0833": [-6.38, -7.05, -1.25],
						"1.1167": [-6.55, -6.76, -1.25],
						"1.1667": [-6.72, -6.46, -1.25],
						"1.1833": [-6.78, -6.35, -1.25],
						"1.2167": [-6.87, -6.1, -1.25],
						"1.25": [-6.97, -5.78, -1.25],
						"1.3": [-7.09, -5.72, -1.25],
						"1.3333": [-7.18, -5.75, -1.25],
						"1.3833": [-7.21, -5.79, -1.25],
						"1.4167": [-7.19, -5.85, -1.25],
						"1.4333": [-7.18, -5.88, -1.25],
						"1.4667": [-7.25, -6.06, -1.25],
						"1.4833": [-6.98, -6.05, -1.25],
						"1.5": [-6.68, -5.94, -1.25],
						"1.55": [-5.57, -5.52, -1.25],
						"1.5833": [-4.19, -4.73, -1.25],
						"1.6333": [-3.18, -3.88, -1.25],
						"1.6667": [-2.01, -2.79, -1.25],
						"1.7167": [-0.93, -1.75, -1.25],
						"1.75": [-0.18, -1.05, -1.25],
						"1.8": [-0.03, -1.08, -1.25],
						"1.8167": [-0.22, -1.33, -1.25],
						"1.8333": [-0.23, -1.34, -1.25],
						"1.8833": [-0.27, -1.28, -1.25],
						"1.9": [-0.28, -1.25, -1.25],
						"1.9167": [-0.28, -1.25, -1.25],
						"1.9667": [-0.28, -1.25, -1.25],
						"2.0": [-0.28, -1.25, -1.25]
					}
				},
				"Stock": {
					"position": [1, 0, 0]
				},
				"A": {
					"position": [0, 0, 0]
				},
				"Gun": {
					"rotation": [0, 180, -2.5],
					"position": [10.78125, 10.90625, 11.78125],
					"scale": 0.6
				},
				"mk4smr2": {
					"rotation": [0, 0, 0],
					"position": [0, 0, 0]
				}
			}
		},
		"animation.mk4_tsprint": {
			"loop": true,
			"animation_length": 0.85,
			"override_previous_animation": true,
			"anim_time_update": "query.anim_time + query.delta_time * 0.5",
			"bones": {
				"rightArm": {
					"rotation": {
						"0.0": ["60+ variable.is_using_vr * 7.5", "25+ variable.is_using_vr * 7.5", "175 + variable.is_using_vr * -2.5"],
						"0.0667": ["55.1221+ variable.is_using_vr * 7.5", "16.9138+ variable.is_using_vr * 7.5", "161.4509 + variable.is_using_vr * -2.5"],
						"0.1167": ["60+ variable.is_using_vr * 7.5", "25+ variable.is_using_vr * 7.5", "175 + variable.is_using_vr * -2.5"],
						"0.1833": ["55.1221+ variable.is_using_vr * 7.5", "16.9138+ variable.is_using_vr * 7.5", "161.4509 + variable.is_using_vr * -2.5"],
						"0.2833": ["60+ variable.is_using_vr * 7.5", "25+ variable.is_using_vr * 7.5", "175 + variable.is_using_vr * -2.5"],
						"0.3667": ["60+ variable.is_using_vr * 7.5", "25+ variable.is_using_vr * 7.5", "175 + variable.is_using_vr * -2.5"],
						"0.45": ["55.1221+ variable.is_using_vr * 7.5", "16.9138+ variable.is_using_vr * 7.5", "161.4509 + variable.is_using_vr * -2.5"],
						"0.5667": ["60+ variable.is_using_vr * 7.5", "25+ variable.is_using_vr * 7.5", "175 + variable.is_using_vr * -2.5"],
						"0.65": ["60+ variable.is_using_vr * 7.5", "25+ variable.is_using_vr * 7.5", "175 + variable.is_using_vr * -2.5"],
						"0.7333": ["55.1221+ variable.is_using_vr * 7.5", "16.9138+ variable.is_using_vr * 7.5", "161.4509 + variable.is_using_vr * -2.5"],
						"0.85": ["60+ variable.is_using_vr * 7.5", "25+ variable.is_using_vr * 7.5", "175 + variable.is_using_vr * -2.5"]
					},
					"position": {
						"0.0": [11.3125, -8.4375, 5.75],
						"0.0167": [11.51, -8.44, 5.55],
						"0.05": [12.01, -8.44, 5.55],
						"0.0667": [12.21, -8.44, 5.85],
						"0.0833": [12.51, -8.44, 6.05],
						"0.1": [12.61, -8.44, 6.24],
						"0.1167": [12.69, -8.44, 6.23],
						"0.1333": [12.55, -8.44, 6.12],
						"0.15": [12.41, -8.44, 6.01],
						"0.1667": [12.27, -8.44, 5.6],
						"0.1833": [12.13, -8.44, 5.32],
						"0.2": [11.99, -8.44, 5.39],
						"0.2167": [11.75, -8.44, 5.66],
						"0.2333": [11.64, -8.44, 5.68],
						"0.25": [11.33, -8.44, 5.7],
						"0.2667": [11.22, -8.44, 5.73],
						"0.2833": [11.3125, -8.4375, 5.75],
						"0.3": [11.51, -8.44, 5.55],
						"0.3333": [12.01, -8.44, 5.55],
						"0.35": [12.21, -8.44, 5.85],
						"0.3667": [12.51, -8.44, 6.05],
						"0.3833": [12.61, -8.44, 6.24],
						"0.4": [12.69, -8.44, 6.23],
						"0.4167": [12.55, -8.44, 6.12],
						"0.4333": [12.41, -8.44, 6.01],
						"0.45": [12.27, -8.44, 5.6],
						"0.4667": [12.13, -8.44, 5.32],
						"0.4833": [11.99, -8.44, 5.39],
						"0.5": [11.75, -8.44, 5.66],
						"0.5167": [11.64, -8.44, 5.68],
						"0.5333": [11.33, -8.44, 5.7],
						"0.55": [11.22, -8.44, 5.73],
						"0.5667": [11.3125, -8.4375, 5.75],
						"0.5833": [11.51, -8.44, 5.55],
						"0.6167": [12.01, -8.44, 5.55],
						"0.6333": [12.21, -8.44, 5.85],
						"0.65": [12.51, -8.44, 6.05],
						"0.6667": [12.61, -8.44, 6.24],
						"0.6833": [12.69, -8.44, 6.23],
						"0.7": [12.55, -8.44, 6.12],
						"0.7167": [12.41, -8.44, 6.01],
						"0.7333": [12.27, -8.44, 5.6],
						"0.75": [12.13, -8.44, 5.32],
						"0.7667": [11.99, -8.44, 5.39],
						"0.7833": [11.75, -8.44, 5.66],
						"0.8": [11.64, -8.44, 5.68],
						"0.8167": [11.33, -8.44, 5.7],
						"0.8333": [11.22, -8.44, 5.73],
						"0.85": [11.3125, -8.4375, 5.75]
					}
				},
				"leftArm": {
					"rotation": {
						"0.0": [166.48, -28.69, 208.24],
						"0.0333": [148.23, -28.69, 208.24],
						"0.05": [138.68, -26.16, 207.4],
						"0.0833": [73.59, -9.59, 201.91],
						"0.1333": [29.95, -21.26, 205.77],
						"0.15": [27.48, -28.69, 208.24],
						"0.1667": [94.19, -29.89, 208.63],
						"0.1833": [166.48, -28.69, 208.24],
						"0.2": [176.69, -28.69, 208.24],
						"0.25": [172.98, -28.69, 208.24],
						"0.2833": [164.52, -29.14, 208.39],
						"0.3167": [148.23, -28.69, 208.24],
						"0.3333": [126.47, -22.33, 206.13],
						"0.3667": [73.59, -9.59, 201.91],
						"0.3833": [65.19, -10.28, 202.14],
						"0.4167": [25.32, -24.37, 206.8],
						"0.4333": [27.48, -28.69, 208.24],
						"0.4667": [137.17, -29.14, 208.39],
						"0.5": [177.45, -28.69, 208.24],
						"0.55": [171.02, -28.69, 208.24],
						"0.5667": [166.48, -28.69, 208.24],
						"0.5833": [162.02, -29.89, 208.63],
						"0.6": [148.23, -28.69, 208.24],
						"0.6167": [112.65, -17.95, 204.68],
						"0.65": [73.59, -9.59, 201.91],
						"0.6667": [55.72, -12.13, 202.75],
						"0.7": [24.19, -26.96, 207.66],
						"0.7167": [27.48, -28.69, 208.24],
						"0.75": [166.48, -28.69, 208.24]
					},
					"position": {
						"0.0": [-9.01, -14.52, -5.28],
						"0.0333": [-12.57, -18.83, 0.64],
						"0.05": [-13.37, -16.74, 1.55],
						"0.0833": [-17.36, -6.31, 6.07],
						"0.1333": [-17.36, -7.15, 8.39],
						"0.15": [-17.36, -7.65, 9.78],
						"0.1667": [-15.69, -10.71, 6.77],
						"0.2": [-11.51, -18.35, -0.76],
						"0.2333": [-9.01, -22.93, -5.28],
						"0.25": [-9.01, -20.13, -5.28],
						"0.2833": [-9.9, -15.6, -3.8],
						"0.3167": [-12.57, -18.83, 0.64],
						"0.3333": [-14.17, -14.66, 2.45],
						"0.3667": [-17.36, -6.31, 6.07],
						"0.3833": [-17.36, -6.48, 6.53],
						"0.4167": [-17.36, -7.32, 8.85],
						"0.4333": [-17.36, -7.65, 9.78],
						"0.4667": [-14.85, -12.24, 5.26],
						"0.5": [-10.68, -19.88, -2.27],
						"0.5167": [-9.01, -22.93, -5.28],
						"0.55": [-9.01, -18.73, -5.28],
						"0.5667": [-9.01, -14.52, -5.28],
						"0.5833": [-10.79, -16.68, -2.32],
						"0.6": [-12.57, -18.83, 0.64],
						"0.6167": [-14.97, -12.57, 3.35],
						"0.65": [-17.36, -6.31, 6.07],
						"0.6667": [-17.36, -6.65, 6.99],
						"0.7": [-17.36, -7.49, 9.32],
						"0.7167": [-17.36, -7.65, 9.78],
						"0.75": [-14.02, -13.77, 3.76],
						"0.7833": [-9.84, -21.4, -3.77],
						"0.8": [-9.01, -22.93, -5.28]
					}
				},
				"root": {
					"rotation": [12.45392, 1.08089, -4.88206],
					"position": [-1.09, 0.75, 3.44]
				},
				"waist": {
					"rotation": [0, 0, 0],
					"position": [0, -4.44, -3.25],
					"scale": 1.5
				},
				"M4a1": {
					"position": [2, 0, 0]
				},
				"body": {
					"rotation": {
						"0.0": [47, 5, 0],
						"0.05": [46.99, 4.92, -0.09],
						"0.0833": [46.98, 4.8, -0.21],
						"0.1333": [46.97, 4.66, -0.36],
						"0.1667": [46.96, 4.5, -0.54],
						"0.2": [46.95, 4.33, -0.72],
						"0.25": [46.93, 4.17, -0.9],
						"0.2833": [46.92, 4.01, -1.07],
						"0.3333": [46.91, 3.87, -1.22],
						"0.3833": [46.9, 3.75, -1.34],
						"0.4167": [46.89, 3.67, -1.43],
						"0.4667": [46.89, 3.64, -1.46],
						"0.5": [46.89, 3.66, -1.44],
						"0.55": [46.9, 3.75, -1.34],
						"0.5833": [46.91, 3.89, -1.19],
						"0.6167": [46.93, 4.07, -1],
						"0.6667": [46.94, 4.27, -0.78],
						"0.7": [46.96, 4.48, -0.56],
						"0.75": [46.97, 4.67, -0.35],
						"0.7833": [46.99, 4.84, -0.17],
						"0.8333": [47, 4.97, -0.04],
						"0.85": [47, 5, 0]
					},
					"position": {
						"0.0": [2.72, -11.65, -1.25],
						"0.05": [2.75, -11.7, -1.25],
						"0.0833": [2.81, -11.78, -1.25],
						"0.1333": [2.87, -11.87, -1.25],
						"0.1667": [2.94, -11.98, -1.25],
						"0.2": [3.01, -12.09, -1.25],
						"0.25": [3.09, -12.2, -1.25],
						"0.2833": [3.16, -12.3, -1.25],
						"0.3333": [3.22, -12.4, -1.25],
						"0.3833": [3.27, -12.47, -1.25],
						"0.4167": [3.3, -12.53, -1.25],
						"0.4667": [3.32, -12.55, -1.25],
						"0.5": [3.31, -12.53, -1.25],
						"0.55": [3.27, -12.47, -1.25],
						"0.5833": [3.21, -12.38, -1.25],
						"0.6167": [3.13, -12.26, -1.25],
						"0.6667": [3.04, -12.13, -1.25],
						"0.7": [2.95, -11.99, -1.25],
						"0.75": [2.86, -11.87, -1.25],
						"0.7833": [2.79, -11.76, -1.25],
						"0.8333": [2.73, -11.67, -1.25],
						"0.85": [2.72, -11.65, -1.25]
					}
				},
				"Stock": {
					"position": [1, 0, 0]
				},
				"A": {
					"position": [0, 0, 0]
				},
				"Gun": {
					"rotation": [0, 180, -2.5],
					"position": [10.78125, 10.90625, 11.78125],
					"scale": 0.6
				},
				"mk4smr2": {
					"rotation": {
						"0.0": [0, 0, -7],
						"0.0167": [2.98, 0.31, -4.99],
						"0.05": [4.15, 0.09, -2.21],
						"0.0667": [5.97, 0.42, -6.99],
						"0.0833": [5.31, -1.13, -4.79],
						"0.1": [4.64, 0.17, -6.36],
						"0.1167": [3.99, -0.61, -7.1],
						"0.1333": [3.73, -0.44, -7.76],
						"0.15": [2.95, 0.52, -10.02],
						"0.1667": [2.96, 0.52, -9.02],
						"0.2": [-0.51, 0.15, -9.66],
						"0.2167": [-1.55, -0.06, -11.04],
						"0.2333": [-0.08, -0.32, -8.06],
						"0.25": [-1.04, -0.41, -8.03],
						"0.2667": [-0.35, -0.32, -8.02],
						"0.2833": [1.42, 0.21, -6.3],
						"0.3": [2.98, 0.31, -4.99],
						"0.3333": [4.49, -0.18, 0.99],
						"0.35": [5.98, -0.1, -2.02],
						"0.3667": [5.34, -0.94, -6.79],
						"0.3833": [4.99, -0.48, -5.7],
						"0.4": [3.99, -0.61, -7.1],
						"0.4167": [3.43, -0.08, -8.8],
						"0.4333": [2.95, 0.52, -10.02],
						"0.45": [2.96, 0.52, -9.02],
						"0.4667": [2.61, 0.5, -8.66],
						"0.4833": [0.97, 0.35, -8.03],
						"0.5": [-1.55, -0.09, -12.04],
						"0.5167": [-0.08, -0.32, -8.06],
						"0.5333": [-1.03, -0.44, -9.53],
						"0.55": [-0.77, -0.41, -8.93],
						"0.5667": [0, 0, -7],
						"0.5833": [2.98, 0.31, -4.99],
						"0.6167": [5.93, 0.33, -4.57],
						"0.6333": [5.97, 0.42, -6.99],
						"0.65": [5.26, -1.31, -2.8],
						"0.6667": [4.64, 0.17, -6.36],
						"0.6833": [3.99, -0.61, -7.1],
						"0.7": [3.18, 0.24, -8.88],
						"0.7167": [2.95, 0.52, -10.02],
						"0.7333": [2.96, 0.52, -9.02],
						"0.75": [0.93, 0.46, -8.21],
						"0.7667": [-1.03, 0.35, -8.03],
						"0.7833": [-0.22, -0.21, -10.17],
						"0.8": [-0.08, -0.32, -8.06],
						"0.8167": [-1.03, -0.45, -10.03],
						"0.8333": [-0.35, -0.32, -8.02],
						"0.85": [0, 0, -7]
					},
					"position": {
						"0.0": [0, 0, 0],
						"0.0167": [-0.2, 0, 0.2],
						"0.05": [-0.93, 0.25, 0.25],
						"0.0667": [-1.7, 0.5, 0.2],
						"0.0833": [-2.05, 0.53, -0.07],
						"0.1": [-2.23, 0.5, -0.33],
						"0.1167": [-2.4, 0.5, -0.3],
						"0.1333": [-2.38, 0.46, -0.3],
						"0.15": [-2.2, 0.3, -0.3],
						"0.1667": [-1.9, 0.1, -0.1],
						"0.1833": [-1.5, -0.15, 0.2],
						"0.2": [-0.98, -0.37, -0.25],
						"0.2167": [-0.85, -0.3, -0.4],
						"0.2333": [-0.4, -0.3, -0.7],
						"0.25": [-0.15, -0.23, -0.83],
						"0.2667": [0.07, -0.15, -0.6],
						"0.2833": [-0.01, -0.02, 0.14],
						"0.3": [-0.2, 0, 0.2],
						"0.3333": [-1.22, 0.35, 0.25],
						"0.35": [-1.7, 0.5, 0.2],
						"0.3833": [-2.15, 0.51, -0.22],
						"0.4": [-2.4, 0.5, -0.3],
						"0.4167": [-2.33, 0.41, -0.31],
						"0.4333": [-2.2, 0.3, -0.3],
						"0.45": [-1.9, 0.1, -0.1],
						"0.4667": [-1.71, -0.02, 0.08],
						"0.4833": [-1.1, -0.4, -0.1],
						"0.5": [-0.85, -0.3, -0.4],
						"0.5167": [-0.4, -0.3, -0.7],
						"0.5333": [-0.15, -0.23, -0.83],
						"0.55": [-0.02, -0.19, -0.76],
						"0.5667": [0, 0, 0],
						"0.5833": [-0.2, 0, 0.2],
						"0.6167": [-1.49, 0.44, 0.23],
						"0.6333": [-1.7, 0.5, 0.2],
						"0.6667": [-2.23, 0.5, -0.33],
						"0.6833": [-2.4, 0.5, -0.3],
						"0.7": [-2.27, 0.35, -0.31],
						"0.7167": [-2.2, 0.3, -0.3],
						"0.7333": [-1.9, 0.1, -0.1],
						"0.75": [-1.5, -0.15, 0.2],
						"0.7667": [-1.1, -0.4, -0.1],
						"0.7833": [-0.62, -0.3, -0.56],
						"0.8": [-0.4, -0.3, -0.7],
						"0.8167": [-0.15, -0.23, -0.83],
						"0.8333": [0.07, -0.15, -0.6],
						"0.85": [0, 0, 0]
					}
				}
			}
		}
	}
}
