{
	"format_version": "1.8.0",
	"animations": {
		"animation.mk4_tpp_draw": {
			"loop": "hold_on_last_frame",
			"animation_length": 0.45,
			"anim_time_update": "query.anim_time + query.delta_time * 0.8",
			"bones": {
				"rightArm": {
					"rotation": {
						"0.0": [-203.91, 18.1, -174.87],
						"0.0667": [-221.6, 18.1, -174.87],
						"0.1": [-209.28, 18.1, -174.87],
						"0.1167": [-202.92, 18.1, -174.87],
						"0.2167": [-120.16, 18.1, -174.87],
						"0.2833": [-86.26, 18.1, -174.87],
						"0.3": [-79.91, 18.1, -174.87],
						"0.3167": [-79.91, 18.1, -174.87],
						"0.3333": [-79.91, 18.1, -174.87],
						"0.35": [-79.91, 18.1, -174.87],
						"0.4333": [-79.91, 18.1, -174.87]
					},
					"position": {
						"0.0": [-1.37, 0.66, -0.12],
						"0.1": [-1.37, 0.18, -0.12],
						"0.1167": [-1.37, 0.19, 0.26],
						"0.2167": [-1.37, 0.31, 5.18],
						"0.2833": [-1.37, -1.51, 1.27],
						"0.3": [-1.37, -2.11, -0.06],
						"0.3167": [-1.37, -2.39, -0.17],
						"0.3333": [-1.37, -2.34, -0.14],
						"0.35": [-1.37, -2.25, -0.1],
						"0.4333": [-1.37, -1.84, -0.12]
					},
					"scale": [1, 0.7875, 1]
				},
				"leftArm": {
					"rotation": {
						"0.0": [-17.87, -58.11, -274.08],
						"0.0667": [14.88, -51.98, -313.53],
						"0.1": [5.46, -44.48, -318.45],
						"0.1167": [5.15, -42.81, -320.03],
						"0.15": [3.34, -33.22, -325.82],
						"0.2167": [-39.48, -22.63, -290.62],
						"0.2333": [-55.92, -15.07, -274.67],
						"0.25": [-68.65, -6.82, -258.56],
						"0.2833": [-71.15, 10.89, -224.29],
						"0.3333": [-71.26, 11.67, -222.78],
						"0.35": [-71.15, 10.89, -224.29],
						"0.4333": [-71.15, 10.89, -224.29],
						"0.45": [-71.15, 10.89, -224.29]
					},
					"position": {
						"0.0": [-1.44, -0.87, -4.41],
						"0.1167": [-1.61, -0.83, -4.41],
						"0.15": [-1.44, -0.87, -4.41],
						"0.2167": [0.96, -1.42, -4.41],
						"0.2833": [-1.44, -1.97, -4.41],
						"0.3167": [-1.44, -1.87, -4.71],
						"0.3333": [-1.44, -1.97, -4.67],
						"0.35": [-1.44, -2.37, -4.41],
						"0.4333": [-1.44, -2.02, -4.4],
						"0.45": [-1.44, -1.97, -4.41]
					},
					"scale": [1, 1.1156, 1]
				},
				"root": {
					"position": [-2, 0.09, -2]
				},
				"M4a1": {
					"position": [2, 0, 0]
				},
				"Stock": {
					"position": [1, 0, 0]
				},
				"A": {
					"position": [0, 0, 0]
				},
				"Gun": {
					"rotation": [-363.09, 337.7, -354.39],
					"position": [1.22, 11.72, -5.69],
					"scale": 0.5
				},
				"mk4smr2": {
					"rotation": {
						"0.0": [93, 0, 0],
						"0.0667": [103.09, 0, 0],
						"0.1": [102.18, 0, 0],
						"0.1167": [97.54, 0, 0],
						"0.2167": [37.15, 0, 0],
						"0.2833": [0, 0, 0],
						"0.3167": [-3, 0, 0],
						"0.3333": [-2, 0, 0],
						"0.35": [1, 0, 0],
						"0.4333": [0.17, 0, 0],
						"0.45": [0, 0, 0]
					},
					"position": {
						"0.0": [4.8, -8.8, 22.7],
						"0.1167": [2.96, -5.43, 14.02],
						"0.2167": [1.13, -2.07, 5.34],
						"0.2833": [0, 0, 0],
						"0.3167": [0, -0.4, -0.6],
						"0.3333": [0, -0.49, -0.45],
						"0.35": [0, -0.77, 0],
						"0.4333": [0, -0.13, 0],
						"0.45": [0, 0, 0]
					}
				},
				"body": {
					"rotation": {
						"0.0": [15.17, 29.68, 2.77],
						"0.05": [16.77, 33.49, 4.22],
						"0.0667": [17.47, 34.58, 4.77],
						"0.0833": [17.77, 33.75, 4.6],
						"0.1167": [14.48, 28.59, 2.88],
						"0.15": [9, 20, 0],
						"0.2": [-0.4, 20, 0],
						"0.2167": [-0.2, 20, 0],
						"0.2333": [0, 20, 0],
						"0.2667": [1.07, 19.96, 0],
						"0.3333": [0.13, 20, 0],
						"0.35": [-1.01, 21, -0.02],
						"0.3833": [0, 20, 0]
					},
					"position": {
						"0.0": [-0.4, 0, -3.16],
						"0.1": [-0.4, 0, -3.16],
						"0.1167": [-0.38, 0, -2.92],
						"0.15": [-0.3, 0, -1.7],
						"0.2": [0, 0, 0.12],
						"0.2167": [0, 0, 0.06],
						"0.2333": [0, 0, 0],
						"0.2667": [0, 0, -0.12],
						"0.3333": [0, 0, -0.01],
						"0.35": [0, 0, 0.3],
						"0.3833": [0, 0, 0]
					}
				},
				"leftLeg": {
					"rotation": [0.34, -17.49, -2.58]
				},
				"rightLeg": {
					"rotation": [0.55, 12.49, 2.56]
				},
				"head": {
					"rotation": {
						"0.0": [12.65, 29.39, 6.29],
						"0.05": [19.23, 32.23, 7.42],
						"0.0833": [26.33, 38.58, 11.05],
						"0.1167": [36.17, 40.15, 11.79],
						"0.15": [27.83, 30.34, 6.66],
						"0.2167": [15.12, 16.64, 3.46],
						"0.3": [0, 0, 0],
						"0.3333": [0.75, 0, 0],
						"0.35": [3.67, 0, 0],
						"0.3833": [0, 0, 0]
					},
					"position": {
						"0.0": [0, 0, 0],
						"0.1167": [0, 0, 0],
						"0.2167": [0, 0, 0],
						"0.3": [0, 0, 0],
						"0.3333": [0, 0, 0],
						"0.3833": [0, 0, 0]
					}
				}
			},
			"sound_effects": {
				"0.0": {
					"effect": "mk4_deploy"
				}
			}
		},
		"animation.mk4_tpp_hold": {
			"loop": true,
			"bones": {
				"rightArm": {
					"rotation": ["-79.9117+ variable.is_using_vr * 7.5", "18.0987+ variable.is_using_vr * 7.5", "-174.8739+ variable.is_using_vr * -2.5"],
					"position": [-1.375, -1.84375, -0.125],
					"scale": [1, 0.7875, 1]
				},
				"leftArm": {
					"rotation": ["-71.1456+ variable.is_using_vr * 7.5", "10.8908+ variable.is_using_vr * 7.5", "-224.2859+ variable.is_using_vr * -2.5"],
					"position": [-1.4375, -1.96875, -4.40625],
					"scale": [1, 1.11562, 1]
				},
				"root": {
					"position": [-2, 0.09375, -2]
				},
				"M4a1": {
					"position": [2, 0, 0]
				},
				"Stock": {
					"position": [1, 0, 0]
				},
				"A": {
					"position": [0, 0, 0]
				},
				"Gun": {
					"rotation": [-363.09472, 337.70289, -354.38997],
					"position": [1.2175, 11.715, -5.69],
					"scale": 0.5
				},
				"mk4smr2": {
					"rotation": [0, 0, 0],
					"position": [0, 0, 0]
				},
				"body": {
					"rotation": [0, 20, 0]
				},
				"leftLeg": {
					"rotation": [0.34203, -17.49265, -2.58145]
				},
				"rightLeg": {
					"rotation": [0.55404, 12.48791, 2.56062]
				}
			}
		},
		"animation.mk4_tpp_aim": {
			"loop": true,
			"bones": {
				"rightArm": {
					"rotation": ["-74.9117+ variable.is_using_vr * 7.5", "18.0987+ variable.is_using_vr * 7.5", "-174.8739+ variable.is_using_vr * -2.5"],
					"position": [-1.375, -1.84375, -0.125],
					"scale": [1, 0.7875, 1]
				},
				"leftArm": {
					"rotation": ["-63.6456+ variable.is_using_vr * 7.5", "10.8908+ variable.is_using_vr * 7.5", "-224.2859+ variable.is_using_vr * -2.5"],
					"position": [-1.4375, -1.96875, -4.40625],
					"scale": [1, 1.11562, 1]
				},
				"root": {
					"position": [-2, 0.09375, -2]
				},
				"M4a1": {
					"position": [2, 0, 0]
				},
				"Stock": {
					"position": [1, 0, 0]
				},
				"A": {
					"position": [0, 0, 0]
				},
				"Gun": {
					"rotation": [-368.09472, 337.70289, -354.38997],
					"position": [1.2175, 12.4025, -5.69],
					"scale": 0.5
				},
				"mk4smr2": {
					"rotation": [0, 0, 0],
					"position": [0, 0, 0]
				},
				"body": {
					"rotation": [5, 20, 0],
					"position": [0, 0, -1.375]
				},
				"leftLeg": {
					"rotation": [0.34203, -17.49265, -2.58145]
				},
				"rightLeg": {
					"rotation": [0.55404, 12.48791, 2.56062]
				},
				"head": {
					"rotation": [0, 0, -12.5]
				}
			}
		},
		"animation.mk4_tpp_ads_shoot": {
			"loop": true,
			"animation_length": 0.1667,
			"anim_time_update": "query.anim_time + query.delta_time * 2.5",
			"bones": {
				"rightArm": {
					"rotation": {
						"0.0": ["-71.9117+ variable.is_using_vr * 7.5", "18.0987+ variable.is_using_vr * 7.5", "-174.8739+ variable.is_using_vr * -2.5"],
						"0.05": ["-74.9117+ variable.is_using_vr * 7.5", "18.0987+ variable.is_using_vr * 7.5", "-174.8739+ variable.is_using_vr * -2.5"],
						"0.15": ["-74.9117+ variable.is_using_vr * 7.5", "18.0987+ variable.is_using_vr * 7.5", "-174.8739+ variable.is_using_vr * -2.5"]
					},
					"position": {
						"0.0": [-1.375, -2.24375, -0.025],
						"0.05": [-1.37, -1.51, -0.46],
						"0.1": [-1.37, -1.88, -0.19],
						"0.15": [-1.375, -1.84375, -0.125]
					},
					"scale": [1, 0.7875, 1]
				},
				"leftArm": {
					"rotation": {
						"0.0": ["-63.6456+ variable.is_using_vr * 7.5", "10.8908+ variable.is_using_vr * 7.5", "-224.2859+ variable.is_using_vr * -2.5"],
						"0.15": ["-63.6456+ variable.is_using_vr * 7.5", "10.8908+ variable.is_using_vr * 7.5", "-224.2859+ variable.is_using_vr * -2.5"]
					},
					"position": {
						"0.0": [-1.4375, -1.96875, -4.00625],
						"0.0333": [-1.44, -1.97, -4.3],
						"0.05": [-1.44, -1.97, -4.52],
						"0.0667": [-1.44, -1.97, -4.4],
						"0.1": [-1.44, -1.97, -4.2],
						"0.15": [-1.4375, -1.96875, -4.40625]
					},
					"scale": [1, 1.11562, 1]
				},
				"root": {
					"position": [-2, 0.09375, -2]
				},
				"M4a1": {
					"position": [2, 0, 0]
				},
				"Stock": {
					"position": [1, 0, 0]
				},
				"A": {
					"position": [0, 0, 0]
				},
				"Gun": {
					"rotation": [-368.09472, 337.70289, -354.38997],
					"position": [1.2175, 12.4025, -5.69],
					"scale": 0.5
				},
				"mk4smr2": {
					"rotation": {
						"0.0": [-1.99756, 0.06975, 3.99939],
						"0.0167": [-0.66657, 0.01163, -0.33354],
						"0.05": [0.99756, 0.06975, -3.99939],
						"0.1": [-1, 0, 2],
						"0.15": [0, 0, 0]
					},
					"position": {
						"0.0": [0, -0.4, 0.7],
						"0.05": [0, 0, -0.2],
						"0.1": [0, 0, 0],
						"0.15": [0, 0, 0]
					}
				},
				"body": {
					"rotation": {
						"0.0": [4, 20, 0],
						"0.0333": [5, 20, 0]
					},
					"position": {
						"0.0": [0, 0, -1.175],
						"0.0333": [0, 0, -1.375]
					}
				},
				"leftLeg": {
					"rotation": [0.34203, -17.49265, -2.58145]
				},
				"rightLeg": {
					"rotation": [0.55404, 12.48791, 2.56062]
				},
				"head": {
					"rotation": {
						"0.0": [6, 0, -12.5],
						"0.0167": [1, 0, -12.5],
						"0.0333": [-0.5, 0, -12.5],
						"0.05": [0, 0, -12.5]
					}
				},
				"Bullet": {
					"rotation": {
						"0.0": [0, 0, 0],
						"0.0667": [-140, 22.36, -140],
						"0.1167": [-280, 44.72, -280],
						"0.15": [-360, 57.5, -360]
					},
					"position": {
						"0.0": [-1.3, 0, 0],
						"0.0167": [-9.7, 3.5, 0],
						"0.05": [-17.3, 7.3, 0],
						"0.0667": [-19.1, 7.12, 0],
						"0.0833": [-24.5, 6.6, 0],
						"0.1167": [-31.8, 5.7, 0],
						"0.1333": [-36.9, 3.3, 0],
						"0.15": [0, 0, 0]
					}
				},
				"Chamber2": {
					"position": {
						"0.0": [0, 0, 0],
						"0.0333": [0, 0, 3.40625],
						"0.1333": [0, 0, 0]
					}
				}
			},
			"sound_effects": {
				"0.0": {
					"effect": "mk4_fire"
				},
				"0.1667": {
					"effect": "mk4_fire2"
				}
			},
			"particle_effects": {
				"0.0": {
					"effect": "flash",
					"locator": "flash_3"
				}
			}
		},
		"animation.mk4_tpp_shoot": {
			"loop": true,
			"animation_length": 0.4,
			"anim_time_update": "query.anim_time + query.delta_time * 5.0",
			"bones": {
				"rightArm": {
					"rotation": {
						"0.0": ["-78.9117+ variable.is_using_vr * 7.5", "18.0987+ variable.is_using_vr * 7.5", "-174.8739+ variable.is_using_vr * -2.5"],
						"0.0417": ["-80.9117+ variable.is_using_vr * 7.5", "18.0987+ variable.is_using_vr * 7.5", "-174.8739+ variable.is_using_vr * -2.5"],
						"0.0833": [-81.81646, "18.0987+ variable.is_using_vr * 7.5", "-174.8739+ variable.is_using_vr * -2.5"],
						"0.1667": ["-79.9117+ variable.is_using_vr * 7.5", "18.0987+ variable.is_using_vr * 7.5", "-174.8739+ variable.is_using_vr * -2.5"],
						"0.4167": ["-79.9117+ variable.is_using_vr * 7.5", "18.0987+ variable.is_using_vr * 7.5", "-174.8739+ variable.is_using_vr * -2.5"]
					},
					"position": {
						"0.0": [-1.37, -1.94, 0.18],
						"0.0417": [-1.37, -1.64, -0.02],
						"0.0833": [-1.37, -1.66, -0.23],
						"0.125": [-1.37, -1.68, -0.32],
						"0.1667": [-1.37, -1.91, -0.09],
						"0.4167": [-1.375, -1.84375, -0.125]
					},
					"scale": {
						"0.0": [1, 0.7875, 1],
						"0.4167": [1, 0.7875, 1]
					}
				},
				"leftArm": {
					"rotation": ["-71.1456+ variable.is_using_vr * 7.5", "10.8908+ variable.is_using_vr * 7.5", "-224.2859+ variable.is_using_vr * -2.5"],
					"position": {
						"0.0": [-1.44, -1.67, -3.91],
						"0.0417": [-1.44, -1.97, -4.35],
						"0.0833": [-1.44, -1.97, -4.47],
						"0.125": [-1.44, -1.97, -4.64],
						"0.1667": [-1.44, -2.07, -4.48],
						"0.4167": [-1.4375, -1.96875, -4.40625]
					},
					"scale": {
						"0.0": [1, 1.11562, 1],
						"0.4167": [1, 1.11562, 1]
					}
				},
				"root": {
					"position": [-2, 0.09375, -2]
				},
				"M4a1": {
					"position": [2, 0, 0]
				},
				"Stock": {
					"position": [1, 0, 0]
				},
				"A": {
					"position": [0, 0, 0]
				},
				"Gun": {
					"rotation": [-363.18401, 337.70289, -354.38997],
					"position": [1.2175, 12.4025, -5.69],
					"scale": 0.5
				},
				"mk4smr2": {
					"rotation": {
						"0.0": [-2, 0, 0],
						"0.0417": [1, -0.0349, -0.9997],
						"0.0833": [1.00091, -0.03489, -2.4997],
						"0.1667": [0, 0, -1],
						"0.4167": [0, 0, 0]
					},
					"position": {
						"0.0": [0, 0.2, 0.7],
						"0.0417": [0, 0.25, 0.22],
						"0.0833": [0, 0.1, -0.2],
						"0.125": [0, 0.07, -0.33],
						"0.1667": [0, -0.1, 0],
						"0.4167": [0, 0, 0]
					}
				},
				"body": {
					"rotation": {
						"0.0": [-1, 20, 0],
						"0.0833": [0, 20, 0]
					},
					"position": {
						"0.0": [0, 0, 0.2],
						"0.0833": [0, 0, 0]
					}
				},
				"leftLeg": {
					"rotation": [0.34203, -17.49265, -2.58145]
				},
				"rightLeg": {
					"rotation": [0.55404, 12.48791, 2.56062]
				},
				"head": {
					"rotation": {
						"0.0": [3, 0, 0],
						"0.0417": [0.9997, 0.0349, -0.99939],
						"0.125": [0, 0, 0]
					}
				},
				"Chamber2": {
					"position": {
						"0.0": [0, 0, 1.14],
						"0.0417": [0, 0, 3.41],
						"0.0833": [0, 0, 1.36],
						"0.125": [0, 0, 0]
					}
				},
				"Bullet": {
					"rotation": {
						"0.0": [0, 0, 0],
						"0.0417": [-83.08, -19.04, -83.08],
						"0.0833": [-166.15, -38.08, -166.15],
						"0.125": [-207.69, -47.6, -207.69],
						"0.1667": [-290.77, -66.63, -290.77],
						"0.2083": [-342, -78.38, -342],
						"0.25": [-234, -53.63, -234],
						"0.2917": [-180, -41.25, -180],
						"0.3333": [-72, -16.5, -72],
						"0.375": [-18, -4.12, -18]
					},
					"position": {
						"0.0": [-1.3, 0, 0],
						"0.0417": [-13.5, 5.4, 0],
						"0.0833": [-24.5, 6.6, 0],
						"0.125": [-29.98, 5.92, 0],
						"0.1667": [-37.96, 1.69, 0],
						"0.2083": [-51.42, -12.27, 0],
						"0.25": [-58.35, -29.71, 0],
						"0.2917": [-59.5, -92.3, 0],
						"0.3333": [-59.5, -92.3, 0],
						"0.375": [-59.5, -92.3, 0],
						"0.4167": [0, 0, 0]
					}
				}
			},
			"sound_effects": {
				"0.0": {
					"effect": "mk4_fire"
				},
				"0.375": {
					"effect": "mk4_fire"
				}
			},
			"particle_effects": {
				"0.0": {
					"effect": "flash",
					"locator": "flash_3"
				}
			}
		},
		"animation.mk4_tpp_reload": {
			"loop": "hold_on_last_frame",
			"animation_length": 1.1,
			"anim_time_update": "query.anim_time + query.delta_time * 0.7",
			"bones": {
				"rightArm": {
					"rotation": {
						"0.0": [-79.91, 18.1, -174.87],
						"0.05": [-80.52, 18.41, -176.82],
						"0.0667": [-80.89, 18.6, -177.99],
						"0.0833": [-81.89, 18.6, -177.99],
						"0.1": [-82.89, 18.6, -177.99],
						"0.1167": [-81.89, 18.6, -177.99],
						"0.1333": [-82.39, 18.6, -177.99],
						"0.15": [-83.89, 18.6, -177.99],
						"0.1667": [-84.58, 18.77, -180.25],
						"0.2": [-86.28, 19.18, -185.91],
						"0.2333": [-87.3, 19.44, -189.29],
						"0.25": [-87.3, 19.44, -189.29],
						"0.2833": [-87.3, 19.44, -189.29],
						"0.3333": [-87.3, 19.44, -189.29],
						"0.3833": [-87.3, 19.44, -189.29],
						"0.4167": [-87.3, 19.44, -189.29],
						"0.4667": [-87.3, 19.44, -189.29],
						"0.5": [-87.3, 19.44, -189.29],
						"0.55": [-87.3, 19.44, -189.29],
						"0.5833": [-87.3, 19.44, -189.29],
						"0.6167": [-87.3, 19.44, -189.29],
						"0.6667": [-87.3, 19.44, -189.29],
						"0.7": [-87.3, 19.44, -189.29],
						"0.7333": [-87.3, 19.44, -189.29],
						"0.75": [-86.89, 19.36, -188.49],
						"0.7833": [-85.87, 19.18, -186.49],
						"0.8333": [-84.84, 18.99, -184.49],
						"0.8667": [-83.81, 18.8, -182.48],
						"0.9167": [-82.79, 18.62, -180.48],
						"0.95": [-81.76, 18.43, -178.48],
						"1.0": [-80.73, 18.25, -176.47],
						"1.0333": [-79.41, 18.1, -174.87],
						"1.05": [-78.91, 18.1, -174.87],
						"1.0667": [-80.25, 18.1, -174.87],
						"1.0833": [-80.08, 18.1, -174.87],
						"1.1": [-79.91, 18.1, -174.87]
					},
					"position": {
						"0.0": [-1.37, -1.84, -0.12],
						"0.05": [-1.37, -1.97, -0.18],
						"0.0667": [-1.37, -2.04, -0.22],
						"0.0833": [-1.37, -2.04, -0.32],
						"0.1": [-1.37, -2.04, -0.42],
						"0.1167": [-1.37, -2.24, -0.52],
						"0.1333": [-1.37, -2.19, -0.52],
						"0.15": [-1.37, -2.04, -0.52],
						"0.1667": [-1.37, -1.94, -0.47],
						"0.1833": [-1.37, -1.84, -0.42],
						"0.2": [-1.22, -2.1, -0.45],
						"0.2333": [-1.07, -2.36, -0.47],
						"0.25": [-1.01, -2.42, -0.49],
						"0.2833": [-0.91, -2.56, -0.53],
						"0.3333": [-1.02, -2.63, -0.57],
						"0.3833": [-0.98, -2.73, -0.61],
						"0.4": [-0.96, -2.79, -0.64],
						"0.4167": [-0.97, -2.82, -0.66],
						"0.4333": [-0.98, -2.96, -0.68],
						"0.45": [-0.89, -3.04, -0.7],
						"0.4667": [-0.85, -3.13, -0.71],
						"0.4833": [-0.72, -3.39, -0.73],
						"0.5": [-0.74, -3.55, -0.75],
						"0.5167": [-0.76, -3, -0.77],
						"0.5333": [-0.58, -2.97, -0.79],
						"0.55": [-0.65, -2.95, -0.8],
						"0.5667": [-0.64, -3.01, -0.83],
						"0.5833": [-0.67, -2.98, -0.85],
						"0.6": [-0.7, -2.95, -0.87],
						"0.6167": [-0.7, -2.95, -0.9],
						"0.6333": [-0.66, -2.99, -0.91],
						"0.6667": [-0.59, -3.05, -0.94],
						"0.6833": [-0.56, -3.08, -0.96],
						"0.7": [-0.47, -3.06, -0.99],
						"0.7333": [-0.39, -3.04, -1.01],
						"0.75": [-0.46, -2.99, -1.03],
						"0.7667": [-0.73, -2.94, -1.05],
						"0.7833": [-0.89, -3.02, -1.08],
						"0.8": [-0.81, -3.14, -1.09],
						"0.8167": [-0.96, -3.26, -1.11],
						"0.8333": [-1, -3.36, -1.43],
						"0.8667": [-0.98, -3.05, -1.55],
						"0.9167": [-0.96, -2.73, -1.67],
						"0.9333": [-0.95, -2.61, -1.72],
						"0.95": [-1.16, -2.42, -1.49],
						"0.9833": [-1.37, -2.24, -1.26],
						"1.0": [-1.37, -2.11, -0.88],
						"1.0333": [-1.37, -1.94, -0.07],
						"1.05": [-1.37, -2.04, -0.02],
						"1.0667": [-1.37, -1.87, -0.05],
						"1.0833": [-1.37, -1.86, -0.09],
						"1.1": [-1.37, -1.84, -0.12]
					},
					"scale": [1, 0.7875, 1]
				},
				"leftArm": {
					"rotation": {
						"0.0": [-71.15, 10.89, -224.29],
						"0.0333": [-69.08, 11.84, -223.96],
						"0.05": [-72.72, 11.61, -222.29],
						"0.0833": [-102.03, 9.67, -209.04],
						"0.1333": [-141.08, 7.01, -191.5],
						"0.1667": [-177.74, 4.49, -175.04],
						"0.2": [-209.3, 4.07, -161.54],
						"0.2167": [-196.17, 3.15, -166.29],
						"0.25": [-186.16, 0.03, -168.73],
						"0.2833": [-167.43, -5.84, -173.33],
						"0.3333": [-146.68, -12.38, -178.43],
						"0.3833": [-129.15, -17.98, -182.74],
						"0.4": [-122.37, -20.2, -184.41],
						"0.4167": [-124.57, -21.05, -183.84],
						"0.4333": [-125.15, -19.4, -185.04],
						"0.45": [-123.15, -19.4, -185.04],
						"0.4667": [-121.59, -19.4, -185.04],
						"0.4833": [-110.15, -19.4, -185.04],
						"0.5": [-101.65, -19.4, -185.04],
						"0.5167": [-101.68, -18.85, -181.92],
						"0.5333": [-99.84, -17.82, -187.49],
						"0.55": [-99.88, -18.43, -187.54],
						"0.5833": [-101.15, -17.65, -186.47],
						"0.6167": [-101.46, 12.03, -192.88],
						"0.6667": [-102.07, 41.51, -198.88],
						"0.7": [-107.09, 43.95, -195.55],
						"0.7167": [-105.78, 40.01, -194.52],
						"0.75": [-75.61, -12.89, -188.36],
						"0.7667": [-73.87, -8.09, -186.94],
						"0.7833": [-73.54, -15.32, -190.78],
						"0.8": [-74.01, -14.24, -190.91],
						"0.8333": [-74.01, -14.24, -190.91],
						"0.8667": [-83.72, -4.49, -187.81],
						"0.8833": [-84.19, -2.3, -189.66],
						"0.9167": [-81.77, 1.77, -197.96],
						"0.95": [-75.79, 7.1, -213.01],
						"1.0": [-71.15, 10.89, -224.29],
						"1.0333": [-70.22, 11.83, -226.74],
						"1.0833": [-70.99, 11.04, -224.69],
						"1.1": [-71.15, 10.89, -224.29]
					},
					"position": {
						"0.0": [-1.44, -1.97, -4.41],
						"0.0333": [-1.44, -2.17, -4.41],
						"0.05": [-1.35, -2.33, -4.32],
						"0.0667": [-0.71, -2.49, -3.53],
						"0.0833": [-0.44, -2.21, -3.16],
						"0.1333": [0.51, -1.03, -1.82],
						"0.1667": [1.51, 0.31, -0.39],
						"0.2": [2.22, 1.23, 0.7],
						"0.2167": [2.06, 1.03, 0.49],
						"0.2333": [2.32, 1.29, 0.22],
						"0.25": [2.34, 1.19, 0.06],
						"0.2833": [2.14, 0.91, -0.34],
						"0.3": [1.93, 0.82, -0.47],
						"0.3333": [1.21, 0.43, -0.79],
						"0.3833": [0.03, -0.21, -1.3],
						"0.4": [-0.44, -0.47, -1.51],
						"0.4167": [-0.34, -0.47, -1.51],
						"0.4333": [-0.44, -0.37, -1.51],
						"0.4667": [-0.5, -0.39, -1.53],
						"0.5": [-0.63, -0.45, -1.57],
						"0.5333": [-0.66, -0.48, -1.59],
						"0.55": [-0.65, -0.49, -1.6],
						"0.5833": [-0.24, -0.37, -1.51],
						"0.6167": [1.4, 0.48, -0.89],
						"0.6667": [2.5, 1.13, -0.41],
						"0.7": [1.04, 0.64, -0.77],
						"0.75": [-1.04, -0.17, -1.36],
						"0.7667": [-1.44, -0.37, -1.51],
						"0.7833": [0.18, -0.29, -1.46],
						"0.8": [-0.33, -0.23, -1.4],
						"0.8333": [-0.26, -0.33, -1.36],
						"0.8667": [-1.02, -1.4, -3.54],
						"0.9": [-1.44, -1.97, -4.81],
						"0.9167": [-1.55, -2.12, -5.35],
						"0.95": [-1.51, -2.06, -5.99],
						"0.9833": [-1.46, -2, -6.16],
						"1.0": [-1.44, -1.97, -4.91],
						"1.0167": [-1.44, -1.97, -4.07],
						"1.0333": [-1.44, -1.87, -3.84],
						"1.05": [-1.44, -1.77, -3.98],
						"1.0667": [-1.44, -1.81, -4.24],
						"1.0833": [-1.44, -1.89, -4.34],
						"1.1": [-1.44, -1.97, -4.41]
					},
					"scale": [1, 1.1156, 1]
				},
				"root": {
					"position": [-2, 0.09375, -2]
				},
				"M4a1": {
					"position": [2, 0, 0]
				},
				"Stock": {
					"position": [1, 0, 0]
				},
				"A": {
					"position": [0, 0, 0]
				},
				"Gun": {
					"rotation": [-363.09, 337.7, -354.39],
					"position": [1.22, 11.72, -5.69],
					"scale": 0.5
				},
				"mk4smr2": {
					"rotation": {
						"0.0": [0, 0, 0],
						"0.0333": [-1, -0.05, -3],
						"0.05": [-1.33, -0.08, -3.5],
						"0.0833": [-2.99, -0.21, -6],
						"0.1": [-2.49, -0.28, -6.99],
						"0.1167": [-3.98, -0.35, -7.99],
						"0.1333": [-3.49, -0.3, -6.99],
						"0.15": [-2, -1.12, -2.96],
						"0.1667": [-1.98, -1.19, -4.96],
						"0.1833": [-1.95, -1.26, -6.96],
						"0.2": [-2.83, -1.92, -11.95],
						"0.2333": [-3.71, -2.58, -16.93],
						"0.25": [-3.96, -2.35, -18.62],
						"0.2833": [-4.64, -1.7, -21.66],
						"0.3333": [-5.53, -0.74, -20.07],
						"0.3833": [-5.82, -0.8, -20.67],
						"0.4167": [-6.11, -0.86, -21.26],
						"0.45": [-7.5, -0.93, -22.06],
						"0.4667": [-8.01, -0.88, -21.56],
						"0.4833": [-9.53, -0.71, -20.07],
						"0.5": [-6.53, -0.71, -20.07],
						"0.5167": [-4.54, 0.39, -19.17],
						"0.5333": [-5.55, 1.09, -22.26],
						"0.55": [-5.53, 1.19, -21.26],
						"0.5667": [-5.53, 1.19, -21.26],
						"0.5833": [-5.17, 1.65, -19.96],
						"0.6167": [-4.57, 2.68, -17.49],
						"0.6667": [-5.24, 3.26, -18.16],
						"0.6833": [-5.5, 3.49, -18.43],
						"0.7": [-5.95, 4.08, -17.49],
						"0.7333": [-6.39, 4.67, -16.55],
						"0.75": [-7.77, 2.74, -6.27],
						"0.7667": [-6.38, 3.51, -18.42],
						"0.7833": [-3.45, 4.6, -14.02],
						"0.8": [-4.14, 4.06, -17.54],
						"0.8167": [-4.51, 3.89, -11.3],
						"0.8333": [-4.33, 3.15, -13.07],
						"0.8667": [-3.4, 1.91, -9.15],
						"0.9167": [-2.47, 0.68, -5.24],
						"0.95": [-1.54, -0.55, -1.33],
						"0.9833": [-0.98, -1.29, 1.01],
						"1.0": [-0.32, -0.86, 1.34],
						"1.0333": [0.25, 0, 1],
						"1.05": [-0.5, 0.01, 0],
						"1.0833": [-0.17, 0, 0],
						"1.1": [0, 0, 0]
					},
					"position": {
						"0.0": [0, 0, 0],
						"0.0333": [0, 0.1, -0.3],
						"0.05": [0, 0.07, -0.35],
						"0.0833": [0, -0.1, -0.6],
						"0.1167": [0, -0.3, -1.1],
						"0.1333": [0, -0.45, -1.2],
						"0.15": [-0.1, -0.7, -1.3],
						"0.1667": [-0.15, -0.55, -1.3],
						"0.1833": [-0.2, -0.4, -1.3],
						"0.2": [-0.35, -0.45, -1.3],
						"0.2333": [-0.5, -0.5, -1.3],
						"0.25": [-0.57, -0.53, -1.3],
						"0.2833": [-0.72, -0.63, -1.3],
						"0.3333": [-0.8, -0.8, -1.3],
						"0.3833": [-0.86, -0.86, -1.3],
						"0.4167": [-0.92, -0.92, -1.3],
						"0.45": [-1, -1.1, -1.3],
						"0.4667": [-0.97, -1.28, -1.3],
						"0.4833": [-0.9, -1.8, -1.3],
						"0.5": [-0.9, -2, -1.5],
						"0.5167": [-1, -1.4, -1.5],
						"0.5333": [-0.8, -1.3, -1.5],
						"0.55": [-0.75, -1.25, -1.5],
						"0.5667": [-0.6, -1.3, -1.5],
						"0.5833": [-0.56, -1.3, -1.5],
						"0.6167": [-0.45, -1.3, -1.5],
						"0.6667": [-0.34, -1.3, -1.5],
						"0.6833": [-0.3, -1.3, -1.5],
						"0.7": [-0.05, -1.35, -1.5],
						"0.7333": [0.2, -1.4, -1.5],
						"0.75": [0.7, -1.6, -1.5],
						"0.7667": [-0.4, -1.6, -1.8],
						"0.7833": [-0.9, -1.9, -2],
						"0.8": [-1, -2, -2],
						"0.8333": [-1, -2.2, -2.6],
						"0.8667": [-0.75, -1.58, -2.81],
						"0.9167": [-0.5, -0.95, -3.02],
						"0.95": [-0.44, -0.83, -2.61],
						"0.9833": [-0.4, -0.76, -2.37],
						"1.0": [-0.27, -0.51, -1.51],
						"1.0333": [0, 0, 0.17],
						"1.0833": [0, 0, 0.05],
						"1.1": [0, 0, 0]
					}
				},
				"body": {
					"rotation": {
						"0.0": [0, 20, 0],
						"0.1667": [2.5, 20, 0],
						"0.3333": [2.5, 20, 0],
						"0.5": [0, 20, 0]
					},
					"position": {
						"0.0": [0, 0, 0],
						"0.1667": [0, 0, -0.59375],
						"0.3333": [0, 0, -0.59],
						"0.5": [0, 0, 0]
					}
				},
				"leftLeg": {
					"rotation": [0.34203, -17.49265, -2.58145]
				},
				"rightLeg": {
					"rotation": [0.55404, 12.48791, 2.56062]
				},
				"head": {
					"rotation": {
						"0.0": [0, 0, 0],
						"0.1": [9.31012, -10.51112, -8.79198],
						"0.1167": [10.36764, -11.12877, -9.18234],
						"0.2": [16.19038, -20.78227, -12.35008],
						"0.2167": [17.02759, -22.35194, -12.91098],
						"0.25": [18.01802, -19.75075, -12.1581],
						"0.2833": [17.027, -15.60496, -9.58742],
						"0.3333": [15.4101, -10.01139, -3.33437],
						"0.4167": [9.36422, -5.59308, 1.68927],
						"0.4333": [9.8643, -5.54551, 3.40492],
						"0.4667": [11.14692, -4.934, 3.86753],
						"0.4833": [12.06054, -5.12659, 4.8526],
						"0.5": [14.3559, -4.57267, 7.06672],
						"0.5167": [12.55991, -5.10954, 4.85633],
						"0.5333": [14.47075, -5.32625, 5.83663],
						"0.5667": [13.28164, -5.82287, 7.78321],
						"0.6667": [9.33667, -5.04754, 7.24457],
						"0.7167": [10.36418, -4.65987, 6.97525],
						"0.7333": [12.51826, -4.29738, 5.00234],
						"0.75": [17.94472, -6.24146, 1.21623],
						"0.7667": [16.20337, -2.17965, 8.68174],
						"0.7833": [15.61598, -3.20788, 5.20439],
						"0.8167": [17.12028, -2.31061, 2.56445],
						"0.85": [16.16454, 1.10402, 2.80789],
						"0.9667": [2.46581, 0.44161, 1.12316],
						"1.0167": [0.61645, 0.1104, 0.28079],
						"1.05": [-0.99985, 0.01745, 0.99985],
						"1.1": [0, 0, 0]
					}
				},
				"Magazine3": {
					"rotation": {
						"0.0": [0, 0, 0],
						"0.05": [0, 0, 0],
						"0.0833": [0, 0, 0],
						"0.1": [0, 0, 0],
						"0.1333": [0, 0, 0],
						"0.1667": [0, 0, 0],
						"0.2": [0, 0, 0],
						"0.2167": [75.02, 7.74, 14.64],
						"0.25": [78.38, 6.34, 11.98],
						"0.2833": [75.88, 4.57, 8.65],
						"0.3333": [46.69, 2.82, 5.32],
						"0.3833": [17.51, 1.06, 2],
						"0.4": [0, 0, 0],
						"0.4167": [0, 0, 0],
						"0.4667": [0, 0, 0],
						"0.5": [0, 0, 0]
					},
					"position": {
						"0.0": [0, 0, 0],
						"0.05": [0, 0, 0],
						"0.0833": [0, 0, 0],
						"0.1": [0, 0, 0],
						"0.1333": [0, -3.55, 0],
						"0.1667": [0, -9.47, 0],
						"0.2": [0, -14.2, 0],
						"0.2167": [14.2, -12.8, 14.3],
						"0.25": [11.62, -13.22, 10.35],
						"0.2833": [8.39, -12.96, 5.94],
						"0.3333": [5.16, -9.55, 3.66],
						"0.3833": [1.94, -6.14, 1.37],
						"0.4": [0, -4.1, 0],
						"0.4167": [0, -4.27, 0],
						"0.4333": [0, -4.44, 0],
						"0.4667": [0, -2.77, 0],
						"0.5": [0, 0, 0]
					}
				}
			},
			"sound_effects": {
				"0.0": {
					"effect": "m4a1_raise"
				},
				"0.0667": {
					"effect": "mk4_magout"
				},
				"0.2167": {
					"effect": "mk4_regrip"
				},
				"0.4667": {
					"effect": "mk4_magin"
				},
				"0.6333": {
					"effect": "mk4_deploy"
				},
				"0.75": {
					"effect": "m4a1_release"
				},
				"0.8833": {
					"effect": "m4a1_raise"
				}
			}
		},
		"animation.mk4_tpp_sprint": {
			"loop": true,
			"bones": {
				"rightArm": {
					"rotation": ["-80.2187+ variable.is_using_vr * 7.5", "41.977+ variable.is_using_vr * 7.5", "-133.6694+ variable.is_using_vr * -2.5"],
					"position": [-3.6875, -0.8125, -1.71875],
					"scale": [1, 0.7875, 1]
				},
				"leftArm": {
					"rotation": ["-137.2043+ variable.is_using_vr * 7.5", "2.3447+ variable.is_using_vr * 7.5", "-211.8635+ variable.is_using_vr * -2.5"],
					"position": [-0.0625, -0.65625, -2.3125],
					"scale": [1, 1.11562, 1]
				},
				"root": {
					"position": [-2, 0.09375, -2]
				},
				"M4a1": {
					"position": [2, 0, 0]
				},
				"Stock": {
					"position": [1, 0, 0]
				},
				"A": {
					"position": [0, 0, 0]
				},
				"Gun": {
					"rotation": [-363.09472, 337.70289, -354.38997],
					"position": [1.2175, 11.715, -5.69],
					"scale": 0.5
				},
				"mk4smr2": {
					"rotation": [17.5, -50, 0],
					"position": [1.59375, -7.03125, 0]
				},
				"body": {
					"rotation": [10, 0, 0],
					"position": [0, 0, -2.03125]
				}
			}
		}
	}
}
