{
	"format_version": "1.12.0",
	"minecraft:geometry": [
		{
			"description": {
				"identifier": "geometry.mp5_2",
				"texture_width": 64,
				"texture_height": 64,
				"visible_bounds_width": 71,
				"visible_bounds_height": 48,
				"visible_bounds_offset": [0, 12, 0]
			},
			"bones": [
				{
					"name": "root",
					"pivot": [0, 0, 0]
				},
				{
					"name": "waist",
					"parent": "root",
					"pivot": [0, 12, 0]
				},
				{
					"name": "body",
					"parent": "waist",
					"pivot": [0, 24, 0]
				},
				{
					"name": "head",
					"parent": "body",
					"pivot": [0, 24, 0]
				},
				{
					"name": "hat",
					"parent": "head",
					"pivot": [0, 24, 0]
				},
				{
					"name": "cape",
					"parent": "body",
					"pivot": [0, 24, 3]
				},
				{
					"name": "leftArm",
					"parent": "body",
					"pivot": [5, 22, 0]
				},
				{
					"name": "leftSleeve",
					"parent": "leftArm",
					"pivot": [5, 22, 0]
				},
				{
					"name": "leftItem",
					"parent": "leftArm",
					"pivot": [6, 15, 1]
				},
				{
					"name": "mp5",
					"parent": "body",
					"pivot": [0, 0, 0]
				},
				{
					"name": "muzzle",
					"parent": "mp5",
					"pivot": [0, -52.82575, 106.991],
					"cubes": [
						{
							"origin": [-0.84, 0.625, -15.4375],
							"size": [0.84, 0.84, 1.26],
							"pivot": [0, 0.625, -15.4375],
							"rotation": [0, 0, 45],
							"uv": {
								"north": {"uv": [45, 17], "uv_size": [1, 1]},
								"east": {"uv": [49, 20], "uv_size": [1.5, 1]},
								"south": {"uv": [1, 51], "uv_size": [1, 1]},
								"west": {"uv": [49, 37], "uv_size": [1.5, 1]},
								"up": {"uv": [49, 38], "uv_size": [1, 1.5]},
								"down": {"uv": [39, 50.5], "uv_size": [1, -1.5]}
							}
						},
						{
							"origin": [-0.87479, -0.47894, -15.4375],
							"size": [0.84, 0.84, 1.26],
							"pivot": [-0.11879, -0.56294, -15.4375],
							"rotation": [0, 0, 45],
							"uv": {
								"north": {"uv": [51, 1], "uv_size": [1, 1]},
								"east": {"uv": [49, 40], "uv_size": [1.5, 1]},
								"south": {"uv": [2, 51], "uv_size": [1, 1]},
								"west": {"uv": [49, 41], "uv_size": [1.5, 1]},
								"up": {"uv": [40, 49], "uv_size": [1, 1.5]},
								"down": {"uv": [49, 49.5], "uv_size": [1, -1.5]}
							}
						},
						{
							"origin": [-0.87479, -0.42973, -14.1775],
							"size": [0.672, 0.672, 1.68],
							"pivot": [-0.11879, -0.68173, -15.4375],
							"rotation": [0, 0, 45],
							"uv": {
								"north": {"uv": [10, 54], "uv_size": [0.5, 0.5]},
								"east": {"uv": [4, 52], "uv_size": [1.5, 0.5]},
								"south": {"uv": [54, 10], "uv_size": [0.5, 0.5]},
								"west": {"uv": [52, 5], "uv_size": [1.5, 0.5]},
								"up": {"uv": [52, 6], "uv_size": [0.5, 1.5]},
								"down": {"uv": [9, 53.5], "uv_size": [0.5, -1.5]}
							}
						},
						{
							"origin": [-1.008, -0.68173, -16.2775],
							"size": [1.008, 1.008, 0.84],
							"pivot": [0, -0.68173, -15.4375],
							"rotation": [0, 0, 45],
							"uv": {
								"north": {"uv": [51, 2], "uv_size": [1, 1]},
								"east": {"uv": [3, 51], "uv_size": [1, 1]},
								"south": {"uv": [51, 3], "uv_size": [1, 1]},
								"west": {"uv": [4, 51], "uv_size": [1, 1]},
								"up": {"uv": [51, 4], "uv_size": [1, 1]},
								"down": {"uv": [5, 52], "uv_size": [1, -1]}
							}
						},
						{
							"origin": [-0.756, 0.709, -14.1775],
							"size": [0.672, 0.672, 1.68],
							"pivot": [0, 0.625, -15.4375],
							"rotation": [0, 0, 45],
							"uv": {
								"north": {"uv": [11, 54], "uv_size": [0.5, 0.5]},
								"east": {"uv": [10, 52], "uv_size": [1.5, 0.5]},
								"south": {"uv": [54, 11], "uv_size": [0.5, 0.5]},
								"west": {"uv": [52, 10], "uv_size": [1.5, 0.5]},
								"up": {"uv": [52, 11], "uv_size": [0.5, 1.5]},
								"down": {"uv": [12, 53.5], "uv_size": [0.5, -1.5]}
							}
						},
						{
							"origin": [-0.84, 0.625, -13.5475],
							"size": [0.84, 0.84, 0.84],
							"pivot": [0, 0.625, -15.4375],
							"rotation": [0, 0, 45],
							"uv": {
								"north": {"uv": [51, 5], "uv_size": [1, 1]},
								"east": {"uv": [51, 6], "uv_size": [1, 1]},
								"south": {"uv": [51, 7], "uv_size": [1, 1]},
								"west": {"uv": [10, 51], "uv_size": [1, 1]},
								"up": {"uv": [11, 51], "uv_size": [1, 1]},
								"down": {"uv": [12, 52], "uv_size": [1, -1]}
							}
						},
						{
							"origin": [-1.722, 1.591, -13.5475],
							"size": [0.756, 0.756, 0.84],
							"pivot": [0, 0.625, -15.4375],
							"rotation": [0, 0, 45],
							"uv": {
								"north": {"uv": [13, 51], "uv_size": [1, 1]},
								"east": {"uv": [14, 51], "uv_size": [1, 1]},
								"south": {"uv": [51, 15], "uv_size": [1, 1]},
								"west": {"uv": [16, 51], "uv_size": [1, 1]},
								"up": {"uv": [17, 51], "uv_size": [1, 1]},
								"down": {"uv": [51, 19], "uv_size": [1, -1]}
							}
						},
						{
							"origin": [-0.168, 0.163, -13.5475],
							"size": [0.336, 2.184, 0.84],
							"uv": {
								"north": {"uv": [19, 51], "uv_size": [0.5, 2]},
								"east": {"uv": [11, 48], "uv_size": [1, 2]},
								"south": {"uv": [51, 19], "uv_size": [0.5, 2]},
								"west": {"uv": [19, 48], "uv_size": [1, 2]},
								"up": {"uv": [52, 42], "uv_size": [0.5, 1]},
								"down": {"uv": [52, 46], "uv_size": [0.5, -1]}
							}
						},
						{
							"origin": [-0.168, 2.725, -13.1275],
							"size": [0.336, 0.84, 0.42],
							"uv": {
								"north": {"uv": [46, 52], "uv_size": [0.5, 1]},
								"east": {"uv": [52, 46], "uv_size": [0.5, 1]},
								"south": {"uv": [47, 52], "uv_size": [0.5, 1]},
								"west": {"uv": [52, 47], "uv_size": [0.5, 1]},
								"up": {"uv": [12, 54], "uv_size": [0.5, 0.5]},
								"down": {"uv": [54, 12.5], "uv_size": [0.5, -0.5]}
							}
						},
						{
							"origin": [-0.02325, 3.649, -13.1275],
							"size": [0.03713, 0.13775, 0.42],
							"uv": {
								"north": {"uv": [13, 54], "uv_size": [0.5, 0.5]},
								"east": {"uv": [54, 13], "uv_size": [0.5, 0.5]},
								"south": {"uv": [14, 54], "uv_size": [0.5, 0.5]},
								"west": {"uv": [54, 14], "uv_size": [0.5, 0.5]},
								"up": {"uv": [15, 54], "uv_size": [0.5, 0.5]},
								"down": {"uv": [54, 15.5], "uv_size": [0.5, -0.5]}
							}
						},
						{
							"origin": [-0.22725, 3.565, -13.1275],
							"size": [0.4545, 0.084, 0.42],
							"uv": {
								"north": {"uv": [16, 54], "uv_size": [0.5, 0.5]},
								"east": {"uv": [54, 16], "uv_size": [0.5, 0.5]},
								"south": {"uv": [17, 54], "uv_size": [0.5, 0.5]},
								"west": {"uv": [54, 17], "uv_size": [0.5, 0.5]},
								"up": {"uv": [18, 54], "uv_size": [0.5, 0.5]},
								"down": {"uv": [54, 18.5], "uv_size": [0.5, -0.5]}
							}
						},
						{
							"origin": [-0.22725, 3.565, -13.1275],
							"size": [0.04825, 0.42775, 0.42],
							"uv": {
								"north": {"uv": [19, 54], "uv_size": [0.5, 0.5]},
								"east": {"uv": [54, 19], "uv_size": [0.5, 0.5]},
								"south": {"uv": [20, 54], "uv_size": [0.5, 0.5]},
								"west": {"uv": [54, 20], "uv_size": [0.5, 0.5]},
								"up": {"uv": [21, 54], "uv_size": [0.5, 0.5]},
								"down": {"uv": [54, 21.5], "uv_size": [0.5, -0.5]}
							}
						},
						{
							"origin": [0.179, 3.565, -13.1275],
							"size": [0.04825, 0.42775, 0.42],
							"uv": {
								"north": {"uv": [22, 54], "uv_size": [0.5, 0.5]},
								"east": {"uv": [54, 22], "uv_size": [0.5, 0.5]},
								"south": {"uv": [23, 54], "uv_size": [0.5, 0.5]},
								"west": {"uv": [54, 23], "uv_size": [0.5, 0.5]},
								"up": {"uv": [24, 54], "uv_size": [0.5, 0.5]},
								"down": {"uv": [54, 24.5], "uv_size": [0.5, -0.5]}
							}
						},
						{
							"origin": [-0.22725, 3.94, -13.1275],
							"size": [0.4545, 0.05275, 0.42],
							"inflate": 0.001,
							"uv": {
								"north": {"uv": [25, 54], "uv_size": [0.5, 0.5]},
								"east": {"uv": [54, 25], "uv_size": [0.5, 0.5]},
								"south": {"uv": [26, 54], "uv_size": [0.5, 0.5]},
								"west": {"uv": [54, 26], "uv_size": [0.5, 0.5]},
								"up": {"uv": [27, 54], "uv_size": [0.5, 0.5]},
								"down": {"uv": [54, 27.5], "uv_size": [0.5, -0.5]}
							}
						},
						{
							"origin": [-0.168, 4.27389, -14.28802],
							"size": [0.336, 0.84, 0.42],
							"pivot": [0, 2.17389, -16.59802],
							"rotation": [-30, 0, 0],
							"uv": {
								"north": {"uv": [48, 52], "uv_size": [0.5, 1]},
								"east": {"uv": [52, 49], "uv_size": [0.5, 1]},
								"south": {"uv": [50, 52], "uv_size": [0.5, 1]},
								"west": {"uv": [52, 50], "uv_size": [0.5, 1]},
								"up": {"uv": [28, 54], "uv_size": [0.5, 0.5]},
								"down": {"uv": [54, 28.5], "uv_size": [0.5, -0.5]}
							}
						}
					],
					"locators": {
						"flash_0": [-0.03125, 1.21875, -15.21875]
					}
				},
				{
					"name": "reciever",
					"parent": "mp5",
					"pivot": [0, -52.82575, 106.991],
					"cubes": [
						{
							"origin": [0.32174, 2.24503, -12.7075],
							"size": [0.21, 0.42, 3.192],
							"uv": {
								"north": {"uv": [29, 54], "uv_size": [0.5, 0.5]},
								"east": {"uv": [49, 42], "uv_size": [3, 0.5]},
								"south": {"uv": [54, 29], "uv_size": [0.5, 0.5]},
								"west": {"uv": [50, 0], "uv_size": [3, 0.5]},
								"up": {"uv": [50, 1], "uv_size": [0.5, 3]},
								"down": {"uv": [8, 53], "uv_size": [0.5, -3]}
							}
						},
						{
							"origin": [0.32174, 0.98503, -12.7075],
							"size": [0.21, 0.42, 16.422],
							"uv": {
								"north": {"uv": [30, 54], "uv_size": [0.5, 0.5]},
								"east": {"uv": [20, 18], "uv_size": [16.5, 0.5]},
								"south": {"uv": [54, 30], "uv_size": [0.5, 0.5]},
								"west": {"uv": [20, 19], "uv_size": [16.5, 0.5]},
								"up": {"uv": [0, 19], "uv_size": [0.5, 16.5]},
								"down": {"uv": [1, 35.5], "uv_size": [0.5, -16.5]}
							}
						},
						{
							"origin": [-0.53174, 2.24503, -12.7075],
							"size": [0.21, 0.42, 19.152],
							"uv": {
								"north": {"uv": [31, 54], "uv_size": [0.5, 0.5]},
								"east": {"uv": [13, 6], "uv_size": [19, 0.5]},
								"south": {"uv": [54, 31], "uv_size": [0.5, 0.5]},
								"west": {"uv": [13, 7], "uv_size": [19, 0.5]},
								"up": {"uv": [6, 14], "uv_size": [0.5, 19]},
								"down": {"uv": [7, 33], "uv_size": [0.5, -19]}
							}
						},
						{
							"origin": [-0.53174, 0.98503, -12.7075],
							"size": [0.21, 0.42, 16.422],
							"uv": {
								"north": {"uv": [32, 54], "uv_size": [0.5, 0.5]},
								"east": {"uv": [20, 20], "uv_size": [16.5, 0.5]},
								"south": {"uv": [54, 32], "uv_size": [0.5, 0.5]},
								"west": {"uv": [21, 0], "uv_size": [16.5, 0.5]},
								"up": {"uv": [20, 21], "uv_size": [0.5, 16.5]},
								"down": {"uv": [21, 37.5], "uv_size": [0.5, -16.5]}
							}
						},
						{
							"origin": [-0.21, 2.725, -12.7075],
							"size": [0.42, 0.21, 19.152],
							"uv": {
								"north": {"uv": [57, 27], "uv_size": [0.5, 0.5]},
								"east": {"uv": [14, 16], "uv_size": [19, 0.5]},
								"south": {"uv": [28, 57], "uv_size": [0.5, 0.5]},
								"west": {"uv": [14, 17], "uv_size": [19, 0.5]},
								"up": {"uv": [14, 18], "uv_size": [0.5, 19]},
								"down": {"uv": [15, 37], "uv_size": [0.5, -19]}
							}
						},
						{
							"origin": [0.21, 3.229, -4.6855],
							"size": [0.21, 0.126, 0.21],
							"uv": {
								"north": {"uv": [33, 54], "uv_size": [0.5, 0.5]},
								"east": {"uv": [54, 33], "uv_size": [0.5, 0.5]},
								"south": {"uv": [34, 54], "uv_size": [0.5, 0.5]},
								"west": {"uv": [54, 34], "uv_size": [0.5, 0.5]},
								"up": {"uv": [35, 54], "uv_size": [0.5, 0.5]},
								"down": {"uv": [54, 35.5], "uv_size": [0.5, -0.5]}
							}
						},
						{
							"origin": [0.21, 3.229, -4.2655],
							"size": [0.21, 0.126, 0.21],
							"uv": {
								"north": {"uv": [36, 54], "uv_size": [0.5, 0.5]},
								"east": {"uv": [54, 36], "uv_size": [0.5, 0.5]},
								"south": {"uv": [37, 54], "uv_size": [0.5, 0.5]},
								"west": {"uv": [54, 37], "uv_size": [0.5, 0.5]},
								"up": {"uv": [38, 54], "uv_size": [0.5, 0.5]},
								"down": {"uv": [54, 38.5], "uv_size": [0.5, -0.5]}
							}
						},
						{
							"origin": [-0.42, 3.229, -4.2655],
							"size": [0.21, 0.126, 0.21],
							"uv": {
								"north": {"uv": [39, 54], "uv_size": [0.5, 0.5]},
								"east": {"uv": [54, 39], "uv_size": [0.5, 0.5]},
								"south": {"uv": [40, 54], "uv_size": [0.5, 0.5]},
								"west": {"uv": [54, 40], "uv_size": [0.5, 0.5]},
								"up": {"uv": [41, 54], "uv_size": [0.5, 0.5]},
								"down": {"uv": [54, 41.5], "uv_size": [0.5, -0.5]}
							}
						},
						{
							"origin": [0.21, 3.229, -3.8455],
							"size": [0.21, 0.126, 0.21],
							"uv": {
								"north": {"uv": [42, 54], "uv_size": [0.5, 0.5]},
								"east": {"uv": [54, 42], "uv_size": [0.5, 0.5]},
								"south": {"uv": [43, 54], "uv_size": [0.5, 0.5]},
								"west": {"uv": [54, 43], "uv_size": [0.5, 0.5]},
								"up": {"uv": [44, 54], "uv_size": [0.5, 0.5]},
								"down": {"uv": [54, 44.5], "uv_size": [0.5, -0.5]}
							}
						},
						{
							"origin": [-0.42, 3.229, -3.8455],
							"size": [0.21, 0.126, 0.21],
							"uv": {
								"north": {"uv": [45, 54], "uv_size": [0.5, 0.5]},
								"east": {"uv": [54, 45], "uv_size": [0.5, 0.5]},
								"south": {"uv": [46, 54], "uv_size": [0.5, 0.5]},
								"west": {"uv": [54, 46], "uv_size": [0.5, 0.5]},
								"up": {"uv": [47, 54], "uv_size": [0.5, 0.5]},
								"down": {"uv": [54, 47.5], "uv_size": [0.5, -0.5]}
							}
						},
						{
							"origin": [0.21, 3.229, -3.4255],
							"size": [0.21, 0.126, 0.21],
							"uv": {
								"north": {"uv": [48, 54], "uv_size": [0.5, 0.5]},
								"east": {"uv": [54, 48], "uv_size": [0.5, 0.5]},
								"south": {"uv": [49, 54], "uv_size": [0.5, 0.5]},
								"west": {"uv": [54, 49], "uv_size": [0.5, 0.5]},
								"up": {"uv": [50, 54], "uv_size": [0.5, 0.5]},
								"down": {"uv": [54, 50.5], "uv_size": [0.5, -0.5]}
							}
						},
						{
							"origin": [-0.42, 3.229, -3.4255],
							"size": [0.21, 0.126, 0.21],
							"uv": {
								"north": {"uv": [51, 54], "uv_size": [0.5, 0.5]},
								"east": {"uv": [54, 51], "uv_size": [0.5, 0.5]},
								"south": {"uv": [52, 54], "uv_size": [0.5, 0.5]},
								"west": {"uv": [54, 52], "uv_size": [0.5, 0.5]},
								"up": {"uv": [53, 54], "uv_size": [0.5, 0.5]},
								"down": {"uv": [54, 53.5], "uv_size": [0.5, -0.5]}
							}
						},
						{
							"origin": [0.21, 3.229, -3.0055],
							"size": [0.21, 0.126, 0.21],
							"uv": {
								"north": {"uv": [54, 54], "uv_size": [0.5, 0.5]},
								"east": {"uv": [0, 55], "uv_size": [0.5, 0.5]},
								"south": {"uv": [55, 0], "uv_size": [0.5, 0.5]},
								"west": {"uv": [1, 55], "uv_size": [0.5, 0.5]},
								"up": {"uv": [55, 1], "uv_size": [0.5, 0.5]},
								"down": {"uv": [2, 55.5], "uv_size": [0.5, -0.5]}
							}
						},
						{
							"origin": [-0.42, 3.229, -3.0055],
							"size": [0.21, 0.126, 0.21],
							"uv": {
								"north": {"uv": [55, 2], "uv_size": [0.5, 0.5]},
								"east": {"uv": [3, 55], "uv_size": [0.5, 0.5]},
								"south": {"uv": [55, 3], "uv_size": [0.5, 0.5]},
								"west": {"uv": [4, 55], "uv_size": [0.5, 0.5]},
								"up": {"uv": [55, 4], "uv_size": [0.5, 0.5]},
								"down": {"uv": [5, 55.5], "uv_size": [0.5, -0.5]}
							}
						},
						{
							"origin": [0.21, 3.229, -2.5855],
							"size": [0.21, 0.126, 0.21],
							"uv": {
								"north": {"uv": [55, 5], "uv_size": [0.5, 0.5]},
								"east": {"uv": [6, 55], "uv_size": [0.5, 0.5]},
								"south": {"uv": [55, 6], "uv_size": [0.5, 0.5]},
								"west": {"uv": [7, 55], "uv_size": [0.5, 0.5]},
								"up": {"uv": [55, 7], "uv_size": [0.5, 0.5]},
								"down": {"uv": [8, 55.5], "uv_size": [0.5, -0.5]}
							}
						},
						{
							"origin": [-0.42, 3.229, -2.5855],
							"size": [0.21, 0.126, 0.21],
							"uv": {
								"north": {"uv": [55, 8], "uv_size": [0.5, 0.5]},
								"east": {"uv": [9, 55], "uv_size": [0.5, 0.5]},
								"south": {"uv": [55, 9], "uv_size": [0.5, 0.5]},
								"west": {"uv": [10, 55], "uv_size": [0.5, 0.5]},
								"up": {"uv": [55, 10], "uv_size": [0.5, 0.5]},
								"down": {"uv": [11, 55.5], "uv_size": [0.5, -0.5]}
							}
						},
						{
							"origin": [0.21, 3.229, -2.1655],
							"size": [0.21, 0.126, 0.21],
							"uv": {
								"north": {"uv": [55, 11], "uv_size": [0.5, 0.5]},
								"east": {"uv": [12, 55], "uv_size": [0.5, 0.5]},
								"south": {"uv": [55, 12], "uv_size": [0.5, 0.5]},
								"west": {"uv": [13, 55], "uv_size": [0.5, 0.5]},
								"up": {"uv": [55, 13], "uv_size": [0.5, 0.5]},
								"down": {"uv": [14, 55.5], "uv_size": [0.5, -0.5]}
							}
						},
						{
							"origin": [-0.42, 3.229, -2.1655],
							"size": [0.21, 0.126, 0.21],
							"uv": {
								"north": {"uv": [55, 14], "uv_size": [0.5, 0.5]},
								"east": {"uv": [15, 55], "uv_size": [0.5, 0.5]},
								"south": {"uv": [55, 15], "uv_size": [0.5, 0.5]},
								"west": {"uv": [16, 55], "uv_size": [0.5, 0.5]},
								"up": {"uv": [55, 16], "uv_size": [0.5, 0.5]},
								"down": {"uv": [17, 55.5], "uv_size": [0.5, -0.5]}
							}
						},
						{
							"origin": [0.21, 3.229, -1.7455],
							"size": [0.21, 0.126, 0.21],
							"uv": {
								"north": {"uv": [55, 17], "uv_size": [0.5, 0.5]},
								"east": {"uv": [18, 55], "uv_size": [0.5, 0.5]},
								"south": {"uv": [55, 18], "uv_size": [0.5, 0.5]},
								"west": {"uv": [19, 55], "uv_size": [0.5, 0.5]},
								"up": {"uv": [55, 19], "uv_size": [0.5, 0.5]},
								"down": {"uv": [20, 55.5], "uv_size": [0.5, -0.5]}
							}
						},
						{
							"origin": [-0.42, 3.229, -1.7455],
							"size": [0.21, 0.126, 0.21],
							"uv": {
								"north": {"uv": [55, 20], "uv_size": [0.5, 0.5]},
								"east": {"uv": [21, 55], "uv_size": [0.5, 0.5]},
								"south": {"uv": [55, 21], "uv_size": [0.5, 0.5]},
								"west": {"uv": [22, 55], "uv_size": [0.5, 0.5]},
								"up": {"uv": [55, 22], "uv_size": [0.5, 0.5]},
								"down": {"uv": [23, 55.5], "uv_size": [0.5, -0.5]}
							}
						},
						{
							"origin": [0.21, 3.229, -1.3255],
							"size": [0.21, 0.126, 0.21],
							"uv": {
								"north": {"uv": [55, 23], "uv_size": [0.5, 0.5]},
								"east": {"uv": [24, 55], "uv_size": [0.5, 0.5]},
								"south": {"uv": [55, 24], "uv_size": [0.5, 0.5]},
								"west": {"uv": [25, 55], "uv_size": [0.5, 0.5]},
								"up": {"uv": [55, 25], "uv_size": [0.5, 0.5]},
								"down": {"uv": [26, 55.5], "uv_size": [0.5, -0.5]}
							}
						},
						{
							"origin": [-0.42, 3.229, -1.3255],
							"size": [0.21, 0.126, 0.21],
							"uv": {
								"north": {"uv": [55, 26], "uv_size": [0.5, 0.5]},
								"east": {"uv": [27, 55], "uv_size": [0.5, 0.5]},
								"south": {"uv": [55, 27], "uv_size": [0.5, 0.5]},
								"west": {"uv": [28, 55], "uv_size": [0.5, 0.5]},
								"up": {"uv": [55, 28], "uv_size": [0.5, 0.5]},
								"down": {"uv": [29, 55.5], "uv_size": [0.5, -0.5]}
							}
						},
						{
							"origin": [0.21, 3.229, -0.9055],
							"size": [0.21, 0.126, 0.21],
							"uv": {
								"north": {"uv": [55, 29], "uv_size": [0.5, 0.5]},
								"east": {"uv": [30, 55], "uv_size": [0.5, 0.5]},
								"south": {"uv": [55, 30], "uv_size": [0.5, 0.5]},
								"west": {"uv": [31, 55], "uv_size": [0.5, 0.5]},
								"up": {"uv": [55, 31], "uv_size": [0.5, 0.5]},
								"down": {"uv": [32, 55.5], "uv_size": [0.5, -0.5]}
							}
						},
						{
							"origin": [-0.42, 3.229, -0.9055],
							"size": [0.21, 0.126, 0.21],
							"uv": {
								"north": {"uv": [55, 32], "uv_size": [0.5, 0.5]},
								"east": {"uv": [33, 55], "uv_size": [0.5, 0.5]},
								"south": {"uv": [55, 33], "uv_size": [0.5, 0.5]},
								"west": {"uv": [34, 55], "uv_size": [0.5, 0.5]},
								"up": {"uv": [55, 34], "uv_size": [0.5, 0.5]},
								"down": {"uv": [35, 55.5], "uv_size": [0.5, -0.5]}
							}
						},
						{
							"origin": [0.21, 3.229, -0.4855],
							"size": [0.21, 0.126, 0.21],
							"uv": {
								"north": {"uv": [55, 35], "uv_size": [0.5, 0.5]},
								"east": {"uv": [36, 55], "uv_size": [0.5, 0.5]},
								"south": {"uv": [55, 36], "uv_size": [0.5, 0.5]},
								"west": {"uv": [37, 55], "uv_size": [0.5, 0.5]},
								"up": {"uv": [55, 37], "uv_size": [0.5, 0.5]},
								"down": {"uv": [38, 55.5], "uv_size": [0.5, -0.5]}
							}
						},
						{
							"origin": [-0.42, 3.229, -0.4855],
							"size": [0.21, 0.126, 0.21],
							"uv": {
								"north": {"uv": [55, 38], "uv_size": [0.5, 0.5]},
								"east": {"uv": [39, 55], "uv_size": [0.5, 0.5]},
								"south": {"uv": [55, 39], "uv_size": [0.5, 0.5]},
								"west": {"uv": [40, 55], "uv_size": [0.5, 0.5]},
								"up": {"uv": [55, 40], "uv_size": [0.5, 0.5]},
								"down": {"uv": [41, 55.5], "uv_size": [0.5, -0.5]}
							}
						},
						{
							"origin": [0.21, 3.229, -0.1075],
							"size": [0.21, 0.126, 0.21],
							"uv": {
								"north": {"uv": [55, 41], "uv_size": [0.5, 0.5]},
								"east": {"uv": [42, 55], "uv_size": [0.5, 0.5]},
								"south": {"uv": [55, 42], "uv_size": [0.5, 0.5]},
								"west": {"uv": [43, 55], "uv_size": [0.5, 0.5]},
								"up": {"uv": [55, 43], "uv_size": [0.5, 0.5]},
								"down": {"uv": [44, 55.5], "uv_size": [0.5, -0.5]}
							}
						},
						{
							"origin": [-0.42, 3.229, -0.1075],
							"size": [0.21, 0.126, 0.21],
							"uv": {
								"north": {"uv": [55, 44], "uv_size": [0.5, 0.5]},
								"east": {"uv": [45, 55], "uv_size": [0.5, 0.5]},
								"south": {"uv": [55, 45], "uv_size": [0.5, 0.5]},
								"west": {"uv": [46, 55], "uv_size": [0.5, 0.5]},
								"up": {"uv": [55, 46], "uv_size": [0.5, 0.5]},
								"down": {"uv": [47, 55.5], "uv_size": [0.5, -0.5]}
							}
						},
						{
							"origin": [0.21, 3.229, 0.3125],
							"size": [0.21, 0.126, 0.21],
							"uv": {
								"north": {"uv": [55, 47], "uv_size": [0.5, 0.5]},
								"east": {"uv": [48, 55], "uv_size": [0.5, 0.5]},
								"south": {"uv": [55, 48], "uv_size": [0.5, 0.5]},
								"west": {"uv": [49, 55], "uv_size": [0.5, 0.5]},
								"up": {"uv": [55, 49], "uv_size": [0.5, 0.5]},
								"down": {"uv": [50, 55.5], "uv_size": [0.5, -0.5]}
							}
						},
						{
							"origin": [-0.42, 3.229, 0.3125],
							"size": [0.21, 0.126, 0.21],
							"uv": {
								"north": {"uv": [55, 50], "uv_size": [0.5, 0.5]},
								"east": {"uv": [51, 55], "uv_size": [0.5, 0.5]},
								"south": {"uv": [55, 51], "uv_size": [0.5, 0.5]},
								"west": {"uv": [52, 55], "uv_size": [0.5, 0.5]},
								"up": {"uv": [55, 52], "uv_size": [0.5, 0.5]},
								"down": {"uv": [53, 55.5], "uv_size": [0.5, -0.5]}
							}
						},
						{
							"origin": [-0.42, 2.935, -4.6855],
							"size": [0.84, 0.294, 5.208],
							"uv": {
								"north": {"uv": [8, 54], "uv_size": [1, 0.5]},
								"east": {"uv": [48, 8], "uv_size": [5, 0.5]},
								"south": {"uv": [54, 8], "uv_size": [1, 0.5]},
								"west": {"uv": [48, 9], "uv_size": [5, 0.5]},
								"up": {"uv": [38, 32], "uv_size": [1, 5]},
								"down": {"uv": [38, 42], "uv_size": [1, -5]}
							}
						},
						{
							"origin": [-0.3575, 2.59125, -4.6855],
							"size": [0.715, 0.57525, 5.208],
							"uv": {
								"north": {"uv": [55, 53], "uv_size": [0.5, 0.5]},
								"east": {"uv": [45, 47], "uv_size": [5, 0.5]},
								"south": {"uv": [54, 55], "uv_size": [0.5, 0.5]},
								"west": {"uv": [47, 45], "uv_size": [5, 0.5]},
								"up": {"uv": [6, 48], "uv_size": [0.5, 5]},
								"down": {"uv": [7, 53], "uv_size": [0.5, -5]}
							}
						},
						{
							"origin": [-0.21, 1.465, -12.7075],
							"size": [0.42, 0.21, 15.96],
							"uv": {
								"north": {"uv": [55, 54], "uv_size": [0.5, 0.5]},
								"east": {"uv": [23, 24], "uv_size": [16, 0.5]},
								"south": {"uv": [55, 55], "uv_size": [0.5, 0.5]},
								"west": {"uv": [23, 25], "uv_size": [16, 0.5]},
								"up": {"uv": [19, 23], "uv_size": [0.5, 16]},
								"down": {"uv": [23, 42], "uv_size": [0.5, -16]}
							}
						},
						{
							"origin": [-0.21, 1.97506, -12.7075],
							"size": [0.42, 0.21, 15.96],
							"uv": {
								"north": {"uv": [0, 56], "uv_size": [0.5, 0.5]},
								"east": {"uv": [24, 26], "uv_size": [16, 0.5]},
								"south": {"uv": [56, 0], "uv_size": [0.5, 0.5]},
								"west": {"uv": [24, 27], "uv_size": [16, 0.5]},
								"up": {"uv": [24, 28], "uv_size": [0.5, 16]},
								"down": {"uv": [25, 44], "uv_size": [0.5, -16]}
							}
						},
						{
							"origin": [-0.42, 1.47106, -12.7075],
							"size": [0.84, 0.714, 19.152],
							"uv": {
								"north": {"uv": [52, 51], "uv_size": [1, 0.5]},
								"east": {"uv": [13, 8], "uv_size": [19, 0.5]},
								"south": {"uv": [52, 52], "uv_size": [1, 0.5]},
								"west": {"uv": [13, 9], "uv_size": [19, 0.5]},
								"up": {"uv": [0, 0], "uv_size": [1, 19]},
								"down": {"uv": [1, 19], "uv_size": [1, -19]}
							}
						},
						{
							"origin": [-0.21, -5.28599, 10.03232],
							"size": [0.42, 1.68475, 0.63],
							"pivot": [-0.21, -6.1273, -0.42568],
							"rotation": [40, 0, 0],
							"uv": {
								"north": {"uv": [39, 52], "uv_size": [0.5, 1.5]},
								"east": {"uv": [40, 52], "uv_size": [0.5, 1.5]},
								"south": {"uv": [44, 52], "uv_size": [0.5, 1.5]},
								"west": {"uv": [45, 52], "uv_size": [0.5, 1.5]},
								"up": {"uv": [57, 28], "uv_size": [0.5, 0.5]},
								"down": {"uv": [29, 57.5], "uv_size": [0.5, -0.5]}
							}
						},
						{
							"origin": [-0.36683, 0.9726, 6.87497],
							"size": [0.3575, 1.841, 0.41125],
							"pivot": [-0.15683, 1.81498, 6.97122],
							"rotation": [45.01767, -20.77348, -22.26979],
							"uv": {
								"north": {"uv": [20, 51], "uv_size": [0.5, 2]},
								"east": {"uv": [51, 22], "uv_size": [0.5, 2]},
								"south": {"uv": [24, 51], "uv_size": [0.5, 2]},
								"west": {"uv": [51, 24], "uv_size": [0.5, 2]},
								"up": {"uv": [1, 56], "uv_size": [0.5, 0.5]},
								"down": {"uv": [56, 1.5], "uv_size": [0.5, -0.5]}
							}
						},
						{
							"origin": [0.00933, 0.9726, 6.87497],
							"size": [0.3575, 1.841, 0.41125],
							"pivot": [0.15683, 1.81498, 6.97122],
							"rotation": [45.01767, 20.77348, 22.26979],
							"uv": {
								"north": {"uv": [51, 51], "uv_size": [0.5, 2]},
								"east": {"uv": [1, 52], "uv_size": [0.5, 2]},
								"south": {"uv": [52, 1], "uv_size": [0.5, 2]},
								"west": {"uv": [2, 52], "uv_size": [0.5, 2]},
								"up": {"uv": [57, 25], "uv_size": [0.5, 0.5]},
								"down": {"uv": [26, 57.5], "uv_size": [0.5, -0.5]}
							}
						},
						{
							"origin": [-0.714, -1.90842, -2.33601],
							"size": [1.428, 2.898, 1.386],
							"uv": {
								"north": {"uv": [37, 18], "uv_size": [1.5, 3]},
								"east": {"uv": [39, 0], "uv_size": [1.5, 3]},
								"south": {"uv": [39, 3], "uv_size": [1.5, 3]},
								"west": {"uv": [12, 39], "uv_size": [1.5, 3]},
								"up": {"uv": [48, 12], "uv_size": [1.5, 1.5]},
								"down": {"uv": [14, 49.5], "uv_size": [1.5, -1.5]}
							}
						},
						{
							"origin": [-0.714, -1.69842, -0.95001],
							"size": [1.428, 2.688, 2.814],
							"uv": {
								"north": {"uv": [20, 44], "uv_size": [1.5, 2.5]},
								"east": {"uv": [28, 29], "uv_size": [3, 2.5]},
								"south": {"uv": [24, 44], "uv_size": [1.5, 2.5]},
								"west": {"uv": [31, 29], "uv_size": [3, 2.5]},
								"up": {"uv": [39, 18], "uv_size": [1.5, 3]},
								"down": {"uv": [39, 35], "uv_size": [1.5, -3]}
							}
						},
						{
							"origin": [0.714, -1.15242, 1.44399],
							"size": [0.084, 0.84, 0.84],
							"uv": {
								"north": {"uv": [53, 0], "uv_size": [0.5, 1]},
								"east": {"uv": [25, 51], "uv_size": [1, 1]},
								"south": {"uv": [53, 1], "uv_size": [0.5, 1]},
								"west": {"uv": [51, 26], "uv_size": [1, 1]},
								"up": {"uv": [53, 2], "uv_size": [0.5, 1]},
								"down": {"uv": [53, 4], "uv_size": [0.5, -1]}
							}
						},
						{
							"origin": [-0.714, -1.90842, 1.86399],
							"size": [1.428, 2.898, 2.184],
							"uv": {
								"north": {"uv": [39, 35], "uv_size": [1.5, 3]},
								"east": {"uv": [10, 34], "uv_size": [2, 3]},
								"south": {"uv": [39, 38], "uv_size": [1.5, 3]},
								"west": {"uv": [34, 29], "uv_size": [2, 3]},
								"up": {"uv": [45, 35], "uv_size": [1.5, 2]},
								"down": {"uv": [45, 39], "uv_size": [1.5, -2]}
							}
						},
						{
							"origin": [-0.714, 2.16558, -3.38601],
							"size": [1.428, 1.092, 1.092],
							"pivot": [0, -4.793, -1.7035],
							"rotation": [-60, 0, 0],
							"uv": {
								"north": {"uv": [11, 50], "uv_size": [1.5, 1]},
								"east": {"uv": [51, 27], "uv_size": [1, 1]},
								"south": {"uv": [50, 12], "uv_size": [1.5, 1]},
								"west": {"uv": [51, 28], "uv_size": [1, 1]},
								"up": {"uv": [13, 50], "uv_size": [1.5, 1]},
								"down": {"uv": [50, 14], "uv_size": [1.5, -1]}
							}
						},
						{
							"origin": [-0.714, -0.27042, -3.28801],
							"size": [1.428, 1.26, 10.36],
							"inflate": 0.001,
							"uv": {
								"north": {"uv": [48, 16], "uv_size": [1.5, 1.5]},
								"east": {"uv": [2, 8], "uv_size": [10.5, 1.5]},
								"south": {"uv": [48, 21], "uv_size": [1.5, 1.5]},
								"west": {"uv": [2, 10], "uv_size": [10.5, 1.5]},
								"up": {"uv": [2, 12], "uv_size": [1.5, 10.5]},
								"down": {"uv": [4, 22.5], "uv_size": [1.5, -10.5]}
							}
						},
						{
							"origin": [-0.126, -0.69042, 6.65199],
							"size": [0.252, 1.638, 0.63],
							"uv": {
								"north": {"uv": [13, 52], "uv_size": [0.5, 1.5]},
								"east": {"uv": [52, 13], "uv_size": [0.5, 1.5]},
								"south": {"uv": [14, 52], "uv_size": [0.5, 1.5]},
								"west": {"uv": [15, 52], "uv_size": [0.5, 1.5]},
								"up": {"uv": [2, 56], "uv_size": [0.5, 0.5]},
								"down": {"uv": [56, 2.5], "uv_size": [0.5, -0.5]}
							}
						},
						{
							"origin": [3.948, -0.85842, 6.65199],
							"size": [0.84, 0.84, 1.47],
							"pivot": [0, -4.793, -1.7035],
							"rotation": [0, 0, -45],
							"uv": {
								"north": {"uv": [51, 29], "uv_size": [1, 1]},
								"east": {"uv": [50, 16], "uv_size": [1.5, 1]},
								"south": {"uv": [51, 30], "uv_size": [1, 1]},
								"west": {"uv": [50, 17], "uv_size": [1.5, 1]},
								"up": {"uv": [9, 50], "uv_size": [1, 1.5]},
								"down": {"uv": [15, 51.5], "uv_size": [1, -1.5]}
							}
						},
						{
							"origin": [0.38268, 2.04212, -4.0975],
							"size": [0.294, 0.042, 7.812],
							"uv": {
								"north": {"uv": [3, 56], "uv_size": [0.5, 0.5]},
								"east": {"uv": [39, 24], "uv_size": [8, 0.5]},
								"south": {"uv": [56, 3], "uv_size": [0.5, 0.5]},
								"west": {"uv": [39, 25], "uv_size": [8, 0.5]},
								"up": {"uv": [41, 32], "uv_size": [0.5, 8]},
								"down": {"uv": [39, 49], "uv_size": [0.5, -8]}
							}
						},
						{
							"origin": [-0.67668, 2.04212, -4.10925],
							"size": [0.294, 0.042, 7.82375],
							"uv": {
								"north": {"uv": [4, 56], "uv_size": [0.5, 0.5]},
								"east": {"uv": [40, 21], "uv_size": [8, 0.5]},
								"south": {"uv": [56, 4], "uv_size": [0.5, 0.5]},
								"west": {"uv": [40, 22], "uv_size": [8, 0.5]},
								"up": {"uv": [40, 41], "uv_size": [0.5, 8]},
								"down": {"uv": [41, 48], "uv_size": [0.5, -8]}
							}
						},
						{
							"origin": [-0.378, -2.51894, -2.0395],
							"size": [0.756, 0.672, 0.21],
							"uv": {
								"north": {"uv": [4, 53], "uv_size": [1, 0.5]},
								"east": {"uv": [5, 56], "uv_size": [0.5, 0.5]},
								"south": {"uv": [53, 4], "uv_size": [1, 0.5]},
								"west": {"uv": [56, 5], "uv_size": [0.5, 0.5]},
								"up": {"uv": [5, 53], "uv_size": [1, 0.5]},
								"down": {"uv": [6, 53.5], "uv_size": [1, -0.5]}
							}
						},
						{
							"origin": [-0.378, -4.40894, -0.5695],
							"size": [0.756, 1.89, 0.21],
							"pivot": [0, -3.701, -2.4175],
							"rotation": [22.5, 0, 0],
							"uv": {
								"north": {"uv": [49, 30], "uv_size": [1, 2]},
								"east": {"uv": [3, 52], "uv_size": [0.5, 2]},
								"south": {"uv": [49, 35], "uv_size": [1, 2]},
								"west": {"uv": [52, 3], "uv_size": [0.5, 2]},
								"up": {"uv": [9, 54], "uv_size": [1, 0.5]},
								"down": {"uv": [54, 9.5], "uv_size": [1, -0.5]}
							}
						},
						{
							"origin": [-0.378, -3.64785, 1.03075],
							"size": [0.756, 1.89, 0.21],
							"pivot": [0.378, -3.43785, 1.24075],
							"rotation": [90, 0, 0],
							"uv": {
								"north": {"uv": [47, 48], "uv_size": [1, 2]},
								"east": {"uv": [51, 32], "uv_size": [0.5, 2]},
								"south": {"uv": [48, 48], "uv_size": [1, 2]},
								"west": {"uv": [34, 51], "uv_size": [0.5, 2]},
								"up": {"uv": [53, 6], "uv_size": [1, 0.5]},
								"down": {"uv": [7, 53.5], "uv_size": [1, -0.5]}
							}
						},
						{
							"origin": [-0.378, -2.22891, 6.46644],
							"size": [0.756, 0.21, 1.008],
							"pivot": [0, -6.18297, 7.97844],
							"rotation": [70, 0, 0],
							"uv": {
								"north": {"uv": [53, 7], "uv_size": [1, 0.5]},
								"east": {"uv": [8, 53], "uv_size": [1, 0.5]},
								"south": {"uv": [53, 8], "uv_size": [1, 0.5]},
								"west": {"uv": [53, 9], "uv_size": [1, 0.5]},
								"up": {"uv": [51, 34], "uv_size": [1, 1]},
								"down": {"uv": [35, 52], "uv_size": [1, -1]}
							}
						},
						{
							"origin": [-0.378, -0.57462, 0.97787],
							"size": [0.756, 1.05, 0.21],
							"pivot": [0, -1.42068, 2.65787],
							"rotation": [110, 0, 0],
							"uv": {
								"north": {"uv": [37, 51], "uv_size": [1, 1]},
								"east": {"uv": [10, 53], "uv_size": [0.5, 1]},
								"south": {"uv": [51, 37], "uv_size": [1, 1]},
								"west": {"uv": [11, 53], "uv_size": [0.5, 1]},
								"up": {"uv": [53, 11], "uv_size": [1, 0.5]},
								"down": {"uv": [53, 12.5], "uv_size": [1, -0.5]}
							}
						},
						{
							"origin": [-0.63, -3.76397, 4.81595],
							"size": [1.26, 0.798, 1.974],
							"inflate": -0.001,
							"pivot": [0, -4.02203, 3.76595],
							"rotation": [110, 0, 0],
							"uv": {
								"north": {"uv": [19, 50], "uv_size": [1.5, 1]},
								"east": {"uv": [48, 23], "uv_size": [2, 1]},
								"south": {"uv": [50, 21], "uv_size": [1.5, 1]},
								"west": {"uv": [48, 29], "uv_size": [2, 1]},
								"up": {"uv": [45, 39], "uv_size": [1.5, 2]},
								"down": {"uv": [45, 43], "uv_size": [1.5, -2]}
							}
						},
						{
							"origin": [-0.63, -5.48932, 2.04106],
							"size": [1.26, 1.302, 4.83],
							"inflate": -0.001,
							"pivot": [0, -4.27738, 3.80506],
							"rotation": [115, 0, 0],
							"uv": {
								"north": {"uv": [48, 26], "uv_size": [1.5, 1.5]},
								"east": {"uv": [32, 6], "uv_size": [5, 1.5]},
								"south": {"uv": [28, 48], "uv_size": [1.5, 1.5]},
								"west": {"uv": [32, 8], "uv_size": [5, 1.5]},
								"up": {"uv": [28, 32], "uv_size": [1.5, 5]},
								"down": {"uv": [30, 37], "uv_size": [1.5, -5]}
							}
						},
						{
							"origin": [-0.63, -5.07061, 1.38381],
							"size": [1.26, 2.1, 3.15],
							"inflate": 0.001,
							"pivot": [0, -3.85867, 3.60981],
							"rotation": [115, 0, 0],
							"uv": {
								"north": {"uv": [45, 43], "uv_size": [1.5, 2]},
								"east": {"uv": [34, 32], "uv_size": [3, 2]},
								"south": {"uv": [45, 45], "uv_size": [1.5, 2]},
								"west": {"uv": [34, 34], "uv_size": [3, 2]},
								"up": {"uv": [0, 40], "uv_size": [1.5, 3]},
								"down": {"uv": [2, 43], "uv_size": [1.5, -3]}
							}
						},
						{
							"origin": [-0.798, 5.41385, 6.99071],
							"size": [1.596, 0.714, 2.142],
							"inflate": 0.001,
							"pivot": [0, 19.93979, -8.21329],
							"rotation": [-35, 0, 0],
							"uv": {
								"north": {"uv": [52, 15], "uv_size": [1.5, 0.5]},
								"east": {"uv": [39, 51], "uv_size": [2, 0.5]},
								"south": {"uv": [16, 52], "uv_size": [1.5, 0.5]},
								"west": {"uv": [51, 40], "uv_size": [2, 0.5]},
								"up": {"uv": [6, 46], "uv_size": [1.5, 2]},
								"down": {"uv": [8, 48], "uv_size": [1.5, -2]}
							}
						},
						{
							"origin": [-0.798, -0.67982, -4.09064],
							"size": [1.596, 1.68, 2.016],
							"inflate": 0.001,
							"uv": {
								"north": {"uv": [30, 48], "uv_size": [1.5, 1.5]},
								"east": {"uv": [46, 12], "uv_size": [2, 1.5]},
								"south": {"uv": [34, 48], "uv_size": [1.5, 1.5]},
								"west": {"uv": [46, 16], "uv_size": [2, 1.5]},
								"up": {"uv": [20, 47], "uv_size": [1.5, 2]},
								"down": {"uv": [24, 49], "uv_size": [1.5, -2]}
							}
						},
						{
							"origin": [-0.798, -1.90843, -2.33601],
							"size": [1.596, 2.856, 0.462],
							"uv": {
								"north": {"uv": [4, 40], "uv_size": [1.5, 3]},
								"east": {"uv": [21, 50], "uv_size": [0.5, 3]},
								"south": {"uv": [16, 40], "uv_size": [1.5, 3]},
								"west": {"uv": [50, 22], "uv_size": [0.5, 3]},
								"up": {"uv": [52, 16], "uv_size": [1.5, 0.5]},
								"down": {"uv": [52, 17.5], "uv_size": [1.5, -0.5]}
							}
						},
						{
							"origin": [-0.798, -1.06843, -2.88201],
							"size": [1.596, 0.42, 0.546],
							"uv": {
								"north": {"uv": [52, 18], "uv_size": [1.5, 0.5]},
								"east": {"uv": [6, 56], "uv_size": [0.5, 0.5]},
								"south": {"uv": [52, 19], "uv_size": [1.5, 0.5]},
								"west": {"uv": [56, 6], "uv_size": [0.5, 0.5]},
								"up": {"uv": [52, 20], "uv_size": [1.5, 0.5]},
								"down": {"uv": [52, 21.5], "uv_size": [1.5, -0.5]}
							}
						},
						{
							"origin": [-0.21, 0.71506, -12.7075],
							"size": [0.42, 0.21, 15.96],
							"uv": {
								"north": {"uv": [7, 56], "uv_size": [0.5, 0.5]},
								"east": {"uv": [26, 28], "uv_size": [16, 0.5]},
								"south": {"uv": [56, 7], "uv_size": [0.5, 0.5]},
								"west": {"uv": [29, 14], "uv_size": [16, 0.5]},
								"up": {"uv": [26, 29], "uv_size": [0.5, 16]},
								"down": {"uv": [27, 45], "uv_size": [0.5, -16]}
							}
						},
						{
							"origin": [0.84, 0.67306, -12.7075],
							"size": [0.21, 0.63, 0.63],
							"pivot": [0, -0.12494, -15.4375],
							"rotation": [0, 0, -10],
							"uv": {
								"north": {"uv": [8, 56], "uv_size": [0.5, 0.5]},
								"east": {"uv": [56, 8], "uv_size": [0.5, 0.5]},
								"south": {"uv": [9, 56], "uv_size": [0.5, 0.5]},
								"west": {"uv": [56, 9], "uv_size": [0.5, 0.5]},
								"up": {"uv": [10, 56], "uv_size": [0.5, 0.5]},
								"down": {"uv": [56, 10.5], "uv_size": [0.5, -0.5]}
							}
						},
						{
							"origin": [0.84, 0.67306, -12.0775],
							"size": [0.21, 1.26, 7.35],
							"pivot": [0, -0.12494, -15.4375],
							"rotation": [0, 0, -10],
							"uv": {
								"north": {"uv": [22, 52], "uv_size": [0.5, 1.5]},
								"east": {"uv": [6, 12], "uv_size": [7.5, 1.5]},
								"south": {"uv": [52, 22], "uv_size": [0.5, 1.5]},
								"west": {"uv": [13, 0], "uv_size": [7.5, 1.5]},
								"up": {"uv": [22, 44], "uv_size": [0.5, 7.5]},
								"down": {"uv": [44, 42.5], "uv_size": [0.5, -7.5]}
							}
						},
						{
							"origin": [0.588, 0.6731, -4.0975],
							"size": [0.462, 1.26, 11.172],
							"pivot": [0, -0.12494, -15.4375],
							"rotation": [0, 0, -10],
							"uv": {
								"north": {"uv": [23, 52], "uv_size": [0.5, 1.5]},
								"east": {"uv": [2, 0], "uv_size": [11, 1.5]},
								"south": {"uv": [52, 24], "uv_size": [0.5, 1.5]},
								"west": {"uv": [2, 2], "uv_size": [11, 1.5]},
								"up": {"uv": [36, 36], "uv_size": [0.5, 11]},
								"down": {"uv": [10, 48], "uv_size": [0.5, -11]}
							}
						},
						{
							"origin": [0.32174, 2.24503, -6.4075],
							"size": [0.21, 0.42, 12.852],
							"uv": {
								"north": {"uv": [11, 56], "uv_size": [0.5, 0.5]},
								"east": {"uv": [31, 15], "uv_size": [13, 0.5]},
								"south": {"uv": [56, 11], "uv_size": [0.5, 0.5]},
								"west": {"uv": [32, 10], "uv_size": [13, 0.5]},
								"up": {"uv": [32, 32], "uv_size": [0.5, 13]},
								"down": {"uv": [6, 46], "uv_size": [0.5, -13]}
							}
						},
						{
							"origin": [-0.52201, 1.80753, 6.4445],
							"size": [1.05375, 0.42, 1.84375],
							"pivot": [0.42674, 2.45503, 6.97575],
							"rotation": [-45, 0, 0],
							"uv": {
								"north": {"uv": [53, 13], "uv_size": [1, 0.5]},
								"east": {"uv": [51, 41], "uv_size": [2, 0.5]},
								"south": {"uv": [53, 14], "uv_size": [1, 0.5]},
								"west": {"uv": [44, 51], "uv_size": [2, 0.5]},
								"up": {"uv": [49, 0], "uv_size": [1, 2]},
								"down": {"uv": [49, 4], "uv_size": [1, -2]}
							}
						},
						{
							"origin": [-1.05, 0.67306, -12.7075],
							"size": [0.21, 0.63, 0.63],
							"pivot": [0, -0.12494, -15.4375],
							"rotation": [0, 0, 10],
							"uv": {
								"north": {"uv": [12, 56], "uv_size": [0.5, 0.5]},
								"east": {"uv": [56, 12], "uv_size": [0.5, 0.5]},
								"south": {"uv": [13, 56], "uv_size": [0.5, 0.5]},
								"west": {"uv": [56, 13], "uv_size": [0.5, 0.5]},
								"up": {"uv": [14, 56], "uv_size": [0.5, 0.5]},
								"down": {"uv": [56, 14.5], "uv_size": [0.5, -0.5]}
							}
						},
						{
							"origin": [-1.05, 0.67306, -12.0775],
							"size": [0.21, 1.26, 7.35],
							"pivot": [0, -0.12494, -15.4375],
							"rotation": [0, 0, 10],
							"uv": {
								"north": {"uv": [25, 52], "uv_size": [0.5, 1.5]},
								"east": {"uv": [13, 2], "uv_size": [7.5, 1.5]},
								"south": {"uv": [26, 52], "uv_size": [0.5, 1.5]},
								"west": {"uv": [13, 4], "uv_size": [7.5, 1.5]},
								"up": {"uv": [44, 43], "uv_size": [0.5, 7.5]},
								"down": {"uv": [18, 52.5], "uv_size": [0.5, -7.5]}
							}
						},
						{
							"origin": [-1.05, 0.67306, -4.10925],
							"size": [0.462, 1.26, 11.18375],
							"pivot": [0, -0.12494, -6.9955],
							"rotation": [0, 0, 10],
							"uv": {
								"north": {"uv": [52, 26], "uv_size": [0.5, 1.5]},
								"east": {"uv": [2, 4], "uv_size": [11, 1.5]},
								"south": {"uv": [27, 52], "uv_size": [0.5, 1.5]},
								"west": {"uv": [2, 6], "uv_size": [11, 1.5]},
								"up": {"uv": [11, 37], "uv_size": [0.5, 11]},
								"down": {"uv": [14, 48], "uv_size": [0.5, -11]}
							}
						},
						{
							"origin": [0.68548, 0.63327, -12.7075],
							"size": [0.21, 0.21, 7.98],
							"uv": {
								"north": {"uv": [15, 56], "uv_size": [0.5, 0.5]},
								"east": {"uv": [40, 23], "uv_size": [8, 0.5]},
								"south": {"uv": [56, 15], "uv_size": [0.5, 0.5]},
								"west": {"uv": [40, 26], "uv_size": [8, 0.5]},
								"up": {"uv": [12, 42], "uv_size": [0.5, 8]},
								"down": {"uv": [13, 50], "uv_size": [0.5, -8]}
							}
						},
						{
							"origin": [0.68548, 0.63327, -4.0975],
							"size": [0.21, 0.21, 11.172],
							"uv": {
								"north": {"uv": [16, 56], "uv_size": [0.5, 0.5]},
								"east": {"uv": [36, 30], "uv_size": [11, 0.5]},
								"south": {"uv": [56, 16], "uv_size": [0.5, 0.5]},
								"west": {"uv": [36, 31], "uv_size": [11, 0.5]},
								"up": {"uv": [15, 37], "uv_size": [0.5, 11]},
								"down": {"uv": [28, 48], "uv_size": [0.5, -11]}
							}
						},
						{
							"origin": [-0.89548, 0.63327, -4.2655],
							"size": [0.21, 0.21, 11.34],
							"uv": {
								"north": {"uv": [17, 56], "uv_size": [0.5, 0.5]},
								"east": {"uv": [33, 17], "uv_size": [11.5, 0.5]},
								"south": {"uv": [56, 17], "uv_size": [0.5, 0.5]},
								"west": {"uv": [36, 29], "uv_size": [11.5, 0.5]},
								"up": {"uv": [34, 36], "uv_size": [0.5, 11.5]},
								"down": {"uv": [35, 47.5], "uv_size": [0.5, -11.5]}
							}
						},
						{
							"origin": [-0.89548, 0.63327, -12.7075],
							"size": [0.21, 0.21, 7.98],
							"uv": {
								"north": {"uv": [18, 56], "uv_size": [0.5, 0.5]},
								"east": {"uv": [40, 27], "uv_size": [8, 0.5]},
								"south": {"uv": [56, 18], "uv_size": [0.5, 0.5]},
								"west": {"uv": [41, 0], "uv_size": [8, 0.5]},
								"up": {"uv": [23, 42], "uv_size": [0.5, 8]},
								"down": {"uv": [42, 40], "uv_size": [0.5, -8]}
							}
						},
						{
							"origin": [-0.01426, 0.36329, -12.7075],
							"size": [0.588, 0.21, 7.98],
							"uv": {
								"north": {"uv": [19, 56], "uv_size": [0.5, 0.5]},
								"east": {"uv": [41, 1], "uv_size": [8, 0.5]},
								"south": {"uv": [56, 19], "uv_size": [0.5, 0.5]},
								"west": {"uv": [41, 2], "uv_size": [8, 0.5]},
								"up": {"uv": [38, 42], "uv_size": [0.5, 8]},
								"down": {"uv": [42, 48], "uv_size": [0.5, -8]}
							}
						},
						{
							"origin": [-0.01426, 0.3633, -4.0975],
							"size": [0.588, 0.21, 7.812],
							"uv": {
								"north": {"uv": [20, 56], "uv_size": [0.5, 0.5]},
								"east": {"uv": [41, 3], "uv_size": [8, 0.5]},
								"south": {"uv": [56, 20], "uv_size": [0.5, 0.5]},
								"west": {"uv": [41, 4], "uv_size": [8, 0.5]},
								"up": {"uv": [0, 43], "uv_size": [0.5, 8]},
								"down": {"uv": [1, 51], "uv_size": [0.5, -8]}
							}
						},
						{
							"origin": [-0.01426, -0.47671, -12.7075],
							"size": [0.588, 0.84, 2.31],
							"uv": {
								"north": {"uv": [16, 53], "uv_size": [0.5, 1]},
								"east": {"uv": [47, 46], "uv_size": [2.5, 1]},
								"south": {"uv": [17, 53], "uv_size": [0.5, 1]},
								"west": {"uv": [48, 6], "uv_size": [2.5, 1]},
								"up": {"uv": [42, 50], "uv_size": [0.5, 2.5]},
								"down": {"uv": [50, 50.5], "uv_size": [0.5, -2.5]}
							}
						},
						{
							"origin": [-0.57676, -0.47671, -12.7075],
							"size": [0.588, 0.84, 2.31],
							"uv": {
								"north": {"uv": [7, 54], "uv_size": [0.5, 1]},
								"east": {"uv": [48, 7], "uv_size": [2.5, 1]},
								"south": {"uv": [54, 7], "uv_size": [0.5, 1]},
								"west": {"uv": [8, 48], "uv_size": [2.5, 1]},
								"up": {"uv": [49, 50], "uv_size": [0.5, 2.5]},
								"down": {"uv": [0, 53.5], "uv_size": [0.5, -2.5]}
							}
						},
						{
							"origin": [-0.57676, -3.44995, -10.08732],
							"size": [0.588, 0.882, 1.26],
							"pivot": [-0.47626, -2.23195, -12.81732],
							"rotation": [60, 0, 0],
							"uv": {
								"north": {"uv": [5, 54], "uv_size": [0.5, 1]},
								"east": {"uv": [45, 50], "uv_size": [1.5, 1]},
								"south": {"uv": [54, 5], "uv_size": [0.5, 1]},
								"west": {"uv": [50, 46], "uv_size": [1.5, 1]},
								"up": {"uv": [52, 34], "uv_size": [0.5, 1.5]},
								"down": {"uv": [35, 53.5], "uv_size": [0.5, -1.5]}
							}
						},
						{
							"origin": [-0.01426, -3.44995, -10.08732],
							"size": [0.588, 0.882, 1.26],
							"pivot": [-0.47626, -2.23195, -12.81732],
							"rotation": [60, 0, 0],
							"uv": {
								"north": {"uv": [6, 54], "uv_size": [0.5, 1]},
								"east": {"uv": [47, 50], "uv_size": [1.5, 1]},
								"south": {"uv": [54, 6], "uv_size": [0.5, 1]},
								"west": {"uv": [50, 47], "uv_size": [1.5, 1]},
								"up": {"uv": [52, 36], "uv_size": [0.5, 1.5]},
								"down": {"uv": [37, 53.5], "uv_size": [0.5, -1.5]}
							}
						},
						{
							"origin": [-0.57374, 0.36329, -12.7075],
							"size": [0.588, 0.21, 7.98],
							"uv": {
								"north": {"uv": [21, 56], "uv_size": [0.5, 0.5]},
								"east": {"uv": [41, 5], "uv_size": [8, 0.5]},
								"south": {"uv": [56, 21], "uv_size": [0.5, 0.5]},
								"west": {"uv": [41, 18], "uv_size": [8, 0.5]},
								"up": {"uv": [2, 43], "uv_size": [0.5, 8]},
								"down": {"uv": [3, 51], "uv_size": [0.5, -8]}
							}
						},
						{
							"origin": [-0.57374, 0.36329, -4.0975],
							"size": [0.588, 0.21, 7.812],
							"uv": {
								"north": {"uv": [22, 56], "uv_size": [0.5, 0.5]},
								"east": {"uv": [41, 19], "uv_size": [8, 0.5]},
								"south": {"uv": [56, 22], "uv_size": [0.5, 0.5]},
								"west": {"uv": [41, 20], "uv_size": [8, 0.5]},
								"up": {"uv": [4, 43], "uv_size": [0.5, 8]},
								"down": {"uv": [5, 51], "uv_size": [0.5, -8]}
							}
						},
						{
							"origin": [-0.51597, 1.75276, -12.7075],
							"size": [0.21, 0.42, 7.98],
							"pivot": [-1.35597, 0.11476, -15.4375],
							"rotation": [0, 0, 50],
							"uv": {
								"north": {"uv": [23, 56], "uv_size": [0.5, 0.5]},
								"east": {"uv": [42, 28], "uv_size": [8, 0.5]},
								"south": {"uv": [56, 23], "uv_size": [0.5, 0.5]},
								"west": {"uv": [43, 32], "uv_size": [8, 0.5]},
								"up": {"uv": [16, 43], "uv_size": [0.5, 8]},
								"down": {"uv": [17, 51], "uv_size": [0.5, -8]}
							}
						},
						{
							"origin": [-0.72597, 1.75276, -4.0975],
							"size": [0.42, 0.42, 11.172],
							"pivot": [-1.35597, 0.11476, -6.9955],
							"rotation": [0, 0, 50],
							"uv": {
								"north": {"uv": [24, 56], "uv_size": [0.5, 0.5]},
								"east": {"uv": [37, 6], "uv_size": [11, 0.5]},
								"south": {"uv": [56, 24], "uv_size": [0.5, 0.5]},
								"west": {"uv": [37, 7], "uv_size": [11, 0.5]},
								"up": {"uv": [29, 37], "uv_size": [0.5, 11]},
								"down": {"uv": [30, 48], "uv_size": [0.5, -11]}
							}
						},
						{
							"origin": [0.9811, 0.30493, -12.7075],
							"size": [0.21, 0.42, 7.98],
							"pivot": [0.1411, -1.33307, -15.4375],
							"rotation": [0, 0, -50],
							"uv": {
								"north": {"uv": [25, 56], "uv_size": [0.5, 0.5]},
								"east": {"uv": [43, 33], "uv_size": [8, 0.5]},
								"south": {"uv": [56, 25], "uv_size": [0.5, 0.5]},
								"west": {"uv": [43, 34], "uv_size": [8, 0.5]},
								"up": {"uv": [43, 35], "uv_size": [0.5, 8]},
								"down": {"uv": [37, 51], "uv_size": [0.5, -8]}
							}
						},
						{
							"origin": [0.9811, 0.30493, -4.10925],
							"size": [0.42, 0.42, 11.18375],
							"pivot": [0.1411, -1.33307, -6.9955],
							"rotation": [0, 0, -50],
							"uv": {
								"north": {"uv": [26, 56], "uv_size": [0.5, 0.5]},
								"east": {"uv": [37, 8], "uv_size": [11, 0.5]},
								"south": {"uv": [56, 26], "uv_size": [0.5, 0.5]},
								"west": {"uv": [37, 9], "uv_size": [11, 0.5]},
								"up": {"uv": [31, 37], "uv_size": [0.5, 11]},
								"down": {"uv": [37, 43], "uv_size": [0.5, -11]}
							}
						},
						{
							"origin": [-1.9209, 2.62835, -12.7075],
							"size": [0.42, 0.21, 19.152],
							"pivot": [-1.7529, 0.52835, -15.4375],
							"rotation": [0, 0, 40],
							"uv": {
								"north": {"uv": [27, 56], "uv_size": [0.5, 0.5]},
								"east": {"uv": [13, 10], "uv_size": [19, 0.5]},
								"south": {"uv": [56, 27], "uv_size": [0.5, 0.5]},
								"west": {"uv": [13, 11], "uv_size": [19, 0.5]},
								"up": {"uv": [8, 14], "uv_size": [0.5, 19]},
								"down": {"uv": [9, 33], "uv_size": [0.5, -19]}
							}
						},
						{
							"origin": [-1.9209, 1.36835, -12.7075],
							"size": [0.42, 0.21, 16.422],
							"pivot": [-1.7529, -0.73165, -15.4375],
							"rotation": [0, 0, 40],
							"uv": {
								"north": {"uv": [28, 56], "uv_size": [0.5, 0.5]},
								"east": {"uv": [21, 1], "uv_size": [16.5, 0.5]},
								"south": {"uv": [56, 28], "uv_size": [0.5, 0.5]},
								"west": {"uv": [21, 2], "uv_size": [16.5, 0.5]},
								"up": {"uv": [22, 21], "uv_size": [0.5, 16.5]},
								"down": {"uv": [2, 39.5], "uv_size": [0.5, -16.5]}
							}
						},
						{
							"origin": [0.07501, 2.77413, -6.4075],
							"size": [0.42, 0.21, 12.852],
							"pivot": [0.07501, 2.77413, -11.8675],
							"rotation": [0, 0, 40],
							"uv": {
								"north": {"uv": [29, 56], "uv_size": [0.5, 0.5]},
								"east": {"uv": [32, 11], "uv_size": [13, 0.5]},
								"south": {"uv": [56, 29], "uv_size": [0.5, 0.5]},
								"west": {"uv": [33, 12], "uv_size": [13, 0.5]},
								"up": {"uv": [7, 33], "uv_size": [0.5, 13]},
								"down": {"uv": [8, 46], "uv_size": [0.5, -13]}
							}
						},
						{
							"origin": [0.07501, 2.77413, -6.4075],
							"size": [0.42, 0.21, 12.852],
							"pivot": [0.07501, 2.77413, -11.8675],
							"rotation": [-2.5, 0, 40],
							"uv": {
								"north": {"uv": [30, 56], "uv_size": [0.5, 0.5]},
								"east": {"uv": [33, 13], "uv_size": [13, 0.5]},
								"south": {"uv": [56, 30], "uv_size": [0.5, 0.5]},
								"west": {"uv": [33, 16], "uv_size": [13, 0.5]},
								"up": {"uv": [9, 33], "uv_size": [0.5, 13]},
								"down": {"uv": [33, 45], "uv_size": [0.5, -13]}
							}
						},
						{
							"origin": [0.07501, 2.77413, -12.7075],
							"size": [0.42, 0.21, 5.67],
							"pivot": [0.07501, 2.77413, -11.8675],
							"rotation": [0, 0, 40],
							"uv": {
								"north": {"uv": [31, 56], "uv_size": [0.5, 0.5]},
								"east": {"uv": [47, 43], "uv_size": [5.5, 0.5]},
								"south": {"uv": [56, 31], "uv_size": [0.5, 0.5]},
								"west": {"uv": [47, 44], "uv_size": [5.5, 0.5]},
								"up": {"uv": [36, 47], "uv_size": [0.5, 5.5]},
								"down": {"uv": [43, 52.5], "uv_size": [0.5, -5.5]}
							}
						},
						{
							"origin": [0.07501, 1.51413, -12.7075],
							"size": [0.42, 0.21, 16.422],
							"pivot": [0.07501, 1.51413, -19.9315],
							"rotation": [0, 0, 40],
							"uv": {
								"north": {"uv": [32, 56], "uv_size": [0.5, 0.5]},
								"east": {"uv": [21, 3], "uv_size": [16.5, 0.5]},
								"south": {"uv": [56, 32], "uv_size": [0.5, 0.5]},
								"west": {"uv": [21, 4], "uv_size": [16.5, 0.5]},
								"up": {"uv": [3, 23], "uv_size": [0.5, 16.5]},
								"down": {"uv": [4, 39.5], "uv_size": [0.5, -16.5]}
							}
						},
						{
							"origin": [0.9138, 3.10345, -12.7075],
							"size": [0.42, 0.21, 19.152],
							"pivot": [1.0818, 1.00345, -15.4375],
							"rotation": [0, 0, -40],
							"uv": {
								"north": {"uv": [57, 26], "uv_size": [0.5, 0.5]},
								"east": {"uv": [14, 13], "uv_size": [19, 0.5]},
								"south": {"uv": [27, 57], "uv_size": [0.5, 0.5]},
								"west": {"uv": [12, 15], "uv_size": [19, 0.5]},
								"up": {"uv": [12, 16], "uv_size": [0.5, 19]},
								"down": {"uv": [13, 35], "uv_size": [0.5, -19]}
							}
						},
						{
							"origin": [0.9138, 1.84345, -12.7075],
							"size": [0.42, 0.21, 16.422],
							"pivot": [1.0818, -0.25655, -23.5015],
							"rotation": [0, 0, -40],
							"uv": {
								"north": {"uv": [33, 56], "uv_size": [0.5, 0.5]},
								"east": {"uv": [21, 5], "uv_size": [16.5, 0.5]},
								"south": {"uv": [56, 33], "uv_size": [0.5, 0.5]},
								"west": {"uv": [23, 21], "uv_size": [16.5, 0.5]},
								"up": {"uv": [5, 23], "uv_size": [0.5, 16.5]},
								"down": {"uv": [16, 39.5], "uv_size": [0.5, -16.5]}
							}
						},
						{
							"origin": [1.52055, 2.57435, -12.7075],
							"size": [0.42, 0.21, 19.152],
							"pivot": [1.68855, 0.47435, -15.4375],
							"rotation": [0, 0, -40],
							"uv": {
								"north": {"uv": [34, 56], "uv_size": [0.5, 0.5]},
								"east": {"uv": [10, 14], "uv_size": [19, 0.5]},
								"south": {"uv": [56, 34], "uv_size": [0.5, 0.5]},
								"west": {"uv": [14, 12], "uv_size": [19, 0.5]},
								"up": {"uv": [10, 15], "uv_size": [0.5, 19]},
								"down": {"uv": [11, 34], "uv_size": [0.5, -19]}
							}
						},
						{
							"origin": [1.52055, 1.31435, -12.7075],
							"size": [0.42, 0.21, 16.422],
							"pivot": [1.68855, -0.78565, -15.4375],
							"rotation": [0, 0, -40],
							"uv": {
								"north": {"uv": [35, 56], "uv_size": [0.5, 0.5]},
								"east": {"uv": [23, 22], "uv_size": [16.5, 0.5]},
								"south": {"uv": [56, 35], "uv_size": [0.5, 0.5]},
								"west": {"uv": [23, 23], "uv_size": [16.5, 0.5]},
								"up": {"uv": [17, 23], "uv_size": [0.5, 16.5]},
								"down": {"uv": [18, 39.5], "uv_size": [0.5, -16.5]}
							}
						}
					]
				},
				{
					"name": "bone5",
					"parent": "reciever",
					"pivot": [0, 0, -0.75],
					"cubes": [
						{
							"origin": [-0.335, 2.725, 2.85075],
							"size": [0.67, 0.55375, 1.125],
							"uv": {
								"north": {"uv": [36, 56], "uv_size": [0.5, 0.5]},
								"east": {"uv": [18, 53], "uv_size": [1, 0.5]},
								"south": {"uv": [56, 36], "uv_size": [0.5, 0.5]},
								"west": {"uv": [19, 53], "uv_size": [1, 0.5]},
								"up": {"uv": [20, 53], "uv_size": [0.5, 1]},
								"down": {"uv": [21, 54], "uv_size": [0.5, -1]}
							}
						},
						{
							"origin": [0.2725, 3.06875, 3.28825],
							"size": [0.0625, 0.61625, 0.90625],
							"uv": {
								"north": {"uv": [37, 56], "uv_size": [0.5, 0.5]},
								"east": {"uv": [53, 22], "uv_size": [1, 0.5]},
								"south": {"uv": [56, 37], "uv_size": [0.5, 0.5]},
								"west": {"uv": [53, 23], "uv_size": [1, 0.5]},
								"up": {"uv": [24, 53], "uv_size": [0.5, 1]},
								"down": {"uv": [53, 25], "uv_size": [0.5, -1]}
							}
						},
						{
							"origin": [0.2725, 2.87354, 3.52477],
							"size": [0.0625, 0.61625, 0.90625],
							"pivot": [0.30375, 3.18167, 3.97789],
							"rotation": [32.5, 0, 0],
							"uv": {
								"north": {"uv": [38, 56], "uv_size": [0.5, 0.5]},
								"east": {"uv": [53, 25], "uv_size": [1, 0.5]},
								"south": {"uv": [56, 38], "uv_size": [0.5, 0.5]},
								"west": {"uv": [53, 26], "uv_size": [1, 0.5]},
								"up": {"uv": [53, 27], "uv_size": [0.5, 1]},
								"down": {"uv": [28, 54], "uv_size": [0.5, -1]}
							}
						},
						{
							"origin": [-0.3525, 2.87354, 3.52477],
							"size": [0.0625, 0.61625, 0.90625],
							"pivot": [0.30375, 3.18167, 3.97789],
							"rotation": [32.5, 0, 0],
							"uv": {
								"north": {"uv": [39, 56], "uv_size": [0.5, 0.5]},
								"east": {"uv": [29, 53], "uv_size": [1, 0.5]},
								"south": {"uv": [56, 39], "uv_size": [0.5, 0.5]},
								"west": {"uv": [53, 29], "uv_size": [1, 0.5]},
								"up": {"uv": [53, 30], "uv_size": [0.5, 1]},
								"down": {"uv": [31, 54], "uv_size": [0.5, -1]}
							}
						},
						{
							"origin": [-0.3525, 3.06875, 3.28825],
							"size": [0.0625, 0.61625, 0.90625],
							"uv": {
								"north": {"uv": [40, 56], "uv_size": [0.5, 0.5]},
								"east": {"uv": [32, 53], "uv_size": [1, 0.5]},
								"south": {"uv": [56, 40], "uv_size": [0.5, 0.5]},
								"west": {"uv": [53, 32], "uv_size": [1, 0.5]},
								"up": {"uv": [53, 33], "uv_size": [0.5, 1]},
								"down": {"uv": [34, 54], "uv_size": [0.5, -1]}
							}
						},
						{
							"origin": [-0.42, 3.229, -4.6855],
							"size": [0.21, 0.126, 0.21],
							"uv": {
								"north": {"uv": [41, 56], "uv_size": [0.5, 0.5]},
								"east": {"uv": [56, 41], "uv_size": [0.5, 0.5]},
								"south": {"uv": [42, 56], "uv_size": [0.5, 0.5]},
								"west": {"uv": [56, 42], "uv_size": [0.5, 0.5]},
								"up": {"uv": [43, 56], "uv_size": [0.5, 0.5]},
								"down": {"uv": [56, 43.5], "uv_size": [0.5, -0.5]}
							}
						}
					]
				},
				{
					"name": "bone4",
					"parent": "bone5",
					"pivot": [0, 3.43937, 3.21013],
					"rotation": [20, 0, 0],
					"cubes": [
						{
							"origin": [-0.21, 3.1625, 3.007],
							"size": [0.42, 0.36625, 0.40625],
							"pivot": [0, 3.43937, 3.21013],
							"rotation": [0, -47.5, 0],
							"uv": {
								"north": {"uv": [44, 56], "uv_size": [0.5, 0.5]},
								"east": {"uv": [56, 44], "uv_size": [0.5, 0.5]},
								"south": {"uv": [45, 56], "uv_size": [0.5, 0.5]},
								"west": {"uv": [56, 45], "uv_size": [0.5, 0.5]},
								"up": {"uv": [46, 56], "uv_size": [0.5, 0.5]},
								"down": {"uv": [56, 46.5], "uv_size": [0.5, -0.5]}
							}
						},
						{
							"origin": [-0.21, 3.1625, 3.35075],
							"size": [0.26375, 0.55375, 0.0625],
							"pivot": [0, 3.43937, 3.21013],
							"rotation": [0, -47.5, 0],
							"uv": {
								"north": {"uv": [47, 56], "uv_size": [0.5, 0.5]},
								"east": {"uv": [56, 47], "uv_size": [0.5, 0.5]},
								"south": {"uv": [48, 56], "uv_size": [0.5, 0.5]},
								"west": {"uv": [56, 48], "uv_size": [0.5, 0.5]},
								"up": {"uv": [49, 56], "uv_size": [0.5, 0.5]},
								"down": {"uv": [56, 49.5], "uv_size": [0.5, -0.5]}
							}
						},
						{
							"origin": [0.165, 3.1625, 3.007],
							"size": [0.045, 0.55375, 0.25],
							"pivot": [0, 3.43937, 3.21013],
							"rotation": [0, -47.5, 0],
							"uv": {
								"north": {"uv": [50, 56], "uv_size": [0.5, 0.5]},
								"east": {"uv": [56, 50], "uv_size": [0.5, 0.5]},
								"south": {"uv": [51, 56], "uv_size": [0.5, 0.5]},
								"west": {"uv": [56, 51], "uv_size": [0.5, 0.5]},
								"up": {"uv": [52, 56], "uv_size": [0.5, 0.5]},
								"down": {"uv": [56, 52.5], "uv_size": [0.5, -0.5]}
							}
						}
					]
				},
				{
					"name": "bone6",
					"parent": "reciever",
					"pivot": [1.03999, 2.03791, 5.35325],
					"rotation": [0, 0, -12.5]
				},
				{
					"name": "bone3",
					"parent": "bone6",
					"pivot": [1.03999, 2.03791, 5.35325],
					"rotation": [0, 0, 90],
					"cubes": [
						{
							"origin": [0.51699, 1.97428, 5.28825],
							"size": [1.1085, 0.12725, 0.13],
							"pivot": [1.03999, 2.03791, 5.35325],
							"rotation": [45, 0, 0],
							"uv": {
								"north": {"uv": [53, 34], "uv_size": [1, 0.5]},
								"east": {"uv": [53, 56], "uv_size": [0.5, 0.5]},
								"south": {"uv": [53, 35], "uv_size": [1, 0.5]},
								"west": {"uv": [56, 53], "uv_size": [0.5, 0.5]},
								"up": {"uv": [36, 53], "uv_size": [1, 0.5]},
								"down": {"uv": [53, 36.5], "uv_size": [1, -0.5]}
							}
						}
					]
				},
				{
					"name": "bone",
					"parent": "bone6",
					"pivot": [0.72749, 2.69416, 5.35325],
					"rotation": [0, 0, 30],
					"cubes": [
						{
							"origin": [0.20449, 2.63053, 5.28825],
							"size": [0.95225, 0.12725, 0.13],
							"pivot": [0.72749, 2.69416, 5.35325],
							"rotation": [45, 0, 0],
							"uv": {
								"north": {"uv": [53, 37], "uv_size": [1, 0.5]},
								"east": {"uv": [54, 56], "uv_size": [0.5, 0.5]},
								"south": {"uv": [38, 53], "uv_size": [1, 0.5]},
								"west": {"uv": [56, 54], "uv_size": [0.5, 0.5]},
								"up": {"uv": [53, 38], "uv_size": [1, 0.5]},
								"down": {"uv": [53, 39.5], "uv_size": [1, -0.5]}
							}
						},
						{
							"origin": [0.20449, 2.59928, 5.257],
							"size": [0.671, 0.18975, 0.1925],
							"pivot": [0.72749, 2.69416, 5.35325],
							"rotation": [45, 0, 0],
							"uv": {
								"north": {"uv": [55, 56], "uv_size": [0.5, 0.5]},
								"east": {"uv": [56, 55], "uv_size": [0.5, 0.5]},
								"south": {"uv": [56, 56], "uv_size": [0.5, 0.5]},
								"west": {"uv": [0, 57], "uv_size": [0.5, 0.5]},
								"up": {"uv": [57, 0], "uv_size": [0.5, 0.5]},
								"down": {"uv": [1, 57.5], "uv_size": [0.5, -0.5]}
							}
						}
					]
				},
				{
					"name": "bone2",
					"parent": "bone6",
					"pivot": [0.72749, 1.27459, 5.35325],
					"rotation": [0, 0, -30],
					"cubes": [
						{
							"origin": [0.20449, 1.21097, 5.28825],
							"size": [0.95225, 0.12725, 0.13],
							"pivot": [0.72749, 1.27459, 5.35325],
							"rotation": [-45, 0, 0],
							"uv": {
								"north": {"uv": [53, 40], "uv_size": [1, 0.5]},
								"east": {"uv": [57, 1], "uv_size": [0.5, 0.5]},
								"south": {"uv": [41, 53], "uv_size": [1, 0.5]},
								"west": {"uv": [2, 57], "uv_size": [0.5, 0.5]},
								"up": {"uv": [53, 41], "uv_size": [1, 0.5]},
								"down": {"uv": [42, 53.5], "uv_size": [1, -0.5]}
							}
						},
						{
							"origin": [0.20449, 1.17972, 5.257],
							"size": [0.671, 0.18975, 0.1925],
							"pivot": [0.72749, 1.27459, 5.35325],
							"rotation": [-45, 0, 0],
							"uv": {
								"north": {"uv": [57, 2], "uv_size": [0.5, 0.5]},
								"east": {"uv": [3, 57], "uv_size": [0.5, 0.5]},
								"south": {"uv": [57, 3], "uv_size": [0.5, 0.5]},
								"west": {"uv": [4, 57], "uv_size": [0.5, 0.5]},
								"up": {"uv": [57, 4], "uv_size": [0.5, 0.5]},
								"down": {"uv": [5, 57.5], "uv_size": [0.5, -0.5]}
							}
						}
					]
				},
				{
					"name": "stock",
					"parent": "mp5",
					"pivot": [0, -52.82575, 106.991],
					"cubes": [
						{
							"origin": [4.242, -1.32042, 6.65199],
							"size": [0.42, 0.42, 6.3],
							"pivot": [0, -4.793, -1.7035],
							"rotation": [0, 0, -45],
							"uv": {
								"north": {"uv": [57, 5], "uv_size": [0.5, 0.5]},
								"east": {"uv": [44, 15], "uv_size": [6.5, 0.5]},
								"south": {"uv": [6, 57], "uv_size": [0.5, 0.5]},
								"west": {"uv": [45, 10], "uv_size": [6.5, 0.5]},
								"up": {"uv": [26, 45], "uv_size": [0.5, 6.5]},
								"down": {"uv": [27, 51.5], "uv_size": [0.5, -6.5]}
							}
						},
						{
							"origin": [-0.924, 0.23358, 12.95199],
							"size": [1.848, 1.26, 0.84],
							"uv": {
								"north": {"uv": [47, 24], "uv_size": [2, 1.5]},
								"east": {"uv": [23, 50], "uv_size": [1, 1.5]},
								"south": {"uv": [47, 30], "uv_size": [2, 1.5]},
								"west": {"uv": [50, 25], "uv_size": [1, 1.5]},
								"up": {"uv": [49, 4], "uv_size": [2, 1]},
								"down": {"uv": [49, 6], "uv_size": [2, -1]}
							}
						},
						{
							"origin": [-0.924, 8.23475, 12.40216],
							"size": [1.848, 0.63, 1.05],
							"pivot": [0, 3.20818, -2.25332],
							"rotation": [-30, 0, 0],
							"uv": {
								"north": {"uv": [46, 51], "uv_size": [2, 0.5]},
								"east": {"uv": [53, 42], "uv_size": [1, 0.5]},
								"south": {"uv": [51, 48], "uv_size": [2, 0.5]},
								"west": {"uv": [43, 53], "uv_size": [1, 0.5]},
								"up": {"uv": [8, 49], "uv_size": [2, 1]},
								"down": {"uv": [49, 19], "uv_size": [2, -1]}
							}
						},
						{
							"origin": [-0.504, -3.33642, 13.79199],
							"size": [1.008, 5.334, 0.84],
							"inflate": -0.001,
							"uv": {
								"north": {"uv": [38, 0], "uv_size": [1, 5.5]},
								"east": {"uv": [20, 38], "uv_size": [1, 5.5]},
								"south": {"uv": [21, 38], "uv_size": [1, 5.5]},
								"west": {"uv": [22, 38], "uv_size": [1, 5.5]},
								"up": {"uv": [48, 51], "uv_size": [1, 1]},
								"down": {"uv": [51, 50], "uv_size": [1, -1]}
							}
						},
						{
							"origin": [-0.504, 1.49358, 12.95199],
							"size": [1.008, 0.504, 0.84],
							"uv": {
								"north": {"uv": [53, 43], "uv_size": [1, 0.5]},
								"east": {"uv": [53, 44], "uv_size": [1, 0.5]},
								"south": {"uv": [53, 45], "uv_size": [1, 0.5]},
								"west": {"uv": [46, 53], "uv_size": [1, 0.5]},
								"up": {"uv": [50, 51], "uv_size": [1, 1]},
								"down": {"uv": [51, 51], "uv_size": [1, -1]}
							}
						},
						{
							"origin": [-4.88987, 3.54395, 12.95199],
							"size": [0.672, 0.504, 1.68],
							"pivot": [-4.38587, -2.74263, -1.7035],
							"rotation": [0, 0, 50],
							"uv": {
								"north": {"uv": [57, 6], "uv_size": [0.5, 0.5]},
								"east": {"uv": [28, 52], "uv_size": [1.5, 0.5]},
								"south": {"uv": [7, 57], "uv_size": [0.5, 0.5]},
								"west": {"uv": [52, 28], "uv_size": [1.5, 0.5]},
								"up": {"uv": [52, 29], "uv_size": [0.5, 1.5]},
								"down": {"uv": [30, 53.5], "uv_size": [0.5, -1.5]}
							}
						},
						{
							"origin": [-5.93178, -0.96209, 13.79199],
							"size": [0.672, 0.504, 0.84],
							"pivot": [-5.42778, -7.24866, -1.7035],
							"rotation": [0, 0, 50],
							"uv": {
								"north": {"uv": [57, 7], "uv_size": [0.5, 0.5]},
								"east": {"uv": [53, 46], "uv_size": [1, 0.5]},
								"south": {"uv": [8, 57], "uv_size": [0.5, 0.5]},
								"west": {"uv": [47, 53], "uv_size": [1, 0.5]},
								"up": {"uv": [53, 47], "uv_size": [0.5, 1]},
								"down": {"uv": [48, 54], "uv_size": [0.5, -1]}
							}
						},
						{
							"origin": [4.08589, 3.79056, 12.95199],
							"size": [0.672, 0.504, 1.68],
							"pivot": [4.58989, -2.49602, -1.7035],
							"rotation": [0, 0, -50],
							"uv": {
								"north": {"uv": [57, 8], "uv_size": [0.5, 0.5]},
								"east": {"uv": [31, 52], "uv_size": [1.5, 0.5]},
								"south": {"uv": [9, 57], "uv_size": [0.5, 0.5]},
								"west": {"uv": [52, 31], "uv_size": [1.5, 0.5]},
								"up": {"uv": [52, 32], "uv_size": [0.5, 1.5]},
								"down": {"uv": [33, 53.5], "uv_size": [0.5, -1.5]}
							}
						},
						{
							"origin": [5.13976, -0.7047, 13.79199],
							"size": [0.672, 0.504, 0.84],
							"pivot": [5.64376, -6.99127, -1.7035],
							"rotation": [0, 0, -50],
							"uv": {
								"north": {"uv": [57, 9], "uv_size": [0.5, 0.5]},
								"east": {"uv": [53, 48], "uv_size": [1, 0.5]},
								"south": {"uv": [10, 57], "uv_size": [0.5, 0.5]},
								"west": {"uv": [49, 53], "uv_size": [1, 0.5]},
								"up": {"uv": [53, 49], "uv_size": [0.5, 1]},
								"down": {"uv": [50, 54], "uv_size": [0.5, -1]}
							}
						},
						{
							"origin": [-0.924, -2.83242, 13.79199],
							"size": [1.848, 4.326, 0.84],
							"inflate": -0.009,
							"uv": {
								"north": {"uv": [16, 18], "uv_size": [2, 4.5]},
								"east": {"uv": [19, 39], "uv_size": [1, 4.5]},
								"south": {"uv": [18, 18], "uv_size": [2, 4.5]},
								"west": {"uv": [18, 40], "uv_size": [1, 4.5]},
								"up": {"uv": [49, 19], "uv_size": [2, 1]},
								"down": {"uv": [20, 50], "uv_size": [2, -1]}
							}
						},
						{
							"origin": [3.444, -0.56442, 6.65199],
							"size": [0.42, 0.42, 6.3],
							"pivot": [0, -4.793, -1.7035],
							"rotation": [0, 0, -45],
							"uv": {
								"north": {"uv": [57, 10], "uv_size": [0.5, 0.5]},
								"east": {"uv": [45, 11], "uv_size": [6.5, 0.5]},
								"south": {"uv": [11, 57], "uv_size": [0.5, 0.5]},
								"west": {"uv": [45, 14], "uv_size": [6.5, 0.5]},
								"up": {"uv": [32, 45], "uv_size": [0.5, 6.5]},
								"down": {"uv": [33, 51.5], "uv_size": [0.5, -6.5]}
							}
						}
					]
				},
				{
					"name": "trigger",
					"parent": "mp5",
					"pivot": [0, -52.82575, 106.991],
					"cubes": [
						{
							"origin": [-0.168, -3.52185, 2.16475],
							"size": [0.294, 0.21, 0.84],
							"pivot": [0.378, -3.43785, 1.24075],
							"rotation": [90, 0, 0],
							"uv": {
								"north": {"uv": [57, 11], "uv_size": [0.5, 0.5]},
								"east": {"uv": [53, 50], "uv_size": [1, 0.5]},
								"south": {"uv": [12, 57], "uv_size": [0.5, 0.5]},
								"west": {"uv": [51, 53], "uv_size": [1, 0.5]},
								"up": {"uv": [53, 51], "uv_size": [0.5, 1]},
								"down": {"uv": [52, 54], "uv_size": [0.5, -1]}
							}
						},
						{
							"origin": [-0.168, -3.53394, 1.10952],
							"size": [0.294, 0.21, 0.84],
							"pivot": [0.378, -3.44994, 0.94152],
							"rotation": [72.5, 0, 0],
							"uv": {
								"north": {"uv": [57, 12], "uv_size": [0.5, 0.5]},
								"east": {"uv": [53, 52], "uv_size": [1, 0.5]},
								"south": {"uv": [13, 57], "uv_size": [0.5, 0.5]},
								"west": {"uv": [53, 53], "uv_size": [1, 0.5]},
								"up": {"uv": [0, 54], "uv_size": [0.5, 1]},
								"down": {"uv": [54, 1], "uv_size": [0.5, -1]}
							}
						}
					]
				},
				{
					"name": "magazine",
					"parent": "mp5",
					"pivot": [0, -4.96689, -4.59467],
					"cubes": [
						{
							"origin": [-0.588, -2.10415, 1.19471],
							"size": [1.176, 3.78, 1.47],
							"pivot": [0, 19.93979, -8.21329],
							"rotation": [-15, 0, 0],
							"uv": {
								"north": {"uv": [43, 43], "uv_size": [1, 4]},
								"east": {"uv": [12, 35], "uv_size": [1.5, 4]},
								"south": {"uv": [19, 44], "uv_size": [1, 4]},
								"west": {"uv": [0, 36], "uv_size": [1.5, 4]},
								"up": {"uv": [50, 27], "uv_size": [1, 1.5]},
								"down": {"uv": [28, 51.5], "uv_size": [1, -1.5]}
							}
						},
						{
							"origin": [-0.588, -4.22904, 2.20054],
							"size": [1.176, 2.1, 1.47],
							"pivot": [0, 16.9329, -5.65346],
							"rotation": [-20, 0, 0],
							"uv": {
								"north": {"uv": [10, 49], "uv_size": [1, 2]},
								"east": {"uv": [47, 35], "uv_size": [1.5, 2]},
								"south": {"uv": [24, 49], "uv_size": [1, 2]},
								"west": {"uv": [47, 37], "uv_size": [1.5, 2]},
								"up": {"uv": [29, 50], "uv_size": [1, 1.5]},
								"down": {"uv": [50, 30.5], "uv_size": [1, -1.5]}
							}
						},
						{
							"origin": [-0.588, -6.13363, 5.18057],
							"size": [1.176, 2.1, 1.47],
							"pivot": [0, 15.02831, -2.67343],
							"rotation": [-30, 0, 0],
							"uv": {
								"north": {"uv": [49, 24], "uv_size": [1, 2]},
								"east": {"uv": [47, 39], "uv_size": [1.5, 2]},
								"south": {"uv": [25, 49], "uv_size": [1, 2]},
								"west": {"uv": [47, 41], "uv_size": [1.5, 2]},
								"up": {"uv": [30, 50], "uv_size": [1, 1.5]},
								"down": {"uv": [31, 51.5], "uv_size": [1, -1.5]}
							}
						},
						{
							"origin": [-0.63, -4.87363, 5.13857],
							"size": [1.26, 0.84, 1.512],
							"pivot": [0, 15.02831, -2.67343],
							"rotation": [-30, 0, 0],
							"uv": {
								"north": {"uv": [50, 31], "uv_size": [1.5, 1]},
								"east": {"uv": [34, 50], "uv_size": [1.5, 1]},
								"south": {"uv": [50, 35], "uv_size": [1.5, 1]},
								"west": {"uv": [50, 36], "uv_size": [1.5, 1]},
								"up": {"uv": [41, 48], "uv_size": [1.5, 1.5]},
								"down": {"uv": [45, 49.5], "uv_size": [1.5, -1.5]}
							}
						}
					]
				},
				{
					"name": "magazine2",
					"parent": "mp5",
					"pivot": [0, -4.96689, 18.59283],
					"cubes": [
						{
							"origin": [-0.588, -2.10415, 24.38221],
							"size": [1.176, 3.78, 1.47],
							"pivot": [0, 19.93979, 14.97421],
							"rotation": [-15, 0, 0],
							"uv": {
								"north": {"uv": [43, 43], "uv_size": [1, 4]},
								"east": {"uv": [43, 43], "uv_size": [1, 4]},
								"south": {"uv": [43, 43], "uv_size": [1, 4]},
								"west": {"uv": [43, 43], "uv_size": [1, 4]},
								"up": {"uv": [31, 51.5], "uv_size": [1, -1.5]},
								"down": {"uv": [51.1, 31.5], "uv_size": [0.8, -1.4]}
							}
						},
						{
							"origin": [-0.588, -4.22904, 25.38804],
							"size": [1.176, 2.1, 1.47],
							"pivot": [0, 16.9329, 17.53404],
							"rotation": [-20, 0, 0],
							"uv": {
								"north": {"uv": [10, 49], "uv_size": [1, 2]},
								"east": {"uv": [47, 35], "uv_size": [1.5, 2]},
								"south": {"uv": [10, 49], "uv_size": [1, 2]},
								"west": {"uv": [47, 35], "uv_size": [1.5, 2]},
								"up": {"uv": [32.1, 51.1], "uv_size": [0.8, 1.4]},
								"down": {"uv": [51.1, 33.5], "uv_size": [0.8, -1.4]}
							}
						},
						{
							"origin": [-0.588, -6.13363, 28.36807],
							"size": [1.176, 2.1, 1.47],
							"pivot": [0, 15.02831, 20.51407],
							"rotation": [-30, 0, 0],
							"uv": {
								"north": {"uv": [49, 24], "uv_size": [1, 2]},
								"east": {"uv": [47, 39], "uv_size": [1.5, 2]},
								"south": {"uv": [49, 24], "uv_size": [1, 2]},
								"west": {"uv": [47, 39], "uv_size": [1.5, 2]},
								"up": {"uv": [51.1, 34.1], "uv_size": [0.8, 1.4]},
								"down": {"uv": [31, 51.5], "uv_size": [1, -1.5]}
							}
						},
						{
							"origin": [-0.63, -4.87363, 28.32607],
							"size": [1.26, 0.84, 1.512],
							"pivot": [0, 15.02831, 20.51407],
							"rotation": [-30, 0, 0],
							"uv": {
								"north": {"uv": [50, 31], "uv_size": [1.5, 1]},
								"east": {"uv": [34, 50], "uv_size": [1.5, 1]},
								"south": {"uv": [51.1, 39.1], "uv_size": [1.4, 0.8]},
								"west": {"uv": [34, 50], "uv_size": [1.5, 1]},
								"up": {"uv": [49.1, 41.1], "uv_size": [1.4, 1.4]},
								"down": {"uv": [43.1, 50.5], "uv_size": [1.4, -1.4]}
							}
						}
					]
				},
				{
					"name": "bolt",
					"parent": "mp5",
					"pivot": [0, 2.36, -9.009],
					"cubes": [
						{
							"origin": [0.27974, 2.24503, -9.5155],
							"size": [0.21, 0.42, 3.108],
							"uv": {
								"north": {"uv": [57, 13], "uv_size": [0.5, 0.5]},
								"east": {"uv": [50, 38], "uv_size": [3, 0.5]},
								"south": {"uv": [14, 57], "uv_size": [0.5, 0.5]},
								"west": {"uv": [50, 39], "uv_size": [3, 0.5]},
								"up": {"uv": [38, 50], "uv_size": [0.5, 3]},
								"down": {"uv": [41, 53], "uv_size": [0.5, -3]}
							}
						},
						{
							"origin": [0.78374, 2.33625, -9.2655],
							"size": [0.84, 0.1475, 0.38],
							"pivot": [0.40574, 0.35503, -15.4375],
							"rotation": [0, 0, -10],
							"uv": {
								"north": {"uv": [1, 54], "uv_size": [1, 0.5]},
								"east": {"uv": [57, 14], "uv_size": [0.5, 0.5]},
								"south": {"uv": [54, 1], "uv_size": [1, 0.5]},
								"west": {"uv": [15, 57], "uv_size": [0.5, 0.5]},
								"up": {"uv": [2, 54], "uv_size": [1, 0.5]},
								"down": {"uv": [54, 2.5], "uv_size": [1, -0.5]}
							}
						},
						{
							"origin": [1.03574, 2.305, -9.162],
							"size": [0.95325, 0.21, 0.3605],
							"pivot": [0.40574, 0.35503, -15.4375],
							"rotation": [0, 0, -10],
							"uv": {
								"north": {"uv": [3, 54], "uv_size": [1, 0.5]},
								"east": {"uv": [57, 15], "uv_size": [0.5, 0.5]},
								"south": {"uv": [54, 3], "uv_size": [1, 0.5]},
								"west": {"uv": [16, 57], "uv_size": [0.5, 0.5]},
								"up": {"uv": [4, 54], "uv_size": [1, 0.5]},
								"down": {"uv": [54, 4.5], "uv_size": [1, -0.5]}
							}
						},
						{
							"origin": [0.66185, 2.46866, -9.38075],
							"size": [0.672, 0.21, 0.3605],
							"pivot": [1.1541, 2.57366, -8.98175],
							"rotation": [0, -7.5, -10],
							"uv": {
								"north": {"uv": [57, 16], "uv_size": [0.5, 0.5]},
								"east": {"uv": [17, 57], "uv_size": [0.5, 0.5]},
								"south": {"uv": [57, 17], "uv_size": [0.5, 0.5]},
								"west": {"uv": [18, 57], "uv_size": [0.5, 0.5]},
								"up": {"uv": [57, 18], "uv_size": [0.5, 0.5]},
								"down": {"uv": [19, 57.5], "uv_size": [0.5, -0.5]}
							}
						},
						{
							"origin": [1.03403, 2.53428, -9.13666],
							"size": [0.297, 0.21, 0.3605],
							"pivot": [1.52628, 2.63928, -8.73766],
							"rotation": [0, -37.5, -10],
							"uv": {
								"north": {"uv": [57, 19], "uv_size": [0.5, 0.5]},
								"east": {"uv": [20, 57], "uv_size": [0.5, 0.5]},
								"south": {"uv": [57, 20], "uv_size": [0.5, 0.5]},
								"west": {"uv": [21, 57], "uv_size": [0.5, 0.5]},
								"up": {"uv": [57, 21], "uv_size": [0.5, 0.5]},
								"down": {"uv": [22, 57.5], "uv_size": [0.5, -0.5]}
							}
						},
						{
							"origin": [-0.70037, 4.53916, -7.0375],
							"size": [0.42, 0.21, 0.63],
							"pivot": [-2.75837, 2.64916, -14.2195],
							"rotation": [0, 0, 40],
							"uv": {
								"north": {"uv": [57, 22], "uv_size": [0.5, 0.5]},
								"east": {"uv": [23, 57], "uv_size": [0.5, 0.5]},
								"south": {"uv": [57, 23], "uv_size": [0.5, 0.5]},
								"west": {"uv": [24, 57], "uv_size": [0.5, 0.5]},
								"up": {"uv": [57, 24], "uv_size": [0.5, 0.5]},
								"down": {"uv": [25, 57.5], "uv_size": [0.5, -0.5]}
							}
						}
					]
				},
				{
					"name": "rightArm",
					"parent": "body",
					"pivot": [-5, 22, 0]
				},
				{
					"name": "rightSleeve",
					"parent": "rightArm",
					"pivot": [-5, 22, 0]
				},
				{
					"name": "rightItem",
					"parent": "rightArm",
					"pivot": [-6, 15, 1],
					"locators": {
						"lead_hold": [-6, 15, 1]
					}
				},
				{
					"name": "jacket",
					"parent": "body",
					"pivot": [0, 24, 0]
				},
				{
					"name": "leftLeg",
					"parent": "root",
					"pivot": [1.9, 12, 0]
				},
				{
					"name": "leftPants",
					"parent": "leftLeg",
					"pivot": [1.9, 12, 0]
				},
				{
					"name": "rightLeg",
					"parent": "root",
					"pivot": [-1.9, 12, 0]
				},
				{
					"name": "rightPants",
					"parent": "rightLeg",
					"pivot": [-1.9, 12, 0]
				}
			]
		}
	]
}
