{
	"format_version": "1.10.0",
	"geometry.ammobox": {
		"texturewidth": 64,
		"textureheight": 64,
		"visible_bounds_width": 2,
		"visible_bounds_height": 2.5,
		"visible_bounds_offset": [0, 0.75, 0],
		"bones": [
			{
				"name": "bone",
				"pivot": [0, 0, 0],
				"cubes": [
					{"origin": [-2, 0, -6], "size": [5, 9, 12], "uv": [0, 0]},
					{"origin": [-2.4, 9, -6.4], "size": [5.9, 1, 12.8], "uv": [0, 22]},
					{"origin": [0, 9.25, -2], "size": [1, 1, 4], "uv": [0, 0]},
					{"origin": [0, 9.25, -5], "size": [1, 1, 2], "uv": [30, 29]},
					{"origin": [0, 9.25, 3], "size": [1, 1, 2], "uv": [5, 29]},
					{"origin": [-1, 8.25, -6.5], "size": [3, 2, 1], "uv": [29, 8]},
					{"origin": [-1, 8.25, 5.5], "size": [3, 2, 1], "uv": [23, 27]}
				]
			},
			{
				"name": "bone2",
				"parent": "bone",
				"pivot": [0, -8, 0],
				"rotation": [-2.5, 0, 0],
				"cubes": [
					{"origin": [-1, 1.25, 5.8], "size": [3, 8, 0], "uv": [23, 0]},
					{"origin": [-1, 7, 5], "size": [3, 1, 1], "uv": [30, 3]},
					{"origin": [-1, 3, 5], "size": [3, 3, 1], "uv": [23, 22]}
				]
			},
			{
				"name": "bone3",
				"parent": "bone",
				"pivot": [0, 0, -14],
				"rotation": [2.5, 0, 0],
				"cubes": [
					{"origin": [-1, 0.25, -6.2], "size": [3, 8, 0], "uv": [0, 22]},
					{"origin": [-1, 6.5, -6.25], "size": [3, 1, 1], "uv": [30, 0]},
					{"origin": [-1, 2.5, -6.25], "size": [3, 3, 1], "uv": [0, 6]}
				]
			}
		]
	}
}