{
	"format_version": "1.8.0",
	"animations": {
		"animation.mp5_tpp_draw": {
			"loop": "hold_on_last_frame",
			"animation_length": 0.35,
			"anim_time_update": "query.anim_time + query.delta_time * 0.6",
			"bones": {
				"mp5": {
					"rotation": {
						"0.0": [0, -45, 0],
						"0.0167": [102, -45, 0],
						"0.0333": [100.98, -45, 0],
						"0.05": [88.14, -45, 0],
						"0.0833": [65.36, -45, 0],
						"0.1": [38.69, -45, 0],
						"0.1333": [14.22, -45, 0],
						"0.15": [-2, -45, 0],
						"0.1667": [-5.33, -45, 0],
						"0.1833": [-3.5, -45, 0],
						"0.2": [0, -45, 0],
						"0.2167": [2.97, -45, 0],
						"0.2333": [3.5, -45, 0],
						"0.25": [2, -45, 0],
						"0.2667": [0.91, -45, 0],
						"0.3": [0, -45, 0],
						"0.3333": [-0.12, -45, 0],
						"0.35": [0, -45, 0]
					},
					"position": {
						"0.0": [-0.03, 22.63, -7.28],
						"0.0167": [-3.43, 14.63, -2.28],
						"0.0333": [-3.37, 14.7, -2.34],
						"0.05": [-2.82, 15.69, -3.04],
						"0.0833": [-1.9, 17.44, -4.25],
						"0.1": [-0.83, 19.49, -5.66],
						"0.1333": [0.13, 21.38, -6.94],
						"0.15": [0.77, 22.63, -7.78],
						"0.1667": [0.8, 22.83, -7.81],
						"0.1833": [0.59, 22.78, -7.68],
						"0.2": [-0.03, 22.63, -7.28],
						"0.2167": [-0.2, 22.54, -7.19],
						"0.25": [-0.03, 22.63, -7.28],
						"0.2667": [-0.02, 22.63, -7.29],
						"0.3": [-0.03, 22.63, -7.28],
						"0.3333": [-0.03, 22.63, -7.28],
						"0.35": [-0.03, 22.63, -7.28]
					},
					"scale": 0.8
				},
				"magazine2": {
					"rotation": [0, 0, 0],
					"position": [4.47, 18.22, -18.94],
					"scale": 0
				},
				"body": {
					"rotation": {
						"0.0": [0, 32.5, 0],
						"0.0167": [8, 32.5, 0],
						"0.0333": [7.2, 32.5, 0],
						"0.05": [4.8, 32.5, 0],
						"0.0833": [2.4, 32.5, 0],
						"0.1": [0, 32.5, 0],
						"0.1333": [-0.75, 32.5, 0],
						"0.15": [-0.5, 32.5, 0],
						"0.1667": [0, 32.5, 0]
					},
					"position": {
						"0.0": [0, 0, 0],
						"0.0167": [-0.8, 0, -1.3],
						"0.0333": [-0.72, 0, -1.17],
						"0.05": [-0.48, 0, -0.78],
						"0.0833": [-0.24, 0, -0.39],
						"0.1": [0, 0, 0],
						"0.1333": [0.15, 0, 0.08],
						"0.15": [0.1, 0, 0.05],
						"0.1667": [0, 0, 0]
					}
				},
				"leftArm": {
					"rotation": {
						"0.0": [-90.8, -0.74, -47.35],
						"0.0167": [35.03, 16.7, -7.48],
						"0.0333": [35.21, 15.73, -9.69],
						"0.05": [19.96, 12.82, -16.34],
						"0.0833": [-3.12, 9.91, -22.99],
						"0.1": [-26.21, 7.01, -29.63],
						"0.1333": [-49.29, 4.1, -36.27],
						"0.15": [-72.38, 1.2, -42.91],
						"0.1667": [-87.8, -0.74, -47.35],
						"0.1833": [-87.9, -0.54, -47.35],
						"0.2": [-90.2, 0.06, -47.36],
						"0.2167": [-89.5, 0.66, -47.37],
						"0.25": [-88.8, 1.26, -47.38],
						"0.2667": [-89.8, 0.26, -47.36],
						"0.3": [-90.8, -0.74, -47.35],
						"0.3333": [-90.8, -0.74, -47.35],
						"0.35": [-90.8, -0.74, -47.35]
					},
					"position": {
						"0.0": [0, -2.28, -1.66],
						"0.0167": [0, -0.18, -0.26],
						"0.0333": [0.01, -0.25, -0.39],
						"0.05": [0.04, -0.47, -0.77],
						"0.0833": [0.08, -0.69, -1.15],
						"0.1": [0.11, -0.9, -1.54],
						"0.1333": [0.14, -1.12, -1.92],
						"0.15": [0.18, -1.34, -2.3],
						"0.1667": [0.2, -1.48, -2.56],
						"0.1833": [0.18, -1.56, -2.27],
						"0.2": [-0.03, -1.8, -1.55],
						"0.2167": [-0.17, -1.99, -1.15],
						"0.2333": [-0.11, -2.02, -1.19],
						"0.25": [0, -2.08, -1.46],
						"0.2667": [0, -2.18, -1.56],
						"0.3": [0, -2.28, -1.66],
						"0.3333": [0, -2.28, -1.66],
						"0.35": [0, -2.28, -1.66]
					}
				},
				"rightArm": {
					"rotation": {
						"0.0": [-134.06, -37.55, 80.72],
						"0.0167": [-178.43, -48.06, 182.84],
						"0.0333": [-175.86, -47.32, 177.01],
						"0.05": [-168.13, -45.08, 159.42],
						"0.0833": [-160.41, -42.84, 141.84],
						"0.1": [-152.68, -40.6, 124.25],
						"0.1333": [-144.95, -38.36, 106.67],
						"0.15": [-137.23, -36.12, 89.08],
						"0.1667": [-132.07, -34.63, 77.34],
						"0.1833": [-132.4, -35.11, 77.9],
						"0.2": [-133.39, -36.57, 79.59],
						"0.2167": [-134.06, -37.55, 80.72],
						"0.25": [-134.06, -37.55, 80.72],
						"0.2667": [-134.06, -37.55, 80.72],
						"0.3": [-134.06, -37.55, 80.72],
						"0.3333": [-134.06, -37.55, 80.72],
						"0.35": [-134.06, -37.55, 80.72]
					},
					"position": {
						"0.0": [-1.5, -1.34, 0],
						"0.0167": [-1.2, 0.96, -0.2],
						"0.0333": [-1.18, 0.81, -0.28],
						"0.05": [-1.11, 0.36, -0.51],
						"0.0833": [-1.04, -0.09, -0.74],
						"0.1": [-0.98, -0.54, -0.98],
						"0.1333": [-0.91, -0.99, -1.21],
						"0.15": [-0.84, -1.44, -1.44],
						"0.1667": [-0.8, -1.74, -1.6],
						"0.1833": [-0.92, -1.68, -1.33],
						"0.2": [-1.27, -1.48, -0.53],
						"0.2167": [-1.5, -1.34, 0],
						"0.25": [-1.5, -1.34, 0],
						"0.2667": [-1.5, -1.34, 0],
						"0.3": [-1.5, -1.34, 0],
						"0.3333": [-1.5, -1.34, 0],
						"0.35": [-1.5, -1.34, 0]
					},
					"scale": [1, 0.6938, 1]
				},
				"leftLeg": {
					"rotation": [0.33, -7.49, -2.52],
					"position": [0.44, 0, 0]
				},
				"rightLeg": {
					"rotation": [0.33, 7.49, 2.52],
					"position": [-0.25, 0, -0.19]
				},
				"head": {
					"rotation": {
						"0.0": [0, 0, 0],
						"0.0167": [12.5, 0, 0],
						"0.0333": [11.46, 0, 0],
						"0.05": [8.34, 0, 0],
						"0.0833": [5.21, 0, 0],
						"0.1": [2.09, 0, 0],
						"0.1167": [0, 0, 0]
					}
				}
			}
		},
		"animation.mp5_tpp_hold": {
			"loop": true,
			"bones": {
				"mp5": {
					"rotation": [0, -45, 0],
					"position": [-0.03125, 22.625, -7.28125],
					"scale": 0.8
				},
				"magazine2": {
					"rotation": [0, 0, 0],
					"position": [4.46875, 18.21875, -18.9375],
					"scale": 0
				},
				"body": {
					"rotation": [0, 32.5, 0]
				},
				"leftArm": {
					"rotation": [-90.80003, -0.74311, -47.34747],
					"position": [0, -2.28125, -1.65625]
				},
				"rightArm": {
					"rotation": [-134.05795, -37.5513, 80.71674],
					"position": [-1.5, -1.34375, 0],
					"scale": [1, 0.69375, 1]
				},
				"leftLeg": {
					"rotation": [0.32902, -7.49282, -2.52154],
					"position": [0.4375, 0, 0]
				},
				"rightLeg": {
					"rotation": [0.32902, 7.49282, 2.52154],
					"position": [-0.25, 0, -0.1875]
				}
			}
		},
		"animation.mp5_tpp_reload": {
			"loop": "hold_on_last_frame",
			"animation_length": 1.7,
			"anim_time_update": "query.anim_time + query.delta_time * 0.5",
			"bones": {
				"mp5": {
					"rotation": {
						"0.0": [0, -45, 0],
						"0.0333": [0.45, -44.99, -0.57],
						"0.05": [1.12, -44.98, -1.41],
						"0.0833": [1.73, -44.97, -2.25],
						"0.1": [2, -44.97, -2.83],
						"0.1333": [0.49, -44.96, -3.04],
						"0.15": [-0.5, -44.98, -0.71],
						"0.1667": [-2, -44.99, 1.41],
						"0.1833": [-2.88, -44.86, 2.66],
						"0.2": [-3.67, -44.26, 3.76],
						"0.2167": [-2.73, -43.69, 2.37],
						"0.25": [-1.4, -43.38, 0.42],
						"0.2667": [2.5, -42.55, -5.36],
						"0.3": [6.36, -41.66, -11.12],
						"0.3333": [11.18, -40.56, -18.32],
						"0.35": [16.15, -39.45, -25.74],
						"0.3833": [20.47, -38.55, -32.16],
						"0.4": [23.33, -38.06, -36.34],
						"0.4333": [24.45, -38.19, -37.81],
						"0.45": [24.05, -38.81, -36.92],
						"0.4833": [22.91, -39.63, -34.92],
						"0.5": [21.76, -40.36, -33.01],
						"0.5167": [21.36, -40.63, -32.4],
						"0.5333": [21.18, -40.75, -32.28],
						"0.55": [20.89, -40.54, -32.84],
						"0.5667": [21.15, -40.24, -33.61],
						"0.5833": [22.52, -39.71, -35.26],
						"0.6": [25.56, -38.69, -38.2],
						"0.6333": [27.46, -38.09, -39.78],
						"0.65": [28.58, -37.77, -40.65],
						"0.6833": [27.77, -38.15, -39.74],
						"0.7": [26.19, -38.7, -38.4],
						"0.7333": [25.14, -38.76, -38.26],
						"0.75": [24.19, -38.7, -38.4],
						"0.7833": [23.19, -38.7, -38.4],
						"0.8": [19.25, -38.74, -38.3],
						"0.8167": [17.19, -38.7, -38.4],
						"0.8333": [20.7, -38.49, -38.97],
						"0.85": [26.76, -37.43, -41.71],
						"0.8667": [26.99, -36.97, -42.97],
						"0.8833": [27.17, -37.01, -42.94],
						"0.9": [27.76, -37.49, -41.99],
						"0.9167": [23.57, -38.3, -40.24],
						"0.9333": [21.94, -38.52, -39.77],
						"0.95": [14.94, -39.38, -37.97],
						"0.9833": [5.93, -40.44, -35.77],
						"1.0": [-3.62, -41.55, -33.41],
						"1.0333": [-12.22, -42.56, -31.11],
						"1.05": [-18.38, -43.32, -29.1],
						"1.0833": [-24.02, -44.97, -23.84],
						"1.1": [-20.75, -37.79, -3.44],
						"1.1167": [0.15, -41.26, -39],
						"1.1333": [-6.01, -40.8, -32.88],
						"1.15": [-8.46, -39.6, -33.23],
						"1.1667": [-3.75, -38.32, -39.57],
						"1.2": [-11.28, -35.46, -23.21],
						"1.2167": [-13.47, -35.09, -9.76],
						"1.25": [-13.15, -35.6, 0.63],
						"1.2667": [-4.16, -38.05, -4.07],
						"1.2833": [-1.47, -38.87, -5.62],
						"1.3": [0.18, -39.49, -5.31],
						"1.3167": [1.71, -40.27, -3.47],
						"1.35": [2.44, -41.02, -1.71],
						"1.3667": [2.27, -41.77, -0.83],
						"1.4": [1.45, -42.51, -0.26],
						"1.4167": [0.66, -43.54, 0.12],
						"1.45": [0, -45, 0],
						"1.4667": [0.57, -45.2, 0],
						"1.5": [1.4, -45.17, 0],
						"1.5167": [1.63, -45.14, 0],
						"1.55": [1.52, -45.13, 0],
						"1.5667": [1.31, -45.11, 0],
						"1.6": [1.02, -45.09, 0],
						"1.6167": [0.72, -45.06, 0],
						"1.65": [0.42, -45.04, 0],
						"1.6667": [0.17, -45.01, 0],
						"1.7": [0, -45, 0]
					},
					"position": {
						"0.0": [-0.03, 22.63, -7.28],
						"0.0333": [0.09, 22.62, -7.26],
						"0.05": [0.23, 22.61, -7.23],
						"0.0667": [0.27, 22.59, -7.21],
						"0.0833": [0.23, 22.56, -7.2],
						"0.1": [-0.03, 22.43, -7.18],
						"0.1333": [0.14, 22.43, -7.26],
						"0.15": [-0.03, 22.38, -7.28],
						"0.1667": [-0.23, 22.43, -7.28],
						"0.1833": [-0.24, 22.43, -7.28],
						"0.2": [-0.27, 22.43, -7.29],
						"0.2167": [-0.31, 22.43, -7.3],
						"0.25": [-0.35, 22.43, -7.32],
						"0.2667": [-0.4, 22.43, -7.33],
						"0.3": [-0.44, 22.43, -7.35],
						"0.3333": [-0.47, 22.43, -7.36],
						"0.35": [-0.5, 22.43, -7.37],
						"0.3833": [-0.52, 22.43, -7.38],
						"0.4": [-0.53, 22.43, -7.38],
						"0.4333": [-0.5, 22.43, -7.37],
						"0.45": [-0.43, 22.44, -7.35],
						"0.4833": [-0.34, 22.44, -7.32],
						"0.5": [-0.26, 22.44, -7.29],
						"0.5167": [-0.23, 22.43, -7.28],
						"0.5333": [-0.22, 22.42, -7.27],
						"0.55": [-0.27, 22.37, -7.28],
						"0.5667": [-0.23, 22.33, -7.28],
						"0.5833": [0.13, 22.26, -7.28],
						"0.6": [0.48, 22.28, -7.28],
						"0.6333": [0.38, 22.41, -7.27],
						"0.65": [0.27, 22.53, -7.28],
						"0.6833": [0.21, 22.61, -7.32],
						"0.7": [0.17, 22.63, -7.38],
						"0.7333": [0.15, 22.6, -7.49],
						"0.75": [0.17, 22.53, -7.58],
						"0.7833": [0.29, 22.37, -7.59],
						"0.8": [0.42, 22.03, -7.58],
						"0.8167": [0.47, 21.83, -7.58],
						"0.8333": [0.45, 21.83, -7.59],
						"0.85": [0.33, 21.94, -7.64],
						"0.8667": [0.27, 22.03, -7.68],
						"0.8833": [0.26, 22.07, -7.71],
						"0.9": [0.26, 22.18, -7.82],
						"0.9167": [0.27, 22.23, -7.88],
						"0.9333": [0.27, 22.23, -7.88],
						"0.95": [0.27, 22.23, -7.89],
						"0.9833": [0.27, 22.21, -7.89],
						"1.0": [0.27, 22.19, -7.89],
						"1.0333": [0.27, 22.18, -7.89],
						"1.05": [0.27, 22.18, -7.88],
						"1.0833": [0.27, 22.21, -7.88],
						"1.1": [0.27, 23.03, -7.88],
						"1.1333": [0.27, 23.07, -7.87],
						"1.15": [0.27, 23.04, -7.86],
						"1.1667": [0.27, 22.98, -7.86],
						"1.2": [0.27, 22.93, -7.88],
						"1.2167": [0.29, 22.9, -7.97],
						"1.25": [0.32, 22.86, -8.09],
						"1.2667": [0.33, 22.81, -8.19],
						"1.2833": [0.33, 22.79, -8.21],
						"1.3": [0.31, 22.72, -8.24],
						"1.3167": [0.26, 22.58, -8.24],
						"1.35": [0.12, 22.49, -8.11],
						"1.3667": [-0.26, 22.51, -7.7],
						"1.4": [-0.7, 22.59, -7.19],
						"1.4167": [-0.74, 22.63, -6.96],
						"1.45": [-0.03, 22.63, -7.28],
						"1.4667": [0.09, 22.63, -7.39],
						"1.5": [0.13, 22.63, -7.48],
						"1.5167": [0.13, 22.63, -7.5],
						"1.55": [0.12, 22.63, -7.48],
						"1.5667": [0.1, 22.63, -7.46],
						"1.6": [0.07, 22.63, -7.42],
						"1.6167": [0.04, 22.63, -7.38],
						"1.65": [0.01, 22.63, -7.34],
						"1.6667": [-0.01, 22.63, -7.3],
						"1.7": [-0.03, 22.63, -7.28]
					},
					"scale": 0.8
				},
				"magazine2": {
					"rotation": {
						"0.0": [0, 0, 0],
						"0.0333": [0, 0, 0],
						"0.05": [0, 0, 0],
						"0.0833": [0, 0, 0],
						"0.1": [0, 0, 0],
						"0.1333": [0, 0, 0],
						"0.15": [0, 0, 0],
						"0.1833": [0, 0, 0],
						"0.2": [0, 0, 0],
						"0.2167": [0, 0, 0],
						"0.25": [0, 0, 0],
						"0.2667": [0, 0, 0],
						"0.3": [0, 0, 0],
						"0.3333": [0, 0, 0],
						"0.35": [0, 0, 0],
						"0.3833": [0, 0, 0],
						"0.4": [83, 0, 0],
						"0.4333": [70.55, 0, 0],
						"0.45": [58.1, 0, 0],
						"0.4833": [45.65, 0, 0],
						"0.5": [33.2, 0, 0],
						"0.5333": [20.75, 0, 0],
						"0.55": [8.3, 0, 0],
						"0.5667": [0, 0, 0],
						"0.5833": [-4.62, 0.14, -1.35],
						"0.6": [5.93, 0.94, -8.95],
						"0.6333": [6.1, 1.75, -17.19],
						"0.65": [5.49, 2.64, -26.15],
						"0.6667": [5.25, 2.9, -28.87],
						"0.6833": [5.26, 2.89, -28.69],
						"0.7": [5.42, 2.51, -24.74],
						"0.7333": [5.66, 1.88, -18.33],
						"0.75": [5.85, 1.35, -12.93],
						"0.7833": [6.27, 0.79, -7.46],
						"0.8": [5.99, 0.42, -3.98],
						"0.8333": [2, 0.4, -3.77],
						"0.85": [0.63, 0.42, -3.98],
						"0.8833": [0.77, 0.42, -3.98],
						"0.9": [0.99, 0.42, -3.98],
						"0.9333": [0.99, 0.42, -3.98],
						"0.95": [0.99, 0.42, -3.98],
						"0.9833": [0.99, 0.42, -3.98],
						"1.0": [0.99, 0.42, -3.98],
						"1.0333": [0.99, 0.42, -3.98],
						"1.05": [0.99, 0.42, -3.98],
						"1.0667": [0.99, 0.42, -3.98],
						"1.0833": [0.99, 0.42, -3.98]
					},
					"position": {
						"0.0": [7.5, -0.2, -12.4],
						"0.0333": [7.5, -0.2, -12.4],
						"0.05": [7.5, -0.2, -12.4],
						"0.0833": [7.5, -0.2, -12.4],
						"0.1": [7.5, -0.2, -12.4],
						"0.1333": [7.5, -0.2, -12.4],
						"0.15": [7.5, -0.2, -12.4],
						"0.1833": [7.5, -0.2, -12.4],
						"0.2": [7.5, -0.2, -12.4],
						"0.2167": [7.5, -0.2, -12.4],
						"0.25": [7.5, -0.2, -12.4],
						"0.2667": [7.5, -0.2, -12.4],
						"0.3": [7.5, -0.2, -12.4],
						"0.3333": [7.5, -0.2, -12.4],
						"0.35": [7.5, -0.2, -12.4],
						"0.3667": [3.45, -9.91, -11.33],
						"0.3833": [3.45, -9.91, -11.33],
						"0.4": [3.74, -10.21, -17.98],
						"0.4333": [3.15, -8.09, -19.21],
						"0.45": [2.57, -5.96, -20.43],
						"0.4833": [1.98, -3.84, -21.66],
						"0.5": [1.39, -1.72, -22.88],
						"0.5167": [1, -0.3, -23.7],
						"0.5333": [1, -0.3, -23.7],
						"0.55": [1, -0.3, -23.7],
						"0.5667": [1, -0.3, -23.7],
						"0.5833": [0.97, -0.61, -23.5],
						"0.6": [1, -2, -22.7],
						"0.6333": [1.53, -2.61, -22.6],
						"0.65": [2.19, -3.19, -22.64],
						"0.6667": [2.4, -3.5, -22.7],
						"0.6833": [2.4, -3.62, -22.73],
						"0.7": [2.17, -3.97, -22.9],
						"0.7333": [1.78, -4.22, -23.09],
						"0.75": [1.4, -4.2, -23.2],
						"0.7833": [0.84, -3.32, -23.14],
						"0.8": [0.4, -2.1, -23],
						"0.8333": [0.38, -0.45, -22.92],
						"0.85": [0.4, -0.2, -22.9],
						"0.8667": [0.4, -0.1, -22.9],
						"0.8833": [0.4, -0.09, -22.9],
						"0.9": [0.4, -0.1, -22.9],
						"0.9333": [0.4, -0.1, -22.9],
						"0.95": [0.4, -0.1, -22.9],
						"0.9833": [0.4, -0.1, -22.9],
						"1.0": [0.4, -0.1, -22.9],
						"1.0333": [0.4, -0.1, -22.9],
						"1.05": [0.4, -0.1, -22.9],
						"1.0667": [0.4, -0.1, -22.9],
						"1.0833": [0.4, -0.1, -22.9]
					},
					"scale": {
						"1.0667": [1, 1, 1],
						"1.0833": [0, -0.1, 0.1]
					}
				},
				"body": {
					"rotation": [0, 32.5, 0]
				},
				"leftArm": {
					"rotation": {
						"0.0": [-90.8, -0.74, -47.35],
						"0.0333": [-97.04, -10.57, -43.86],
						"0.05": [-105.58, -23.39, -39.31],
						"0.0667": [-110.49, -29.16, -37.27],
						"0.0833": [-113.16, -30.8, -36.68],
						"0.1": [-120.14, -30.21, -36.89],
						"0.1167": [-123.49, -29.16, -37.27],
						"0.1333": [-124.95, -29.23, -37.2],
						"0.15": [-126.49, -29.16, -37.27],
						"0.1833": [-128.72, -26.82, -39.47],
						"0.2": [-131.23, -26.05, -38.28],
						"0.2167": [-123.3, -23.71, -45.89],
						"0.25": [-97.51, -20.83, -65.95],
						"0.2667": [-95.63, -4.22, -91.25],
						"0.3": [-108.43, 19.4, -108.75],
						"0.3333": [-128.61, 47.9, -129.14],
						"0.35": [-155.19, 72.87, -154.73],
						"0.3667": [-175.98, 83.41, -175.83],
						"0.3833": [-265.89, 79.26, -268.76],
						"0.4": [-370.82, 69.88, -374.47],
						"0.4333": [-393.34, 62.03, -393.64],
						"0.45": [-418.85, 52.5, -416.32],
						"0.4667": [-436.86, 45.58, -432.6],
						"0.4833": [-441.94, 40.73, -441.23],
						"0.5": [-457.2, 26.19, -467.1],
						"0.5167": [-467.38, 16.5, -484.34],
						"0.5333": [-467.73, 15.67, -485.26],
						"0.55": [-468.92, 14.59, -488.51],
						"0.5667": [-469.75, 14.35, -490.84],
						"0.5833": [-468.76, 18.86, -488.49],
						"0.6": [-468.57, 26.21, -489.07],
						"0.6333": [-469.77, 30.45, -493.47],
						"0.65": [-471.54, 34.01, -497.51],
						"0.6833": [-473.59, 37.22, -501.38],
						"0.7": [-473.63, 38.9, -499.82],
						"0.7167": [-472.99, 39.52, -496.96],
						"0.7333": [-472.59, 38.78, -496.31],
						"0.75": [-471.37, 36.54, -494.35],
						"0.7833": [-470.16, 34.3, -492.39],
						"0.8": [-467.34, 28.2, -489.12],
						"0.8167": [-464.93, 22.85, -486.5],
						"0.8333": [-469.75, 17.2, -484.25],
						"0.85": [-473.25, 12.77, -481.86],
						"0.8667": [-473.19, 12.15, -481.6],
						"0.8833": [-473.23, 12.54, -481.76],
						"0.9": [-473.34, 13.68, -482.27],
						"0.9333": [-442.73, 26.28, -477.87],
						"0.95": [-429.54, 14.43, -476.88],
						"0.9833": [-425.06, -9.64, -477.59],
						"1.0": [-424.58, -33.71, -478.3],
						"1.0333": [-471.11, -57.79, -479.02],
						"1.05": [-496.25, -69.32, -468.98],
						"1.0667": [-505.89, -72.83, -458.71],
						"1.0833": [-505.89, -72.83, -458.71],
						"1.1": [-1.31, -10.46, -42.16],
						"1.1333": [15.33, -10.05, -42.37],
						"1.15": [-1.25, -8.92, -42.98],
						"1.1667": [-15.47, -7.2, -43.9],
						"1.2": [-13.8, -4.63, -45.27],
						"1.2167": [-33.05, -3.66, -45.79],
						"1.25": [-52.3, -2.69, -46.31],
						"1.2667": [-71.55, -1.72, -46.83],
						"1.3": [-90.8, -0.74, -47.35],
						"1.3167": [-90.8, -0.74, -47.35],
						"1.35": [-90.8, -0.74, -47.35],
						"1.3667": [-90.8, -0.74, -47.35],
						"1.4": [-90.8, -0.74, -47.35],
						"1.4167": [-90.3, -2.74, -47.35],
						"1.4333": [-89.8, -4.74, -47.36],
						"1.45": [-88.82, -4.67, -47.36],
						"1.4667": [-87.86, -4.52, -47.36],
						"1.5": [-88.03, -4.21, -47.36],
						"1.5167": [-88.3, -3.81, -47.36],
						"1.55": [-88.65, -3.34, -47.36],
						"1.5667": [-89.05, -2.83, -47.35],
						"1.6": [-89.48, -2.32, -47.35],
						"1.6167": [-89.89, -1.83, -47.35],
						"1.65": [-90.27, -1.38, -47.35],
						"1.6667": [-90.58, -1.01, -47.35],
						"1.7": [-90.8, -0.74, -47.35]
					},
					"position": {
						"0.0": [0, -2.28, -1.66],
						"0.0333": [0, -2.19, -2.14],
						"0.05": [0, -2.13, -2.77],
						"0.0667": [0, -2.28, -3.06],
						"0.0833": [0, -2.53, -3.14],
						"0.1": [0, -3.74, -3.11],
						"0.1167": [0, -4.38, -3.06],
						"0.1333": [0, -4.62, -3.06],
						"0.15": [0, -4.68, -3.06],
						"0.1833": [-0.12, -3.49, -3.06],
						"0.2": [0.19, -3.29, -3.34],
						"0.2167": [0.51, -3.08, -2.92],
						"0.25": [0.54, -2.62, -2.28],
						"0.2667": [0.54, -2.02, -1.44],
						"0.3": [0.53, -1.35, -0.52],
						"0.3333": [0.52, -0.72, 0.37],
						"0.35": [0.5, -0.21, 1.1],
						"0.3667": [0.5, 0.02, 1.44],
						"0.3833": [0.5, -0.03, 1.59],
						"0.4": [0.5, -0.12, 2.01],
						"0.4333": [0.5, -0.2, 2.42],
						"0.45": [0.5, -0.27, 2.82],
						"0.4667": [0.5, -0.32, 3.09],
						"0.4833": [0.5, -0.36, 2.58],
						"0.5": [0.5, -0.49, 1.06],
						"0.5167": [0.5, -0.58, 0.04],
						"0.5333": [0.51, -0.58, 0.05],
						"0.55": [0.52, -0.59, 0.1],
						"0.5667": [0.53, -0.6, 0.13],
						"0.5833": [0.53, -0.7, 0.14],
						"0.6": [0.54, -0.8, 0.46],
						"0.6333": [0.56, -0.8, 0.93],
						"0.65": [0.92, -0.79, 1.09],
						"0.6833": [1.45, -0.78, 1.08],
						"0.7": [1.6, -0.83, 0.9],
						"0.7167": [1.59, -0.87, 0.72],
						"0.7333": [1.56, -0.86, 0.53],
						"0.75": [1.49, -0.85, -0.04],
						"0.7833": [1.41, -0.83, -0.61],
						"0.8": [1.33, -0.66, -1.03],
						"0.8167": [1.27, -0.5, -1.25],
						"0.8333": [1.24, -0.56, -1.12],
						"0.85": [0.85, -0.64, -0.63],
						"0.8833": [0.85, -0.69, -0.58],
						"0.9": [0.85, -0.74, -0.53],
						"0.9333": [0.07, -0.5, -1.45],
						"0.95": [-0.71, -0.27, -2.38],
						"0.9833": [-1.48, -0.03, -3.3],
						"1.0": [-2.26, 0.21, -4.23],
						"1.0333": [-3.04, 0.44, -5.15],
						"1.05": [-3.3, 0.52, -5.51],
						"1.0667": [-3.3, 0.52, -5.56],
						"1.0833": [-3.3, 0.52, -5.56],
						"1.1": [-1.6, -2.08, 2.64],
						"1.1333": [-1.53, -2.23, 2.92],
						"1.15": [-1.35, -2.21, 2.62],
						"1.1667": [-1.06, -2.23, 2.31],
						"1.2": [-0.64, -2.25, 2.04],
						"1.2167": [-0.51, -2.03, 0.69],
						"1.25": [-0.37, -1.82, -0.66],
						"1.2667": [-0.24, -1.6, -2.01],
						"1.3": [-0.1, -1.38, -3.36],
						"1.3167": [0.03, -1.55, -3.27],
						"1.3333": [0.03, -1.61, -3.23],
						"1.35": [-0.1, -1.72, -2.92],
						"1.3667": [-0.28, -1.9, -2.44],
						"1.4": [-0.47, -2.07, -1.97],
						"1.4167": [-0.59, -2.19, -1.66],
						"1.45": [-0.57, -2.21, -1.66],
						"1.4667": [-0.55, -2.23, -1.71],
						"1.5": [-0.5, -2.24, -1.86],
						"1.5167": [-0.46, -2.24, -1.85],
						"1.55": [-0.39, -2.25, -1.83],
						"1.5667": [-0.32, -2.25, -1.8],
						"1.6": [-0.25, -2.26, -1.77],
						"1.6167": [-0.17, -2.27, -1.74],
						"1.65": [-0.1, -2.27, -1.7],
						"1.6667": [-0.04, -2.28, -1.67],
						"1.7": [0, -2.28, -1.66]
					}
				},
				"rightArm": {
					"rotation": {
						"0.0": [-134.06, -37.55, 80.72],
						"0.0333": [-134.06, -37.55, 80.72],
						"0.05": [-134.06, -37.55, 80.72],
						"0.0833": [-134.06, -37.55, 80.72],
						"0.1": [-134.06, -37.55, 80.72],
						"0.1333": [-134.06, -37.55, 80.72],
						"0.15": [-134.06, -37.55, 80.72],
						"0.1833": [-134.06, -37.55, 80.72],
						"0.2": [-134.06, -37.55, 80.72],
						"0.2167": [-133.45, -38.13, 79.8],
						"0.25": [-131.61, -39.85, 77.05],
						"0.2667": [-129.78, -41.57, 74.3],
						"0.3": [-127.94, -43.29, 71.54],
						"0.3333": [-126.11, -45.02, 68.79],
						"0.35": [-124.5, -46.16, 66.53],
						"0.3833": [-123, -47.01, 64.51],
						"0.4": [-121.51, -47.87, 62.48],
						"0.4333": [-120.02, -48.72, 60.46],
						"0.45": [-118.52, -49.58, 58.44],
						"0.4833": [-118.52, -49.58, 58.44],
						"0.5": [-118.52, -49.58, 58.44],
						"0.5333": [-118.52, -49.58, 58.44],
						"0.55": [-118.52, -49.58, 58.44],
						"0.5833": [-118.04, -48.62, 57.77],
						"0.6": [-117.57, -47.66, 57.1],
						"0.6333": [-117.09, -46.69, 56.42],
						"0.65": [-116.61, -45.73, 55.75],
						"0.6833": [-116.13, -44.77, 55.08],
						"0.7": [-115.66, -43.81, 54.41],
						"0.7333": [-115.18, -42.85, 53.74],
						"0.75": [-114.7, -41.89, 53.07],
						"0.7833": [-114.22, -40.92, 52.39],
						"0.8": [-115.63, -43.99, 54.42],
						"0.8167": [-117.2, -47.37, 56.68],
						"0.8333": [-117.2, -47.37, 56.68],
						"0.85": [-117.2, -47.37, 56.68],
						"0.8833": [-117.2, -47.37, 56.68],
						"0.9": [-117.2, -47.37, 56.68],
						"0.9333": [-116.56, -48.7, 57.8],
						"0.95": [-115.93, -50.02, 58.92],
						"0.9833": [-115.29, -51.35, 60.04],
						"1.0": [-116.61, -50.38, 59.1],
						"1.0333": [-118.9, -48.26, 57.13],
						"1.05": [-121.19, -46.14, 55.16],
						"1.0833": [-123.48, -44.02, 53.19],
						"1.1": [-117.18, -38.9, 49.39],
						"1.1167": [-111.34, -41.99, 40.41],
						"1.1333": [-115.43, -40.3, 44.8],
						"1.15": [-115.84, -40.94, 43.43],
						"1.1667": [-114.68, -41.81, 42.09],
						"1.2": [-117.21, -41.25, 47.12],
						"1.2167": [-119.73, -40.7, 52.16],
						"1.25": [-122.26, -40.14, 57.2],
						"1.2667": [-124.79, -39.59, 62.24],
						"1.3": [-127.32, -39.03, 67.28],
						"1.3167": [-129.85, -38.48, 72.32],
						"1.35": [-132.37, -37.92, 77.36],
						"1.3667": [-134.06, -37.55, 80.72],
						"1.4": [-134.06, -37.55, 80.72],
						"1.4167": [-134.06, -37.55, 80.72],
						"1.45": [-134.06, -37.55, 80.72],
						"1.4667": [-134.48, -38.08, 81.39],
						"1.5": [-134.9, -38.62, 82.07],
						"1.5167": [-135.32, -39.15, 82.74],
						"1.5333": [-135.46, -39.33, 82.96],
						"1.55": [-135.3, -39.13, 82.71],
						"1.5667": [-135.07, -38.83, 82.34],
						"1.6": [-134.83, -38.54, 81.97],
						"1.6167": [-134.6, -38.24, 81.59],
						"1.65": [-134.37, -37.95, 81.22],
						"1.6667": [-134.14, -37.65, 80.84],
						"1.6833": [-134.06, -37.55, 80.72]
					},
					"position": {
						"0.0": [-1.5, -1.34, 0],
						"0.0333": [-1.37, -1.34, -0.14],
						"0.05": [-1.24, -1.34, -0.28],
						"0.0667": [-1.16, -1.34, -0.37],
						"0.0833": [-1.16, -1.41, -0.37],
						"0.1": [-1.16, -1.61, -0.37],
						"0.1167": [-1.16, -1.75, -0.37],
						"0.1333": [-1.24, -1.75, -0.37],
						"0.15": [-1.47, -1.75, -0.37],
						"0.1667": [-1.63, -1.75, -0.37],
						"0.1833": [-1.63, -1.75, -0.37],
						"0.2": [-1.63, -1.75, -0.37],
						"0.2167": [-1.63, -1.75, -0.37],
						"0.25": [-1.63, -1.75, -0.37],
						"0.2667": [-1.63, -1.75, -0.37],
						"0.3": [-1.63, -1.75, -0.37],
						"0.3333": [-1.63, -1.75, -0.37],
						"0.35": [-1.63, -1.75, -0.37],
						"0.3833": [-1.63, -1.75, -0.37],
						"0.4": [-1.63, -1.75, -0.37],
						"0.4333": [-1.63, -1.75, -0.37],
						"0.45": [-1.58, -1.75, -0.37],
						"0.4833": [-1.5, -1.75, -0.37],
						"0.5": [-1.43, -1.75, -0.37],
						"0.5167": [-1.38, -1.75, -0.37],
						"0.5333": [-1.38, -1.75, -0.37],
						"0.55": [-1.38, -1.75, -0.37],
						"0.5833": [-1, -1.98, -0.37],
						"0.6": [-1.04, -2.02, -0.37],
						"0.6333": [-1.27, -1.96, -0.37],
						"0.65": [-1.35, -1.88, -0.37],
						"0.6833": [-1.35, -1.8, -0.37],
						"0.7": [-1.35, -1.71, -0.37],
						"0.7333": [-1.1, -1.96, -0.37],
						"0.75": [-0.85, -2.21, -0.37],
						"0.7833": [-0.85, -2.61, -0.37],
						"0.8": [-0.79, -2.88, -0.5],
						"0.8167": [-0.72, -3.02, -0.62],
						"0.8333": [-0.77, -2.98, -0.62],
						"0.85": [-0.89, -2.85, -0.62],
						"0.8833": [-1.01, -2.71, -0.62],
						"0.9": [-1.13, -2.58, -0.62],
						"0.9333": [-0.98, -2.58, -0.79],
						"0.95": [-0.83, -2.58, -0.96],
						"0.9833": [-0.68, -2.58, -1.13],
						"1.0": [-0.63, -2.71, -1.18],
						"1.0333": [-0.63, -2.91, -1.18],
						"1.05": [-0.63, -3.1, -1.18],
						"1.0833": [-0.63, -3.3, -1.18],
						"1.1": [-0.63, -2.64, -1.18],
						"1.1333": [-0.63, -2.64, -1.18],
						"1.15": [-0.63, -2.64, -1.18],
						"1.1667": [-0.59, -2.6, -1.12],
						"1.2": [-0.56, -2.55, -1.07],
						"1.2167": [-0.52, -2.51, -1.01],
						"1.25": [-0.48, -2.46, -0.96],
						"1.2667": [-0.44, -2.42, -0.9],
						"1.3": [-0.41, -2.37, -0.84],
						"1.3167": [-0.5, -2.31, -0.68],
						"1.35": [-0.6, -2.24, -0.51],
						"1.3667": [-0.69, -2.18, -0.35],
						"1.4": [-0.78, -2.11, -0.18],
						"1.4167": [-0.88, -2.05, -0.02],
						"1.4333": [-0.91, -2.03, 0.04],
						"1.45": [-0.87, -1.95, -0.1],
						"1.4667": [-0.8, -1.83, -0.29],
						"1.5": [-0.74, -1.7, -0.49],
						"1.5167": [-0.73, -1.61, -0.59],
						"1.55": [-0.85, -1.57, -0.49],
						"1.5667": [-0.97, -1.53, -0.4],
						"1.6": [-1.1, -1.48, -0.31],
						"1.6167": [-1.22, -1.44, -0.22],
						"1.65": [-1.34, -1.4, -0.12],
						"1.6667": [-1.46, -1.36, -0.03],
						"1.6833": [-1.5, -1.34, 0]
					},
					"scale": {
						"0.0": [1, 0.6938, 1],
						"0.0333": [1, 0.6938, 1],
						"0.05": [1, 0.6938, 1],
						"0.0833": [1, 0.6938, 1],
						"0.1": [1, 0.6938, 1],
						"0.1333": [1, 0.6938, 1],
						"0.15": [1, 0.6938, 1],
						"0.1833": [1, 0.6938, 1],
						"0.2": [1, 0.6938, 1],
						"0.2167": [1, 0.6938, 1],
						"0.25": [1, 0.6938, 1],
						"0.2667": [1, 0.6938, 1],
						"0.3": [1, 0.6938, 1],
						"0.3333": [1, 0.6938, 1],
						"0.35": [1, 0.6938, 1],
						"0.3833": [1, 0.6938, 1],
						"0.4": [1, 0.6938, 1],
						"0.4333": [1, 0.6938, 1],
						"0.45": [1, 0.6938, 1],
						"0.4833": [1, 0.6938, 1],
						"0.5": [1, 0.6938, 1],
						"0.5333": [1, 0.6938, 1],
						"0.55": [1, 0.6938, 1],
						"0.5833": [1, 0.6938, 1],
						"0.6": [1, 0.6938, 1],
						"0.6333": [1, 0.6938, 1],
						"0.65": [1, 0.6938, 1],
						"0.6833": [1, 0.6938, 1],
						"0.7": [1, 0.6938, 1],
						"0.7333": [1, 0.6938, 1],
						"0.75": [1, 0.6938, 1],
						"0.7833": [1, 0.6938, 1],
						"0.8": [1, 0.6938, 1],
						"0.8333": [1, 0.6938, 1],
						"0.85": [1, 0.6938, 1],
						"0.8833": [1, 0.6938, 1],
						"0.9": [1, 0.6938, 1],
						"0.9333": [1, 0.7247, 1],
						"0.95": [1, 0.7557, 1],
						"0.9833": [1, 0.7866, 1],
						"1.0": [1, 0.7969, 1],
						"1.0333": [1, 0.7969, 1],
						"1.05": [1, 0.7969, 1],
						"1.0833": [1, 0.7969, 1],
						"1.1": [1, 0.7969, 1],
						"1.1333": [1, 0.7969, 1],
						"1.15": [1, 0.7969, 1],
						"1.1667": [1, 0.7905, 1],
						"1.2": [1, 0.7711, 1],
						"1.2167": [1, 0.7518, 1],
						"1.25": [1, 0.7324, 1],
						"1.2667": [1, 0.7131, 1],
						"1.3": [1, 0.6938, 1]
					}
				},
				"leftLeg": {
					"rotation": [0.33, -7.49, -2.52],
					"position": [0.44, 0, 0]
				},
				"rightLeg": {
					"rotation": [0.33, 7.49, 2.52],
					"position": [-0.25, 0, -0.19]
				},
				"head": {
					"rotation": {
						"0.0": [0, 0, 0],
						"0.0333": [0.79, -0.56, -0.04],
						"0.05": [1.94, -1.37, -0.09],
						"0.0833": [3.12, -2.24, -0.15],
						"0.1": [4.01, -2.99, -0.21],
						"0.1333": [4.65, -3.9, -0.29],
						"0.15": [4.91, -4.65, -0.35],
						"0.1667": [5.02, -4.99, -0.38],
						"0.1833": [5.07, -5.02, -0.39],
						"0.2": [5.08, -4.55, -0.38],
						"0.2167": [5.02, -4.57, -0.37],
						"0.2333": [5.02, -4.99, -0.38],
						"0.25": [5, -5.79, -0.39],
						"0.2667": [4.96, -7.34, -0.37],
						"0.3": [4.93, -9.55, -0.4],
						"0.3333": [4.97, -12.69, -0.57],
						"0.35": [5.1, -16.11, -0.88],
						"0.3833": [5.27, -20.13, -1.29],
						"0.4": [5.49, -24.73, -1.78],
						"0.4333": [5.73, -29.42, -2.3],
						"0.45": [5.94, -33.69, -2.78],
						"0.4833": [6.12, -37.05, -3.16],
						"0.5": [6.25, -39.23, -3.42],
						"0.5333": [6.36, -40.72, -3.61],
						"0.55": [6.45, -41.62, -3.75],
						"0.5833": [6.51, -41.97, -3.82],
						"0.6": [6.53, -41.8, -3.83],
						"0.6333": [6.51, -41.17, -3.77],
						"0.65": [6.43, -40.05, -3.64],
						"0.6833": [6.26, -38.18, -3.4],
						"0.7": [6.03, -35.75, -3.09],
						"0.7333": [5.79, -33.04, -2.74],
						"0.75": [5.57, -30.32, -2.39],
						"0.7833": [5.43, -27.86, -2.08],
						"0.8": [5.41, -25.94, -1.84],
						"0.8167": [7.14, -19.98, -1.12],
						"0.8333": [6.81, -19.44, -1.09],
						"0.85": [5.18, -19.97, -1.24],
						"0.8833": [5.33, -20.59, -1.3],
						"0.9": [5.68, -21.51, -1.4],
						"0.9333": [6.16, -22.58, -1.51],
						"0.95": [6.65, -23.62, -1.61],
						"0.9833": [7.09, -24.46, -1.69],
						"1.0": [7.37, -24.95, -1.73],
						"1.0333": [7.69, -24.99, -1.7],
						"1.05": [7.84, -24.38, -1.59],
						"1.0833": [7.52, -23.35, -1.48],
						"1.1": [1.21, -16.96, -1.32],
						"1.1333": [-0.61, -19.79, -1.38],
						"1.15": [-0.26, -16.2, -1.31],
						"1.1667": [1.12, -10.79, -1.15],
						"1.2": [2.12, -8.97, -0.95],
						"1.2167": [1.91, -7.55, -0.81],
						"1.25": [1.49, -5.67, -0.61],
						"1.2667": [0.97, -3.64, -0.39],
						"1.3": [0.46, -1.76, -0.19],
						"1.3167": [0.08, -0.33, -0.03],
						"1.3333": [0, 0, 0],
						"1.35": [-0.14, 0.57, 0.06],
						"1.3667": [-0.13, 0.56, 0.06],
						"1.4": [-0.03, 0.14, 0.02],
						"1.4167": [0, 0, 0],
						"1.45": [0, 0, 0],
						"1.4667": [0, 0, 0],
						"1.5": [0, 0, 0]
					}
				},
				"magazine": {
					"rotation": {
						"0.5667": [0, 0, 0],
						"0.6": [0, 0, -5.7],
						"0.6167": [0, 0, -14.27],
						"0.65": [0, 0, -24.31],
						"0.6667": [0, 0, -30],
						"0.7": [0, 0, -27.73],
						"0.7167": [0, 0, -21.74],
						"0.75": [0, 0, -15.52],
						"0.7667": [0, 0, -9.85],
						"0.8": [0, 0, -5.02],
						"0.8167": [-3.86, 0.85, -1.14],
						"0.85": [-15.07, 3.31, 5.31],
						"0.8667": [-15.43, 3.39, 5.05],
						"0.8833": {
							"post": [0, 0, -4],
							"lerp_mode": "catmullrom"
						},
						"0.9": [6.44, -1.42, -7.72],
						"0.9167": [35.68, -7.84, -24.62],
						"0.95": [75.51, -16.6, -47.66],
						"0.9667": [120.43, -26.47, -73.64],
						"1.0": [164.95, -36.25, -99.35],
						"1.0167": [203.55, -44.74, -121.61],
						"1.05": [230.75, -50.72, -137.2],
						"1.0667": [241.04, -52.98, -142.93],
						"1.075": [0, 0, 0]
					},
					"position": {
						"0.5667": [0, 0, 0],
						"0.6": [-0.11, -1.46, 0],
						"0.6167": [0.35, -2.51, 0],
						"0.65": [1.14, -3.28, 0],
						"0.6667": [1.6, -3.9, 0],
						"0.7": [1.3, -4.31, 0],
						"0.7167": [0.66, -4.55, 0],
						"0.7333": [0.35, -4.65, 0],
						"0.75": [0.2, -4.77, 0],
						"0.7667": [-0.19, -3.85, 0],
						"0.8": [-0.69, -2.5, 0],
						"0.8167": [-0.86, -1, 0],
						"0.8333": [-0.8, -0.2, 0],
						"0.85": [-0.8, 0.01, 0],
						"0.8667": [-0.8, 0.54, 0],
						"0.8833": [-0.8, -0.2, 0],
						"0.9": [-0.8, -0.57, 0],
						"0.9167": [-0.8, -2.2, 0],
						"0.95": [-0.8, -4.33, 0],
						"0.9667": [-0.8, -6.58, 0],
						"1.0": [-0.8, -8.63, 0],
						"1.0167": [-0.82, -11.41, 0],
						"1.05": [-0.86, -14.63, 0],
						"1.0667": [-0.8, -15.2, 0],
						"1.075": [0, 0, 0]
					},
					"scale": {
						"1.0333": [1, 1, 1],
						"1.0417": [0, 0, 0],
						"1.0833": [1, 1, 1]
					}
				},
				"bolt": {
					"rotation": {
						"0.0": [0, 0, 0],
						"0.0333": [0, 0, 0],
						"0.05": [0, 0, 0],
						"0.0833": [0, 0, 0],
						"0.1": [0, 0, 0],
						"0.1333": [0, 0, 0],
						"0.15": [0, 0, -18.75],
						"0.1667": [0, 0, -37.5],
						"0.1833": [0, 0, -37.5],
						"0.2": [0, 0, -37.5],
						"0.2167": [0, 0, -37.5],
						"0.25": [0, 0, -37.5],
						"0.2667": [0, 0, -37.5],
						"0.3": [0, 0, -37.5],
						"0.3333": [0, 0, -37.5],
						"0.35": [0, 0, -37.5],
						"0.3833": [0, 0, -37.5],
						"0.4": [0, 0, -37.5],
						"0.4333": [0, 0, -37.5],
						"0.45": [0, 0, -37.5],
						"0.4833": [0, 0, -37.5],
						"0.5": [0, 0, -37.5],
						"0.5333": [0, 0, -37.5],
						"0.55": [0, 0, -37.5],
						"0.5833": [0, 0, -37.5],
						"0.6": [0, 0, -37.5],
						"0.6333": [0, 0, -37.5],
						"0.65": [0, 0, -37.5],
						"0.6833": [0, 0, -37.5],
						"0.7": [0, 0, -37.5],
						"0.7333": [0, 0, -37.5],
						"0.75": [0, 0, -37.5],
						"0.7833": [0, 0, -37.5],
						"0.8": [0, 0, -37.5],
						"0.8333": [0, 0, -37.5],
						"0.85": [0, 0, -37.5],
						"0.8833": [0, 0, -37.5],
						"0.9": [0, 0, -37.5],
						"0.9333": [0, 0, -37.5],
						"0.95": [0, 0, -37.5],
						"0.9833": [0, 0, -37.5],
						"1.0": [0, 0, -37.5],
						"1.0333": [0, 0, -37.5],
						"1.05": [0, 0, -37.5],
						"1.0833": [0, 0, -37.5],
						"1.1": [0, 0, -3.75],
						"1.1167": [0, 0, 0]
					},
					"position": {
						"0.0": [0, 0, 0],
						"0.0333": [0, 0, 0],
						"0.05": [0, 0, 0],
						"0.0833": [0, 0, 1.15],
						"0.1": [0, 0, 2.3],
						"0.1333": [0, 0, 2.38],
						"0.15": [0, 0, 2.4],
						"0.1667": [0, 0, 2.4],
						"0.1833": [0, 0, 2.4],
						"0.2": [0, 0, 2.4],
						"0.2167": [0, 0, 2.4],
						"0.25": [0, 0, 2.4],
						"0.2667": [0, 0, 2.4],
						"0.3": [0, 0, 2.4],
						"0.3333": [0, 0, 2.4],
						"0.35": [0, 0, 2.4],
						"0.3833": [0, 0, 2.4],
						"0.4": [0, 0, 2.4],
						"0.4333": [0, 0, 2.4],
						"0.45": [0, 0, 2.4],
						"0.4833": [0, 0, 2.4],
						"0.5": [0, 0, 2.4],
						"0.5333": [0, 0, 2.4],
						"0.55": [0, 0, 2.4],
						"0.5833": [0, 0, 2.4],
						"0.6": [0, 0, 2.4],
						"0.6333": [0, 0, 2.4],
						"0.65": [0, 0, 2.4],
						"0.6833": [0, 0, 2.4],
						"0.7": [0, 0, 2.4],
						"0.7333": [0, 0, 2.4],
						"0.75": [0, 0, 2.4],
						"0.7833": [0, 0, 2.4],
						"0.8": [0, 0, 2.4],
						"0.8333": [0, 0, 2.4],
						"0.85": [0, 0, 2.4],
						"0.8833": [0, 0, 2.4],
						"0.9": [0, 0, 2.4],
						"0.9333": [0, 0, 2.4],
						"0.95": [0, 0, 2.4],
						"0.9833": [0, 0, 2.4],
						"1.0": [0, 0, 2.4],
						"1.0333": [0, 0, 2.4],
						"1.05": [0, 0, 2.4],
						"1.0833": [0, 0, 2.4],
						"1.1": [0, 0, 1.2],
						"1.1167": [0, 0, 0]
					}
				}
			},
			"sound_effects": {
				"0.0": {
					"effect": "mp5_slidefront"
				},
				"0.0333": {
					"effect": "mp5_cloth2"
				},
				"0.4667": {
					"effect": "mp5_clipout"
				},
				"0.6833": {
					"effect": "mp5_clipin"
				},
				"0.9": {
					"effect": "mp5_cloth2"
				},
				"1.0": {
					"effect": "mp5_slideback"
				},
				"1.1833": {
					"effect": "mp5_reload_end"
				}
			}
		},
		"animation.mp5_tpp_shoot": {
			"loop": true,
			"animation_length": 0.15,
			"anim_time_update": "query.anim_time + query.delta_time * 1.9",
			"bones": {
				"mp5": {
					"rotation": {
						"0.0": [0, -45, 0],
						"0.0167": [-3, -45, 0],
						"0.0333": [-1.87, -45, 0],
						"0.05": [1.88, -45, 0],
						"0.0667": [3, -45, 0],
						"0.0833": [2.6, -45, 0],
						"0.1": [0, -45, 0],
						"0.1333": [-0.19, -45, 0],
						"0.15": [0, -45, 0]
					},
					"position": {
						"0.0": [-0.03, 22.63, -7.28],
						"0.0167": [-0.13, 22.63, -7.08],
						"0.0333": [-0.04, 22.79, -7.15],
						"0.05": [0.15, 22.86, -7.4],
						"0.0667": [0.17, 22.73, -7.48],
						"0.0833": [0.14, 22.69, -7.45],
						"0.1": [-0.03, 22.63, -7.28],
						"0.1333": [-0.04, 22.62, -7.27],
						"0.15": [-0.03, 22.63, -7.28]
					},
					"scale": 0.8
				},
				"magazine2": {
					"rotation": [0, 0, 0],
					"position": [4.47, 18.22, -18.94],
					"scale": 0
				},
				"body": {
					"rotation": {
						"0.0": [0, 32.5, 0],
						"0.0167": [-1, 32.5, 0],
						"0.0333": [-3.25, 32.5, 0],
						"0.05": [0, 32.5, 0]
					},
					"position": {
						"0.0": [0, 0, 0],
						"0.0167": [0.1, 0, 0.2],
						"0.0333": [0.08, 0, 0.38],
						"0.05": [0, 0, 0]
					}
				},
				"leftArm": {
					"rotation": {
						"0.0": [-90.8, -0.74, -47.35],
						"0.0167": [-92.8, -4.75, -47.36],
						"0.0333": [-91.48, -4.43, -47.32],
						"0.05": [-85.81, -1.75, -47.14],
						"0.0667": [-87.47, -1.42, -47.21],
						"0.0833": [-88.27, -1.26, -47.24],
						"0.1": [-90.8, -0.74, -47.35],
						"0.1333": [-91.01, -0.7, -47.36],
						"0.15": [-90.8, -0.74, -47.35]
					},
					"position": {
						"0.0": [0, -2.28, -1.66],
						"0.0167": [-0.2, -2.28, -1.46],
						"0.0333": [-0.28, -2.11, -1.48],
						"0.05": [-0.5, -1.48, -1.66],
						"0.0667": [-0.33, -1.95, -1.76],
						"0.0833": [-0.25, -2.05, -1.75],
						"0.1": [0, -2.28, -1.66],
						"0.1333": [0.02, -2.3, -1.65],
						"0.15": [0, -2.28, -1.66]
					}
				},
				"rightArm": {
					"rotation": {
						"0.0": [-134.06, -37.55, 80.72],
						"0.0167": [-131.17, -33.13, 75.74],
						"0.0333": [-131.22, -33.24, 75.84],
						"0.05": [-132.54, -35.37, 78.16],
						"0.0667": [-133.55, -36.82, 79.86],
						"0.0833": [-133.73, -37.07, 80.16],
						"0.1": [-134.06, -37.55, 80.72],
						"0.1333": [-134.09, -37.6, 80.77],
						"0.15": [-134.06, -37.55, 80.72]
					},
					"position": {
						"0.0": [-1.5, -1.34, 0],
						"0.0167": [-1.5, -1.84, 0],
						"0.0333": [-1.42, -1.59, -0.13],
						"0.05": [-1.2, -1.04, -0.3],
						"0.0833": [-1.34, -1.18, -0.15],
						"0.1": [-1.5, -1.34, 0],
						"0.1333": [-1.52, -1.36, 0.02],
						"0.15": [-1.5, -1.34, 0]
					},
					"scale": [1, 0.6938, 1]
				},
				"leftLeg": {
					"rotation": [0.33, -7.49, -2.52],
					"position": [0.44, 0, 0]
				},
				"rightLeg": {
					"rotation": [0.33, 7.49, 2.52],
					"position": [-0.25, 0, -0.19]
				},
				"head": {
					"rotation": {
						"0.0": [0, 0, 0],
						"0.0167": [2, 0, 0],
						"0.0333": [0.5, 0, 0],
						"0.05": [0, 0, 0]
					},
					"position": {
						"0.0": [0, 0, 0],
						"0.0333": [0, 0, 0],
						"0.05": [0, 0, 0]
					}
				}
			},
			"sound_effects": {
				"0.0": {
					"effect": "mp5_fire"
				},
				"0.1333": {
					"effect": "mp5_fire"
				}
			},
			"particle_effects": {
				"0.0": {
					"effect": "flash",
					"locator": "flash_0"
				}
			}
		}
	}
}
