{
  "m4a1_shot": {
    "category": "neutral",
    "sounds": [
      "sounds/m4a1/m4a1_shot"
    ]
  },
  "m4a1_draw": {
    "category": "neutral",
    "sounds": [
      "sounds/m4a1/m4a1_draw"
    ]
  },
  "m4a1_magin": {
    "category": "neutral",
    "sounds": [
      "sounds/m4a1/m4a1_magin"
    ]
  },
  "m4a1_magout": {
    "category": "neutral",
    "sounds": [
      "sounds/m4a1/m4a1_magout"
    ]
  },
  "m4a1_raise": {
    "category": "neutral",
    "sounds": [
      "sounds/m4a1/m4a1_raise"
    ]
  },
  "m4a1_regrip": {
    "category": "neutral",
    "sounds": [
      "sounds/m4a1/m4a1_regrip"
    ]
  },
  "m4a1_release": {
    "category": "neutral",
    "sounds": [
      "sounds/m4a1/m4a1_release"
    ]
  },
  "m4a1_attack": {
    "category": "neutral",
    "sounds": [
      "sounds/m4a1/m4a1_attack"
    ]
  },
  "m4a1_slide": {
    "category": "neutral",
    "sounds": [
      "sounds/m4a1/m4a1_slide"
    ]
  },
  "m4a1_slideback": {
    "category": "neutral",
    "sounds": [
      "sounds/m4a1/m4a1_slideback"
    ]
  },
  "m4a1_raise2": {
    "category": "neutral",
    "sounds": [
      "sounds/m4a1/m4a1_raise2"
    ]
  },
  "mk4_fire": {
    "category": "neutral",
    "sounds": [
      "sounds/mk4/fire/rifle_fire_1"
    ]
  },
  "mk4_fire2": {
    "category": "neutral",
    "sounds": [
      "sounds/mk4/fire/rifle_fire_1_incendiary"
    ]
  },
  "mk4_c_pull": {
    "category": "neutral",
    "sounds": [
      "sounds/mk4/others/rifle_slideback_1"
    ]
  },
  "mk4_c_release": {
    "category": "neutral",
    "sounds": [
      "sounds/mk4/others/rifle_slideforward_1"
    ]
  },
  "mk4_deploy": {
    "category": "neutral",
    "sounds": [
      "sounds/mk4/others/rifle_deploy_1"
    ]
  },
  "mk4_release": {
    "category": "neutral",
    "sounds": [
      "sounds/mk4/others/rifle_fullautobutton_1"
    ]
  },
  "mk4_magin": {
    "category": "neutral",
    "sounds": [
      "sounds/mk4/others/rifle_clip_in_1"
    ]
  },
  "mk4_magout": {
    "category": "neutral",
    "sounds": [
      "sounds/mk4/others/rifle_clip_out_1"
    ]
  },
  "mk4_footstep": {
    "category": "neutral",
    "sounds": [
      "sounds/mk4/others/rifle_footstep_1"
    ]
  },
  "x16_deploy": {
    "category": "neutral",
    "sounds": [
      "sounds/x16/deploy"
    ]
  },
  "x16_magout": {
    "category": "neutral",
    "sounds": [
      "sounds/x16/magout"
    ]
  },
  "x16_magin": {
    "category": "neutral",
    "sounds": [
      "sounds/x16/magin"
    ]
  },
  "x16_slideback": {
    "category": "neutral",
    "sounds": [
      "sounds/x16/slideback"
    ]
  },
  "x16_sliderelease": {
    "category": "neutral",
    "sounds": [
      "sounds/x16/sliderelease"
    ]
  },
  "x16_fire": {
    "category": "neutral",
    "sounds": [
      "sounds/x16/shoot"
    ]
  },
  "mp5_fire": {
    "category": "neutral",
    "sounds": [
      "sounds/mp5/fire/mp5_1"
    ]
  },
  "mp5_clipin": {
    "category": "neutral",
    "sounds": [
      "sounds/mp5/others/mp5_clipin"
    ]
  },
  "mp5_clipout": {
    "category": "neutral",
    "sounds": [
      "sounds/mp5/others/mp5_clipout"
    ]
  },
  "mp5_slideback": {
    "category": "neutral",
    "sounds": [
      "sounds/mp5/others/mp5_slideback"
    ]
  },
  "mp5_slidefront": {
    "category": "neutral",
    "sounds": [
      "sounds/mp5/others/mp5_slidefront"
    ]
  },
  "mp5_cloth": {
    "category": "neutral",
    "sounds": [
      "sounds/mp5/others/mp5_cloth"
    ]
  },
  "mp5_cloth2": {
    "category": "neutral",
    "sounds": [
      "sounds/mp5/others/mp5_cloth2"
    ]
  },
  "mp5_cloth3": {
    "category": "neutral",
    "sounds": [
      "sounds/mp5/others/mp5_cloth3"
    ]
  },
  "mp5_reload_end": {
    "category": "neutral",
    "sounds": [
      "sounds/mp5/others/mp5_reload_end"
    ]
  },
  "asval_raise": {
    "category": "neutral",
    "sounds": [
      "sounds/asval/draw/asval_raise"
    ]
  },
  "asval_fold_stock": {
    "category": "neutral",
    "sounds": [
      "sounds/asval/draw/asval_fold_stock"
    ]
  },
  "asval_end": {
    "category": "neutral",
    "sounds": [
      "sounds/asval/draw/asval_end"
    ]
  },
  "asval_reload_start": {
    "category": "neutral",
    "sounds": [
      "sounds/asval/reload/asval_reload_start"
    ]
  },
  "asval_magout": {
    "category": "neutral",
    "sounds": [
      "sounds/asval/reload/asval_magout"
    ]
  },
  "asval_magin": {
    "category": "neutral",
    "sounds": [
      "sounds/asval/reload/asval_magin"
    ]
  },
  "asval_reload_end": {
    "category": "neutral",
    "sounds": [
      "sounds/asval/reload/asval_reload_end"
    ]
  },
  "asval_bolt": {
    "category": "neutral",
    "sounds": [
      "sounds/asval/reload/asval_bolt"
    ]
  },
  "asval_fire": {
    "category": "neutral",
    "sounds": [
      "sounds/asval/fire"
    ]
  },
  "ak47_mvmnt1": {
    "category": "neutral",
    "sounds": [
      "sounds/ak47/reload/ak47_mvmnt1"
    ]
  },
  "ak47_mvmnt2": {
    "category": "neutral",
    "sounds": [
      "sounds/ak47/reload/ak47_mvmnt2"
    ]
  },
  "ak47_maghit": {
    "category": "neutral",
    "sounds": [
      "sounds/ak47/reload/ak47_maghit"
    ]
  },
  "ak47_magin": {
    "category": "neutral",
    "sounds": [
      "sounds/ak47/reload/ak47_magin"
    ]
  },
  "ak47_bolt": {
    "category": "neutral",
    "sounds": [
      "sounds/ak47/reload/ak47_bolt"
    ]
  },
  "ak47_reload_end": {
    "category": "neutral",
    "sounds": [
      "sounds/ak47/reload/ak47_reload_end"
    ]
  },
  "ak47_fire": {
    "category": "neutral",
    "sounds": [
      "sounds/ak47/ak47_fire"
    ]
  },
  "ak47_drawimpact": {
    "category": "neutral",
    "sounds": [
      "sounds/ak47/draw/ak47_drawimpact"
    ]
  },
  "ak47_drawtwist": {
    "category": "neutral",
    "sounds": [
      "sounds/ak47/draw/ak47_drawtwist"
    ]
  }
}
